{"bomFormat":"CycloneDX","specVersion":"1.6","serialNumber":"urn:uuid:48ef0589-70f7-4692-a77c-13fa6ef8f08e","version":1,"metadata":{"timestamp":"2025-09-22T19:37:57Z","tools":{"components":[{"group":"@cyclonedx","name":"cdxgen","version":"11.7.0","purl":"pkg:npm/%40cyclonedx/cdxgen@11.7.0","type":"application","bom-ref":"pkg:npm/@cyclonedx/cdxgen@11.7.0","publisher":"OWASP Foundation","authors":[{"name":"OWASP Foundation"}]}]},"authors":[{"name":"OWASP Foundation"}],"lifecycles":[{"phase":"build"}],"component":{"group":"","name":"PIA-AzureML","version":"latest","type":"application","bom-ref":"pkg:pypi/pia-azureml@latest","purl":"pkg:pypi/pia-azureml@latest"},"properties":[{"name":"cdx:bom:componentTypes","value":"pypi"},{"name":"cdx:bom:componentSrcFiles","value":"azdo-workspace/PIA-AzureML/data/spark/requirements.txt\\nazdo-workspace/PIA-AzureML/ml_app/core/requirements.txt\\nazdo-workspace/PIA-AzureML/ml_app/ui/requirements.txt"}]},"components":[{"authors":[{"name":"Vega-Altair Contributors"}],"group":"","name":"altair","version":"5.0.1","description":"Vega-Altair: A declarative statistical visualization library for Python.","licenses":[{"license":{"id":"0BSD","url":"https://opensource.org/licenses/0BSD"}}],"purl":"pkg:pypi/altair@5.0.1","type":"library","bom-ref":"pkg:pypi/altair@5.0.1","properties":[{"name":"SrcFile","value":"azdo-workspace/PIA-AzureML/ml_app/ui/requirements.txt"}],"evidence":{"identity":[{"field":"purl","confidence":0.5,"methods":[{"technique":"manifest-analysis","confidence":0.5,"value":"azdo-workspace/PIA-AzureML/ml_app/ui/requirements.txt"}],"concludedValue":"azdo-workspace/PIA-AzureML/ml_app/ui/requirements.txt"}]}},{"authors":[{"name":"The Pandas Development Team <pandas-dev@python.org>"}],"group":"","name":"pandas","version":"2.2.2","description":"Powerful data structures for data analysis, time series, and statistics","licenses":[{"license":{"id":"0BSD","url":"https://opensource.org/licenses/0BSD"}}],"purl":"pkg:pypi/pandas@2.2.2","externalReferences":[{"type":"website","url":"https://pandas.pydata.org"}],"type":"framework","bom-ref":"pkg:pypi/pandas@2.2.2","properties":[{"name":"SrcFile","value":"azdo-workspace/PIA-AzureML/ml_app/ui/requirements.txt"},{"name":"SrcFile","value":"azdo-workspace/PIA-AzureML/ml_app/core/requirements.txt"}],"evidence":{"identity":[{"field":"purl","confidence":0.5,"methods":[{"technique":"manifest-analysis","confidence":0.5,"value":"azdo-workspace/PIA-AzureML/ml_app/core/requirements.txt"}],"concludedValue":"azdo-workspace/PIA-AzureML/ml_app/core/requirements.txt"}]},"tags":["framework"]},{"authors":[{"name":"Snowflake Inc <hello@streamlit.io>"}],"group":"","name":"streamlit","version":"1.37.1","description":"A faster way to build and share data apps","licenses":[{"license":{"id":"Apache-2.0","url":"https://opensource.org/licenses/Apache-2.0"}}],"purl":"pkg:pypi/streamlit@1.37.1","externalReferences":[{"type":"website","url":"https://streamlit.io"}],"type":"library","bom-ref":"pkg:pypi/streamlit@1.37.1","properties":[{"name":"SrcFile","value":"azdo-workspace/PIA-AzureML/ml_app/ui/requirements.txt"}],"evidence":{"identity":[{"field":"purl","confidence":0.5,"methods":[{"technique":"manifest-analysis","confidence":0.5,"value":"azdo-workspace/PIA-AzureML/ml_app/ui/requirements.txt"}],"concludedValue":"azdo-workspace/PIA-AzureML/ml_app/ui/requirements.txt"}]}},{"authors":[{"name":"The MongoDB Python Team"}],"group":"","name":"pymongo","version":"4.3.3","description":"Python driver for MongoDB <http://www.mongodb.org>","licenses":[{"license":{"id":"Apache-2.0","url":"https://opensource.org/licenses/Apache-2.0"}}],"purl":"pkg:pypi/pymongo@4.3.3","externalReferences":[{"type":"vcs","url":"http://github.com/mongodb/mongo-python-driver"}],"type":"library","bom-ref":"pkg:pypi/pymongo@4.3.3","properties":[{"name":"SrcFile","value":"azdo-workspace/PIA-AzureML/ml_app/ui/requirements.txt"},{"name":"cdx:pypi:extras","value":"srv"},{"name":"SrcFile","value":"azdo-workspace/PIA-AzureML/ml_app/core/requirements.txt"}],"evidence":{"identity":[{"field":"purl","confidence":0.5,"methods":[{"technique":"manifest-analysis","confidence":0.5,"value":"azdo-workspace/PIA-AzureML/ml_app/core/requirements.txt"}],"concludedValue":"azdo-workspace/PIA-AzureML/ml_app/core/requirements.txt"}]}},{"authors":[{"name":"Alexander Zaitsev (azaitsev@gmail.com) <azaitsev@gmail.com>"}],"group":"","name":"millify","version":"0.1.1","description":"Convert long numbers into a human-readable format in Python","licenses":[],"purl":"pkg:pypi/millify@0.1.1","externalReferences":[{"type":"vcs","url":"https://github.com/azaitsev/millify"}],"type":"library","bom-ref":"pkg:pypi/millify@0.1.1","properties":[{"name":"SrcFile","value":"azdo-workspace/PIA-AzureML/ml_app/ui/requirements.txt"}],"evidence":{"identity":[{"field":"purl","confidence":0.5,"methods":[{"technique":"manifest-analysis","confidence":0.5,"value":"azdo-workspace/PIA-AzureML/ml_app/ui/requirements.txt"}],"concludedValue":"azdo-workspace/PIA-AzureML/ml_app/ui/requirements.txt"}]}},{"authors":[{"name":"Alexander Balasch"}],"group":"","name":"streamlit_javascript","version":"0.1.5","description":"component to run javascript code in streamlit application","licenses":[{"license":{"id":"MIT","url":"https://opensource.org/licenses/MIT"}}],"purl":"pkg:pypi/streamlit-javascript@0.1.5","externalReferences":[{"type":"vcs","url":"https://github.com/thunderbug1/streamlit-javascript"}],"type":"library","bom-ref":"pkg:pypi/streamlit-javascript@0.1.5","properties":[{"name":"SrcFile","value":"azdo-workspace/PIA-AzureML/ml_app/ui/requirements.txt"}],"evidence":{"identity":[{"field":"purl","confidence":0.5,"methods":[{"technique":"manifest-analysis","confidence":0.5,"value":"azdo-workspace/PIA-AzureML/ml_app/ui/requirements.txt"}],"concludedValue":"azdo-workspace/PIA-AzureML/ml_app/ui/requirements.txt"}]}},{"authors":[{"name":"Chris P <chris@plot.ly>"}],"group":"","name":"plotly","version":"5.23.0","description":"An open-source, interactive data visualization library for Python","licenses":[{"license":{"id":"MIT","url":"https://opensource.org/licenses/MIT"}}],"purl":"pkg:pypi/plotly@5.23.0","externalReferences":[{"type":"website","url":"https://plotly.com/python/"}],"type":"library","bom-ref":"pkg:pypi/plotly@5.23.0","properties":[{"name":"SrcFile","value":"azdo-workspace/PIA-AzureML/ml_app/ui/requirements.txt"}],"evidence":{"identity":[{"field":"purl","confidence":0.5,"methods":[{"technique":"manifest-analysis","confidence":0.5,"value":"azdo-workspace/PIA-AzureML/ml_app/ui/requirements.txt"}],"concludedValue":"azdo-workspace/PIA-AzureML/ml_app/ui/requirements.txt"}]}},{"authors":[{"name":"Zachary Blackwood <zachary@streamlit.io>"}],"group":"","name":"st-pages","version":"1.0.1","description":"An experimental version of Streamlit Multi-Page Apps","licenses":[{"license":{"id":"MIT","url":"https://opensource.org/licenses/MIT"}}],"purl":"pkg:pypi/st-pages@1.0.1","type":"library","bom-ref":"pkg:pypi/st-pages@1.0.1","properties":[{"name":"SrcFile","value":"azdo-workspace/PIA-AzureML/ml_app/ui/requirements.txt"}],"evidence":{"identity":[{"field":"purl","confidence":0.5,"methods":[{"technique":"manifest-analysis","confidence":0.5,"value":"azdo-workspace/PIA-AzureML/ml_app/ui/requirements.txt"}],"concludedValue":"azdo-workspace/PIA-AzureML/ml_app/ui/requirements.txt"}]}},{"authors":[{"name":"Microsoft Corporation <azpysdkhelp@microsoft.com>"}],"group":"","name":"azure-ai-documentintelligence","version":"1.0.0b3","description":"Microsoft Azure AI Document Intelligence Client Library for Python","licenses":[{"license":{"id":"MIT","url":"https://opensource.org/licenses/MIT"}}],"purl":"pkg:pypi/azure-ai-documentintelligence@1.0.0b3","externalReferences":[{"type":"vcs","url":"https://github.com/Azure/azure-sdk-for-python/tree/main/sdk"}],"type":"framework","bom-ref":"pkg:pypi/azure-ai-documentintelligence@1.0.0b3","properties":[{"name":"SrcFile","value":"azdo-workspace/PIA-AzureML/ml_app/ui/requirements.txt"}],"evidence":{"identity":[{"field":"purl","confidence":0.5,"methods":[{"technique":"manifest-analysis","confidence":0.5,"value":"azdo-workspace/PIA-AzureML/ml_app/ui/requirements.txt"}],"concludedValue":"azdo-workspace/PIA-AzureML/ml_app/ui/requirements.txt"}]},"tags":["ai","azure","framework"]},{"authors":[{"name":"Kirill Simonov <xi@resolvent.net>"}],"group":"","name":"PyYAML","version":"6.0.2","description":"YAML parser and emitter for Python","licenses":[{"license":{"id":"MIT","url":"https://opensource.org/licenses/MIT"}}],"purl":"pkg:pypi/pyyaml@6.0.2","externalReferences":[{"type":"website","url":"https://pyyaml.org/"}],"type":"library","bom-ref":"pkg:pypi/pyyaml@6.0.2","properties":[{"name":"SrcFile","value":"azdo-workspace/PIA-AzureML/ml_app/ui/requirements.txt"}],"evidence":{"identity":[{"field":"purl","confidence":0.5,"methods":[{"technique":"manifest-analysis","confidence":0.5,"value":"azdo-workspace/PIA-AzureML/ml_app/ui/requirements.txt"}],"concludedValue":"azdo-workspace/PIA-AzureML/ml_app/ui/requirements.txt"}]}},{"authors":[{"name":"Sebastián Ramírez <tiangolo@gmail.com>"}],"group":"","name":"fastapi","version":"0.97.0","description":"FastAPI framework, high performance, easy to learn, fast to code, ready for production","licenses":[{"license":{"id":"MIT","url":"https://opensource.org/licenses/MIT"}}],"purl":"pkg:pypi/fastapi@0.97.0","type":"framework","bom-ref":"pkg:pypi/fastapi@0.97.0","properties":[{"name":"SrcFile","value":"azdo-workspace/PIA-AzureML/ml_app/core/requirements.txt"}],"evidence":{"identity":[{"field":"purl","confidence":0.5,"methods":[{"technique":"manifest-analysis","confidence":0.5,"value":"azdo-workspace/PIA-AzureML/ml_app/core/requirements.txt"}],"concludedValue":"azdo-workspace/PIA-AzureML/ml_app/core/requirements.txt"}]},"tags":["framework"]},{"authors":[{"name":"Tom Christie <tom@tomchristie.com>"}],"group":"","name":"uvicorn","version":"0.22.0","description":"The lightning-fast ASGI server.","licenses":[{"license":{"id":"0BSD","url":"https://opensource.org/licenses/0BSD"}}],"purl":"pkg:pypi/uvicorn@0.22.0","type":"library","bom-ref":"pkg:pypi/uvicorn@0.22.0","properties":[{"name":"SrcFile","value":"azdo-workspace/PIA-AzureML/ml_app/core/requirements.txt"},{"name":"cdx:pypi:extras","value":"standard"}],"evidence":{"identity":[{"field":"purl","confidence":0.5,"methods":[{"technique":"manifest-analysis","confidence":0.5,"value":"azdo-workspace/PIA-AzureML/ml_app/core/requirements.txt"}],"concludedValue":"azdo-workspace/PIA-AzureML/ml_app/core/requirements.txt"}]}},{"authors":[{"name":"Samuel Colvin <s@muelcolvin.com>"}],"group":"","name":"pydantic","version":"1.10.9","description":"Data validation and settings management using python type hints","licenses":[{"license":{"id":"MIT","url":"https://opensource.org/licenses/MIT"}}],"purl":"pkg:pypi/pydantic@1.10.9","externalReferences":[{"type":"vcs","url":"https://github.com/pydantic/pydantic"}],"type":"library","bom-ref":"pkg:pypi/pydantic@1.10.9","properties":[{"name":"SrcFile","value":"azdo-workspace/PIA-AzureML/ml_app/core/requirements.txt"}],"evidence":{"identity":[{"field":"purl","confidence":0.5,"methods":[{"technique":"manifest-analysis","confidence":0.5,"value":"azdo-workspace/PIA-AzureML/ml_app/core/requirements.txt"}],"concludedValue":"azdo-workspace/PIA-AzureML/ml_app/core/requirements.txt"}]},"tags":["validation"]},{"authors":[{"name":"Tim Schwenke <tim@trallnag.com>"}],"group":"","name":"prometheus-fastapi-instrumentator","version":"6.0.0","description":"Instrument your FastAPI with Prometheus metrics.","licenses":[{"expression":"OSI Approved"}],"purl":"pkg:pypi/prometheus-fastapi-instrumentator@6.0.0","externalReferences":[{"type":"vcs","url":"https://github.com/trallnag/prometheus-fastapi-instrumentator"}],"type":"library","bom-ref":"pkg:pypi/prometheus-fastapi-instrumentator@6.0.0","properties":[{"name":"SrcFile","value":"azdo-workspace/PIA-AzureML/ml_app/core/requirements.txt"}],"evidence":{"identity":[{"field":"purl","confidence":0.5,"methods":[{"technique":"manifest-analysis","confidence":0.5,"value":"azdo-workspace/PIA-AzureML/ml_app/core/requirements.txt"}],"concludedValue":"azdo-workspace/PIA-AzureML/ml_app/core/requirements.txt"}]}},{"authors":[{"name":"Gustavo Niemeyer <gustavo@niemeyer.net>"}],"group":"","name":"python-dateutil","version":"2.8.2","description":"Extensions to the standard Python datetime module","licenses":[{"expression":"Dual License"}],"purl":"pkg:pypi/python-dateutil@2.8.2","externalReferences":[{"type":"vcs","url":"https://github.com/dateutil/dateutil"}],"type":"library","bom-ref":"pkg:pypi/python-dateutil@2.8.2","properties":[{"name":"SrcFile","value":"azdo-workspace/PIA-AzureML/ml_app/core/requirements.txt"}],"evidence":{"identity":[{"field":"purl","confidence":0.5,"methods":[{"technique":"manifest-analysis","confidence":0.5,"value":"azdo-workspace/PIA-AzureML/ml_app/core/requirements.txt"}],"concludedValue":"azdo-workspace/PIA-AzureML/ml_app/core/requirements.txt"}]}},{"authors":[{"name":"Daniel Bader <mail@dbader.org>"}],"group":"","name":"schedule","version":"1.2.0","description":"Job scheduling for humans.","licenses":[{"license":{"id":"MIT","url":"https://opensource.org/licenses/MIT"}}],"purl":"pkg:pypi/schedule@1.2.0","externalReferences":[{"type":"vcs","url":"https://github.com/dbader/schedule"}],"type":"library","bom-ref":"pkg:pypi/schedule@1.2.0","properties":[{"name":"SrcFile","value":"azdo-workspace/PIA-AzureML/ml_app/core/requirements.txt"}],"evidence":{"identity":[{"field":"purl","confidence":0.5,"methods":[{"technique":"manifest-analysis","confidence":0.5,"value":"azdo-workspace/PIA-AzureML/ml_app/core/requirements.txt"}],"concludedValue":"azdo-workspace/PIA-AzureML/ml_app/core/requirements.txt"}]}},{"authors":[{"name":"Kenneth Reitz <me@kennethreitz.org>"}],"group":"","name":"requests","version":"2.31.0","description":"Python HTTP for Humans.","licenses":[{"license":{"id":"Apache-2.0","url":"https://opensource.org/licenses/Apache-2.0"}}],"purl":"pkg:pypi/requests@2.31.0","externalReferences":[{"type":"website","url":"https://requests.readthedocs.io"}],"type":"library","bom-ref":"pkg:pypi/requests@2.31.0","properties":[{"name":"SrcFile","value":"azdo-workspace/PIA-AzureML/ml_app/core/requirements.txt"}],"evidence":{"identity":[{"field":"purl","confidence":0.5,"methods":[{"technique":"manifest-analysis","confidence":0.5,"value":"azdo-workspace/PIA-AzureML/ml_app/core/requirements.txt"}],"concludedValue":"azdo-workspace/PIA-AzureML/ml_app/core/requirements.txt"}]}},{"authors":[{"name":"Alex Grönholm <apscheduler@nextday.fi>"}],"group":"","name":"APScheduler","version":"3.10.1","description":"In-process task scheduler with Cron-like capabilities","licenses":[{"license":{"id":"MIT","url":"https://opensource.org/licenses/MIT"}}],"purl":"pkg:pypi/apscheduler@3.10.1","externalReferences":[{"type":"vcs","url":"https://github.com/agronholm/apscheduler"}],"type":"library","bom-ref":"pkg:pypi/apscheduler@3.10.1","properties":[{"name":"SrcFile","value":"azdo-workspace/PIA-AzureML/ml_app/core/requirements.txt"}],"evidence":{"identity":[{"field":"purl","confidence":0.5,"methods":[{"technique":"manifest-analysis","confidence":0.5,"value":"azdo-workspace/PIA-AzureML/ml_app/core/requirements.txt"}],"concludedValue":"azdo-workspace/PIA-AzureML/ml_app/core/requirements.txt"}]}},{"authors":[{"name":"Microsoft Corp"}],"group":"","name":"azureml-core","version":"1.56.0","description":"Azure Machine Learning core packages, modules, and classes","licenses":[{"license":{"name":"CUSTOM","url":"https://aka.ms/azureml-sdk-license"}}],"purl":"pkg:pypi/azureml-core@1.56.0","externalReferences":[{"type":"website","url":"https://docs.microsoft.com/python/api/overview/azure/ml/?view=azure-ml-py"}],"type":"framework","bom-ref":"pkg:pypi/azureml-core@1.56.0","properties":[{"name":"SrcFile","value":"azdo-workspace/PIA-AzureML/ml_app/core/requirements.txt"}],"evidence":{"identity":[{"field":"purl","confidence":0.5,"methods":[{"technique":"manifest-analysis","confidence":0.5,"value":"azdo-workspace/PIA-AzureML/ml_app/core/requirements.txt"}],"concludedValue":"azdo-workspace/PIA-AzureML/ml_app/core/requirements.txt"}]},"tags":["framework"]},{"authors":[{"name":"Spark Developers <dev@spark.apache.org>"}],"group":"","name":"pyspark","version":"3.5.2","description":"Apache Spark Python API","licenses":[{"license":{"id":"Apache-2.0","url":"https://opensource.org/licenses/Apache-2.0"}},{"license":{"id":"Apache-2.0","url":"http://www.apache.org/licenses/LICENSE-2.0"}}],"purl":"pkg:pypi/pyspark@3.5.2","externalReferences":[{"type":"vcs","url":"https://github.com/apache/spark/tree/master/python"}],"type":"library","bom-ref":"pkg:pypi/pyspark@3.5.2","properties":[{"name":"SrcFile","value":"azdo-workspace/PIA-AzureML/data/spark/requirements.txt"}],"evidence":{"identity":[{"field":"purl","confidence":0.5,"methods":[{"technique":"manifest-analysis","confidence":0.5,"value":"azdo-workspace/PIA-AzureML/data/spark/requirements.txt"}],"concludedValue":"azdo-workspace/PIA-AzureML/data/spark/requirements.txt"}]}}],"services":[],"dependencies":[{"ref":"pkg:pypi/pia-azureml@latest","dependsOn":[]}],"annotations":[{"bom-ref":"metadata-annotations","subjects":["pkg:pypi/pia-azureml@latest"],"annotator":{"component":{"group":"@cyclonedx","name":"cdxgen","version":"11.7.0","purl":"pkg:npm/%40cyclonedx/cdxgen@11.7.0","type":"application","bom-ref":"pkg:npm/@cyclonedx/cdxgen@11.7.0","publisher":"OWASP Foundation","authors":[{"name":"OWASP Foundation"}]}},"timestamp":"2025-09-22T19:37:57Z","text":"This Software Bill-of-Materials (SBOM) document was created on Monday, September 22, 2025 with cdxgen. The data was captured during the build lifecycle phase. The document describes an application named 'PIA-AzureML'. There are 20 components."}]}