{"bomFormat":"CycloneDX","specVersion":"1.6","serialNumber":"urn:uuid:e32c2833-1411-476f-824b-3ae24db081cd","version":1,"metadata":{"timestamp":"2025-09-22T19:18:58Z","tools":{"components":[{"group":"@cyclonedx","name":"cdxgen","version":"11.7.0","purl":"pkg:npm/%40cyclonedx/cdxgen@11.7.0","type":"application","bom-ref":"pkg:npm/@cyclonedx/cdxgen@11.7.0","publisher":"OWASP Foundation","authors":[{"name":"OWASP Foundation"}]}]},"authors":[{"name":"OWASP Foundation"}],"lifecycles":[{"phase":"build"}],"component":{"name":"cdn-common-assets","group":"","version":"1.2.0","description":"A repository template for CDN common assets","purl":"pkg:npm/cdn-common-assets@1.2.0","bom-ref":"pkg:npm/cdn-common-assets@1.2.0","author":"Cegid ©","type":"application","licenses":[{"expression":"SEE LICENSE IN LICENSE"}]},"properties":[{"name":"cdx:bom:componentTypes","value":"npm"},{"name":"cdx:bom:componentNamespaces","value":"@cspell"},{"name":"cdx:bom:componentSrcFiles","value":"azdo-workspace/CDN-Common-Assets/package-lock.json"}]},"components":[{"group":"@cspell","name":"dict-fr-fr","version":"2.2.5","scope":"optional","hashes":[{"alg":"SHA-512","content":"00e034a56df3db5964de01ea0b68833e1b88a009b4a1107507043392b1a768acfd292d172827f9dd767422fb0907949c622a2b01307eca9c92473e18fa85ae21"}],"licenses":[{"license":{"id":"MIT","url":"https://opensource.org/licenses/MIT"}}],"purl":"pkg:npm/%40cspell/dict-fr-fr@2.2.5","type":"library","bom-ref":"pkg:npm/@cspell/dict-fr-fr@2.2.5","properties":[{"name":"SrcFile","value":"azdo-workspace/CDN-Common-Assets/package-lock.json"},{"name":"ResolvedUrl","value":"https://cegid.jfrog.io/cegid/api/npm/all-npm/@cspell/dict-fr-fr/-/dict-fr-fr-2.2.5.tgz"},{"name":"LocalNodeModulesPath","value":"node_modules/@cspell/dict-fr-fr"}],"evidence":{"identity":[{"field":"purl","confidence":1,"methods":[{"technique":"manifest-analysis","confidence":1,"value":"azdo-workspace/CDN-Common-Assets/package-lock.json"}],"concludedValue":"azdo-workspace/CDN-Common-Assets/package-lock.json"}]}},{"group":"","name":"husky","version":"9.1.7","scope":"optional","hashes":[{"alg":"SHA-512","content":"e60b39cad68d8c1ae1e4ec37cebbdd51463ed15c48b9654be22f62aede9fae257e06a7427e6575d4241358c8816161db5e1728f89d641df4ce52478f8420ef30"}],"licenses":[{"license":{"id":"MIT","url":"https://opensource.org/licenses/MIT"}}],"purl":"pkg:npm/husky@9.1.7","type":"library","bom-ref":"pkg:npm/husky@9.1.7","properties":[{"name":"SrcFile","value":"azdo-workspace/CDN-Common-Assets/package-lock.json"},{"name":"ResolvedUrl","value":"https://cegid.jfrog.io/cegid/api/npm/all-npm/husky/-/husky-9.1.7.tgz"},{"name":"LocalNodeModulesPath","value":"node_modules/husky"},{"name":"cdx:npm:binPaths","value":"/Users/etienne/Developer/clients/shai_hulud/azdo-workspace/CDN-Common-Assets/node_modules/.bin/husky"}],"evidence":{"identity":[{"field":"purl","confidence":1,"methods":[{"technique":"manifest-analysis","confidence":1,"value":"azdo-workspace/CDN-Common-Assets/package-lock.json"}],"concludedValue":"azdo-workspace/CDN-Common-Assets/package-lock.json"}]}},{"group":"","name":"prettier","version":"3.4.1","scope":"optional","hashes":[{"alg":"SHA-512","content":"1be61daad21355998e2637ba4245d05b39777d27ccc45c26d6d8d3ca8f5ec61926592a82e1885dd7e96e83ef88951da6bd1540c440c359891075e4b3b5a8ea82"}],"licenses":[{"license":{"id":"MIT","url":"https://opensource.org/licenses/MIT"}}],"purl":"pkg:npm/prettier@3.4.1","type":"library","bom-ref":"pkg:npm/prettier@3.4.1","properties":[{"name":"SrcFile","value":"azdo-workspace/CDN-Common-Assets/package-lock.json"},{"name":"ResolvedUrl","value":"https://cegid.jfrog.io/cegid/api/npm/all-npm/prettier/-/prettier-3.4.1.tgz"},{"name":"LocalNodeModulesPath","value":"node_modules/prettier"},{"name":"cdx:npm:binPaths","value":"/Users/etienne/Developer/clients/shai_hulud/azdo-workspace/CDN-Common-Assets/node_modules/.bin/prettier"}],"evidence":{"identity":[{"field":"purl","confidence":1,"methods":[{"technique":"manifest-analysis","confidence":1,"value":"azdo-workspace/CDN-Common-Assets/package-lock.json"}],"concludedValue":"azdo-workspace/CDN-Common-Assets/package-lock.json"}]}},{"group":"","name":"prettier-plugin-sh","version":"0.14.0","scope":"optional","hashes":[{"alg":"SHA-512","content":"85f5ee963e7ecc497fba5acee6432eb933ca997bce8346e72c763584a14d37f37effdd378996cda7c3726414ec808f1db644a015f004210ab42104f23f565515"}],"licenses":[{"license":{"id":"MIT","url":"https://opensource.org/licenses/MIT"}}],"purl":"pkg:npm/prettier-plugin-sh@0.14.0","type":"library","bom-ref":"pkg:npm/prettier-plugin-sh@0.14.0","properties":[{"name":"SrcFile","value":"azdo-workspace/CDN-Common-Assets/package-lock.json"},{"name":"ResolvedUrl","value":"https://cegid.jfrog.io/cegid/api/npm/all-npm/prettier-plugin-sh/-/prettier-plugin-sh-0.14.0.tgz"},{"name":"LocalNodeModulesPath","value":"node_modules/prettier-plugin-sh"}],"evidence":{"identity":[{"field":"purl","confidence":1,"methods":[{"technique":"manifest-analysis","confidence":1,"value":"azdo-workspace/CDN-Common-Assets/package-lock.json"}],"concludedValue":"azdo-workspace/CDN-Common-Assets/package-lock.json"}]}},{"group":"","name":"mvdan-sh","version":"0.10.1","scope":"optional","hashes":[{"alg":"SHA-512","content":"90c6eb1f410e6da2a62b79d544a5082326b57690121c812eb0cd774b85755621c5bb1b8dc42a3e6abc686ba8ff75b576d980468e5ed42899bd410289d82af386"}],"purl":"pkg:npm/mvdan-sh@0.10.1","type":"library","bom-ref":"pkg:npm/mvdan-sh@0.10.1","properties":[{"name":"SrcFile","value":"azdo-workspace/CDN-Common-Assets/package-lock.json"},{"name":"ResolvedUrl","value":"https://cegid.jfrog.io/cegid/api/npm/all-npm/mvdan-sh/-/mvdan-sh-0.10.1.tgz"},{"name":"LocalNodeModulesPath","value":"node_modules/mvdan-sh"}],"evidence":{"identity":[{"field":"purl","confidence":1,"methods":[{"technique":"manifest-analysis","confidence":1,"value":"azdo-workspace/CDN-Common-Assets/package-lock.json"}],"concludedValue":"azdo-workspace/CDN-Common-Assets/package-lock.json"}]}},{"group":"","name":"sh-syntax","version":"0.4.2","scope":"optional","hashes":[{"alg":"SHA-512","content":"fe5d946797e11992d565ad7a5d033dfd5abf85ecc619b747795100d35b968ce2f5fbb124fe0b7a16ab96d2228ac2ce1af4060f62f973e91c95be38772713ad7a"}],"licenses":[{"license":{"id":"MIT","url":"https://opensource.org/licenses/MIT"}}],"purl":"pkg:npm/sh-syntax@0.4.2","type":"library","bom-ref":"pkg:npm/sh-syntax@0.4.2","properties":[{"name":"SrcFile","value":"azdo-workspace/CDN-Common-Assets/package-lock.json"},{"name":"ResolvedUrl","value":"https://cegid.jfrog.io/cegid/api/npm/all-npm/sh-syntax/-/sh-syntax-0.4.2.tgz"},{"name":"LocalNodeModulesPath","value":"node_modules/sh-syntax"}],"evidence":{"identity":[{"field":"purl","confidence":1,"methods":[{"technique":"manifest-analysis","confidence":1,"value":"azdo-workspace/CDN-Common-Assets/package-lock.json"}],"concludedValue":"azdo-workspace/CDN-Common-Assets/package-lock.json"}]}},{"group":"","name":"tslib","version":"2.7.0","scope":"optional","hashes":[{"alg":"SHA-512","content":"80b5c229d375fe3e3b0221e23a424debd84999c6c64c72342262e66d82c7ca486078dd23546a256bdc958c5833094925b1940c5b9e68f9d5bb217bf74425c3cc"}],"licenses":[{"license":{"id":"0BSD","url":"https://opensource.org/licenses/0BSD"}}],"purl":"pkg:npm/tslib@2.7.0","type":"library","bom-ref":"pkg:npm/tslib@2.7.0","properties":[{"name":"SrcFile","value":"azdo-workspace/CDN-Common-Assets/package-lock.json"},{"name":"ResolvedUrl","value":"https://cegid.jfrog.io/cegid/api/npm/all-npm/tslib/-/tslib-2.7.0.tgz"},{"name":"LocalNodeModulesPath","value":"node_modules/tslib"}],"evidence":{"identity":[{"field":"purl","confidence":1,"methods":[{"technique":"manifest-analysis","confidence":1,"value":"azdo-workspace/CDN-Common-Assets/package-lock.json"}],"concludedValue":"azdo-workspace/CDN-Common-Assets/package-lock.json"}]}}],"services":[],"dependencies":[{"ref":"pkg:npm/@cspell/dict-fr-fr@2.2.5","dependsOn":[]},{"ref":"pkg:npm/husky@9.1.7","dependsOn":[]},{"ref":"pkg:npm/prettier@3.4.1","dependsOn":[]},{"ref":"pkg:npm/mvdan-sh@0.10.1","dependsOn":[]},{"ref":"pkg:npm/tslib@2.7.0","dependsOn":[]},{"ref":"pkg:npm/sh-syntax@0.4.2","dependsOn":["pkg:npm/tslib@2.7.0"]},{"ref":"pkg:npm/prettier-plugin-sh@0.14.0","dependsOn":["pkg:npm/mvdan-sh@0.10.1","pkg:npm/prettier@3.4.1","pkg:npm/sh-syntax@0.4.2"]},{"ref":"pkg:npm/cdn-common-assets@1.2.0","dependsOn":["pkg:npm/@cspell/dict-fr-fr@2.2.5","pkg:npm/husky@9.1.7","pkg:npm/prettier-plugin-sh@0.14.0","pkg:npm/prettier@3.4.1"]}],"annotations":[{"bom-ref":"metadata-annotations","subjects":["pkg:npm/cdn-common-assets@1.2.0"],"annotator":{"component":{"group":"@cyclonedx","name":"cdxgen","version":"11.7.0","purl":"pkg:npm/%40cyclonedx/cdxgen@11.7.0","type":"application","bom-ref":"pkg:npm/@cyclonedx/cdxgen@11.7.0","publisher":"OWASP Foundation","authors":[{"name":"OWASP Foundation"}]}},"timestamp":"2025-09-22T19:18:58Z","text":"This Software Bill-of-Materials (SBOM) document was created on Monday, September 22, 2025 with cdxgen. The data was captured during the build lifecycle phase. The document describes an application named 'cdn-common-assets' with version '1.2.0'. There are 7 components. The package type in this SBOM is npm with a single purl namespace '@cspell' described under components. The components were identified from the source files: azdo-workspace/CDN-Common-Assets/package-lock.json."}]}