{"bomFormat":"CycloneDX","specVersion":"1.6","serialNumber":"urn:uuid:fcff94b5-3d4d-4be9-ac2c-927a621265a3","version":1,"metadata":{"timestamp":"2025-09-22T19:19:40Z","tools":{"components":[{"group":"@cyclonedx","name":"cdxgen","version":"11.7.0","purl":"pkg:npm/%40cyclonedx/cdxgen@11.7.0","type":"application","bom-ref":"pkg:npm/@cyclonedx/cdxgen@11.7.0","publisher":"OWASP Foundation","authors":[{"name":"OWASP Foundation"}]}]},"authors":[{"name":"OWASP Foundation"}],"lifecycles":[{"phase":"build"}],"component":{"name":"babylone-fleet-apps","group":"","version":"1.2.0","description":"Terraform module to create managed resources and assign them to resources","purl":"pkg:npm/babylone-fleet-apps@1.2.0","bom-ref":"pkg:npm/babylone-fleet-apps@1.2.0","author":"Cegid ©","type":"application","licenses":[{"expression":"SEE LICENSE IN LICENSE"}],"externalReferences":[{"type":"vcs","url":"https://dev.azure.com/cegid/Loop/_git/babylone-fleet-apps"}]},"properties":[{"name":"cdx:bom:componentTypes","value":"npm"},{"name":"cdx:bom:componentNamespaces","value":"@cspell\\n@reteps"},{"name":"cdx:bom:componentSrcFiles","value":"azdo-workspace/Babylone-Fleet-Apps/package-lock.json"}]},"components":[{"group":"@cspell","name":"dict-bash","version":"4.2.0","scope":"optional","hashes":[{"alg":"SHA-512","content":"1cec8e4bee006c202b647b3fc0cc57fdaa51923c60e8d0d676dd2317d8bd5e4bc941496d330121c80d935988d0d24b2c06c9e87fef5a99ac769618999e1de40a"}],"licenses":[{"license":{"id":"MIT","url":"https://opensource.org/licenses/MIT"}}],"purl":"pkg:npm/%40cspell/dict-bash@4.2.0","type":"library","bom-ref":"pkg:npm/@cspell/dict-bash@4.2.0","properties":[{"name":"SrcFile","value":"azdo-workspace/Babylone-Fleet-Apps/package-lock.json"},{"name":"ResolvedUrl","value":"https://cegid.jfrog.io/cegid/api/npm/all-npm/@cspell/dict-bash/-/dict-bash-4.2.0.tgz"},{"name":"LocalNodeModulesPath","value":"node_modules/@cspell/dict-bash"}],"evidence":{"identity":[{"field":"purl","confidence":1,"methods":[{"technique":"manifest-analysis","confidence":1,"value":"azdo-workspace/Babylone-Fleet-Apps/package-lock.json"}],"concludedValue":"azdo-workspace/Babylone-Fleet-Apps/package-lock.json"}]}},{"group":"@cspell","name":"dict-shell","version":"1.1.0","scope":"optional","hashes":[{"alg":"SHA-512","content":"0ffc475d7ed3dfb049c4d45fe49247b2fce2143be1db7205fcabe465735287c56a711768777040cfd5461d97fa543a9c657af5551a88611de643c0d2becdc055"}],"licenses":[{"license":{"id":"MIT","url":"https://opensource.org/licenses/MIT"}}],"purl":"pkg:npm/%40cspell/dict-shell@1.1.0","type":"library","bom-ref":"pkg:npm/@cspell/dict-shell@1.1.0","properties":[{"name":"SrcFile","value":"azdo-workspace/Babylone-Fleet-Apps/package-lock.json"},{"name":"ResolvedUrl","value":"https://cegid.jfrog.io/cegid/api/npm/all-npm/@cspell/dict-shell/-/dict-shell-1.1.0.tgz"},{"name":"LocalNodeModulesPath","value":"node_modules/@cspell/dict-shell"}],"evidence":{"identity":[{"field":"purl","confidence":1,"methods":[{"technique":"manifest-analysis","confidence":1,"value":"azdo-workspace/Babylone-Fleet-Apps/package-lock.json"}],"concludedValue":"azdo-workspace/Babylone-Fleet-Apps/package-lock.json"}]}},{"group":"@cspell","name":"dict-companies","version":"3.2.1","scope":"optional","hashes":[{"alg":"SHA-512","content":"af269e2752a14d328be26b629ccb4a9fcc3193afeda83e2f5f9b453fe1e0f3d4a221799b324e6f659c157fe7b21945893b2c390350958fd10859e720a22fa361"}],"licenses":[{"license":{"id":"MIT","url":"https://opensource.org/licenses/MIT"}}],"purl":"pkg:npm/%40cspell/dict-companies@3.2.1","type":"library","bom-ref":"pkg:npm/@cspell/dict-companies@3.2.1","properties":[{"name":"SrcFile","value":"azdo-workspace/Babylone-Fleet-Apps/package-lock.json"},{"name":"ResolvedUrl","value":"https://cegid.jfrog.io/cegid/api/npm/all-npm/@cspell/dict-companies/-/dict-companies-3.2.1.tgz"},{"name":"LocalNodeModulesPath","value":"node_modules/@cspell/dict-companies"}],"evidence":{"identity":[{"field":"purl","confidence":1,"methods":[{"technique":"manifest-analysis","confidence":1,"value":"azdo-workspace/Babylone-Fleet-Apps/package-lock.json"}],"concludedValue":"azdo-workspace/Babylone-Fleet-Apps/package-lock.json"}]}},{"group":"@cspell","name":"dict-docker","version":"1.1.14","scope":"optional","hashes":[{"alg":"SHA-512","content":"a7a433e66a24bdca2c4e90e581251111d49b675d2604bde776009d10a32a8c249924575fc5174d763ac6111de543a2ccab98c6af5afb9c65c0d20bd424af349f"}],"licenses":[{"license":{"id":"MIT","url":"https://opensource.org/licenses/MIT"}}],"purl":"pkg:npm/%40cspell/dict-docker@1.1.14","type":"library","bom-ref":"pkg:npm/@cspell/dict-docker@1.1.14","properties":[{"name":"SrcFile","value":"azdo-workspace/Babylone-Fleet-Apps/package-lock.json"},{"name":"ResolvedUrl","value":"https://cegid.jfrog.io/cegid/api/npm/all-npm/@cspell/dict-docker/-/dict-docker-1.1.14.tgz"},{"name":"LocalNodeModulesPath","value":"node_modules/@cspell/dict-docker"}],"evidence":{"identity":[{"field":"purl","confidence":1,"methods":[{"technique":"manifest-analysis","confidence":1,"value":"azdo-workspace/Babylone-Fleet-Apps/package-lock.json"}],"concludedValue":"azdo-workspace/Babylone-Fleet-Apps/package-lock.json"}]}},{"group":"@cspell","name":"dict-fr-fr","version":"2.3.0","scope":"optional","hashes":[{"alg":"SHA-512","content":"3ac520a2723969657c8be0e63a5f0a3b47ea14b64564802f15a0b2b1744e798a127ee99d8aace606b82fe9434e22160c2017ecd8eb3752c33913af6c2e9a18f2"}],"licenses":[{"license":{"id":"MIT","url":"https://opensource.org/licenses/MIT"}}],"purl":"pkg:npm/%40cspell/dict-fr-fr@2.3.0","type":"library","bom-ref":"pkg:npm/@cspell/dict-fr-fr@2.3.0","properties":[{"name":"SrcFile","value":"azdo-workspace/Babylone-Fleet-Apps/package-lock.json"},{"name":"ResolvedUrl","value":"https://cegid.jfrog.io/cegid/api/npm/all-npm/@cspell/dict-fr-fr/-/dict-fr-fr-2.3.0.tgz"},{"name":"LocalNodeModulesPath","value":"node_modules/@cspell/dict-fr-fr"}],"evidence":{"identity":[{"field":"purl","confidence":1,"methods":[{"technique":"manifest-analysis","confidence":1,"value":"azdo-workspace/Babylone-Fleet-Apps/package-lock.json"}],"concludedValue":"azdo-workspace/Babylone-Fleet-Apps/package-lock.json"}]}},{"group":"@cspell","name":"dict-git","version":"3.0.4","scope":"optional","hashes":[{"alg":"SHA-512","content":"0b8e0cfa6e7aad89fa402b0b6e22a279dc8f4cc671943744600b0fc3094be5b84c0c3cd767721cf0e09022131b8ae9e108e2494fe7abe144663a633eb259678e"}],"licenses":[{"license":{"id":"MIT","url":"https://opensource.org/licenses/MIT"}}],"purl":"pkg:npm/%40cspell/dict-git@3.0.4","type":"library","bom-ref":"pkg:npm/@cspell/dict-git@3.0.4","properties":[{"name":"SrcFile","value":"azdo-workspace/Babylone-Fleet-Apps/package-lock.json"},{"name":"ResolvedUrl","value":"https://cegid.jfrog.io/cegid/api/npm/all-npm/@cspell/dict-git/-/dict-git-3.0.4.tgz"},{"name":"LocalNodeModulesPath","value":"node_modules/@cspell/dict-git"}],"evidence":{"identity":[{"field":"purl","confidence":1,"methods":[{"technique":"manifest-analysis","confidence":1,"value":"azdo-workspace/Babylone-Fleet-Apps/package-lock.json"}],"concludedValue":"azdo-workspace/Babylone-Fleet-Apps/package-lock.json"}]}},{"group":"@cspell","name":"dict-markdown","version":"2.0.10","scope":"optional","hashes":[{"alg":"SHA-512","content":"bed55ae8bffce05f6c4e37254d80e458917f571d9ce71cf104a910a7e084165c4e176498826f914a812f02f839be3e0de64baa478df9d19958df3976780dcc5f"}],"licenses":[{"license":{"id":"MIT","url":"https://opensource.org/licenses/MIT"}}],"purl":"pkg:npm/%40cspell/dict-markdown@2.0.10","type":"library","bom-ref":"pkg:npm/@cspell/dict-markdown@2.0.10","properties":[{"name":"SrcFile","value":"azdo-workspace/Babylone-Fleet-Apps/package-lock.json"},{"name":"ResolvedUrl","value":"https://cegid.jfrog.io/cegid/api/npm/all-npm/@cspell/dict-markdown/-/dict-markdown-2.0.10.tgz"},{"name":"LocalNodeModulesPath","value":"node_modules/@cspell/dict-markdown"}],"evidence":{"identity":[{"field":"purl","confidence":1,"methods":[{"technique":"manifest-analysis","confidence":1,"value":"azdo-workspace/Babylone-Fleet-Apps/package-lock.json"}],"concludedValue":"azdo-workspace/Babylone-Fleet-Apps/package-lock.json"}]}},{"group":"@cspell","name":"dict-css","version":"4.0.17","scope":"optional","hashes":[{"alg":"SHA-512","content":"d848ac44b1e4e97fcf7627326f095a8cb18a1796897f8c675f6bae1b995ec6e60ab74e7157f27f3a20400e68bcabda1b8717f59deb2b3106ea02dfba0ac1e8ff"}],"licenses":[{"license":{"id":"MIT","url":"https://opensource.org/licenses/MIT"}}],"purl":"pkg:npm/%40cspell/dict-css@4.0.17","type":"library","bom-ref":"pkg:npm/@cspell/dict-css@4.0.17","properties":[{"name":"SrcFile","value":"azdo-workspace/Babylone-Fleet-Apps/package-lock.json"},{"name":"ResolvedUrl","value":"https://cegid.jfrog.io/cegid/api/npm/all-npm/@cspell/dict-css/-/dict-css-4.0.17.tgz"},{"name":"LocalNodeModulesPath","value":"node_modules/@cspell/dict-css"}],"evidence":{"identity":[{"field":"purl","confidence":1,"methods":[{"technique":"manifest-analysis","confidence":1,"value":"azdo-workspace/Babylone-Fleet-Apps/package-lock.json"}],"concludedValue":"azdo-workspace/Babylone-Fleet-Apps/package-lock.json"}]}},{"group":"@cspell","name":"dict-html","version":"4.0.11","scope":"optional","hashes":[{"alg":"SHA-512","content":"411ddbfcf07def6491436c48091d4dc3f338e0827aae3ca9c330388e7f861fcc9d8c05fd69c14d7dcfa12d957235ed05aac13dd06c377af2c2388174bf2d6f43"}],"licenses":[{"license":{"id":"MIT","url":"https://opensource.org/licenses/MIT"}}],"purl":"pkg:npm/%40cspell/dict-html@4.0.11","type":"library","bom-ref":"pkg:npm/@cspell/dict-html@4.0.11","properties":[{"name":"SrcFile","value":"azdo-workspace/Babylone-Fleet-Apps/package-lock.json"},{"name":"ResolvedUrl","value":"https://cegid.jfrog.io/cegid/api/npm/all-npm/@cspell/dict-html/-/dict-html-4.0.11.tgz"},{"name":"LocalNodeModulesPath","value":"node_modules/@cspell/dict-html"}],"evidence":{"identity":[{"field":"purl","confidence":1,"methods":[{"technique":"manifest-analysis","confidence":1,"value":"azdo-workspace/Babylone-Fleet-Apps/package-lock.json"}],"concludedValue":"azdo-workspace/Babylone-Fleet-Apps/package-lock.json"}]}},{"group":"@cspell","name":"dict-html-symbol-entities","version":"4.0.3","scope":"optional","hashes":[{"alg":"SHA-512","content":"6800575fb74c2cd15d484f1a63ce385f8fa1bdf2bbf7beec3968195e8e0c4c60263b347ce76e1f8db24fb302012bb19a0f7f92805676c8fda8d0216f5c3185f8"}],"licenses":[{"license":{"id":"MIT","url":"https://opensource.org/licenses/MIT"}}],"purl":"pkg:npm/%40cspell/dict-html-symbol-entities@4.0.3","type":"library","bom-ref":"pkg:npm/@cspell/dict-html-symbol-entities@4.0.3","properties":[{"name":"SrcFile","value":"azdo-workspace/Babylone-Fleet-Apps/package-lock.json"},{"name":"ResolvedUrl","value":"https://cegid.jfrog.io/cegid/api/npm/all-npm/@cspell/dict-html-symbol-entities/-/dict-html-symbol-entities-4.0.3.tgz"},{"name":"LocalNodeModulesPath","value":"node_modules/@cspell/dict-html-symbol-entities"}],"evidence":{"identity":[{"field":"purl","confidence":1,"methods":[{"technique":"manifest-analysis","confidence":1,"value":"azdo-workspace/Babylone-Fleet-Apps/package-lock.json"}],"concludedValue":"azdo-workspace/Babylone-Fleet-Apps/package-lock.json"}]}},{"group":"@cspell","name":"dict-typescript","version":"3.2.1","scope":"optional","hashes":[{"alg":"SHA-512","content":"8dd9ca838ac197be465014ec503ea74c997b146bda22de7059c58fed36520b7ad5d4b7e4c2f6d4898dcf886a5f2650087672d849e156229614f60c95833db4eb"}],"licenses":[{"license":{"id":"MIT","url":"https://opensource.org/licenses/MIT"}}],"purl":"pkg:npm/%40cspell/dict-typescript@3.2.1","type":"library","bom-ref":"pkg:npm/@cspell/dict-typescript@3.2.1","properties":[{"name":"SrcFile","value":"azdo-workspace/Babylone-Fleet-Apps/package-lock.json"},{"name":"ResolvedUrl","value":"https://cegid.jfrog.io/cegid/api/npm/all-npm/@cspell/dict-typescript/-/dict-typescript-3.2.1.tgz"},{"name":"LocalNodeModulesPath","value":"node_modules/@cspell/dict-typescript"}],"evidence":{"identity":[{"field":"purl","confidence":1,"methods":[{"technique":"manifest-analysis","confidence":1,"value":"azdo-workspace/Babylone-Fleet-Apps/package-lock.json"}],"concludedValue":"azdo-workspace/Babylone-Fleet-Apps/package-lock.json"}]}},{"group":"@cspell","name":"dict-node","version":"5.0.7","scope":"optional","hashes":[{"alg":"SHA-512","content":"65a3e906c1c6402a94c853ca2f208d507daace8943466d7ff74d483bc7bb6ed93b6c40c5e7a0cdf36543e3780fbc3e075b3df22ecfd691c2dad35298009a673b"}],"licenses":[{"license":{"id":"MIT","url":"https://opensource.org/licenses/MIT"}}],"purl":"pkg:npm/%40cspell/dict-node@5.0.7","type":"library","bom-ref":"pkg:npm/@cspell/dict-node@5.0.7","properties":[{"name":"SrcFile","value":"azdo-workspace/Babylone-Fleet-Apps/package-lock.json"},{"name":"ResolvedUrl","value":"https://cegid.jfrog.io/cegid/api/npm/all-npm/@cspell/dict-node/-/dict-node-5.0.7.tgz"},{"name":"LocalNodeModulesPath","value":"node_modules/@cspell/dict-node"}],"evidence":{"identity":[{"field":"purl","confidence":1,"methods":[{"technique":"manifest-analysis","confidence":1,"value":"azdo-workspace/Babylone-Fleet-Apps/package-lock.json"}],"concludedValue":"azdo-workspace/Babylone-Fleet-Apps/package-lock.json"}]}},{"group":"@cspell","name":"dict-npm","version":"5.2.3","scope":"optional","hashes":[{"alg":"SHA-512","content":"11d1a40a902aeba3218bd425760b2bf8dbcf54be1376d99d96a0dee15069d0fde7e89d01edbd234f53255432222d1f85d5ea817cbd2a8df1dfd1ecb509a7de37"}],"licenses":[{"license":{"id":"MIT","url":"https://opensource.org/licenses/MIT"}}],"purl":"pkg:npm/%40cspell/dict-npm@5.2.3","type":"library","bom-ref":"pkg:npm/@cspell/dict-npm@5.2.3","properties":[{"name":"SrcFile","value":"azdo-workspace/Babylone-Fleet-Apps/package-lock.json"},{"name":"ResolvedUrl","value":"https://cegid.jfrog.io/cegid/api/npm/all-npm/@cspell/dict-npm/-/dict-npm-5.2.3.tgz"},{"name":"LocalNodeModulesPath","value":"node_modules/@cspell/dict-npm"}],"evidence":{"identity":[{"field":"purl","confidence":1,"methods":[{"technique":"manifest-analysis","confidence":1,"value":"azdo-workspace/Babylone-Fleet-Apps/package-lock.json"}],"concludedValue":"azdo-workspace/Babylone-Fleet-Apps/package-lock.json"}]}},{"group":"@cspell","name":"dict-software-terms","version":"5.0.8","scope":"optional","hashes":[{"alg":"SHA-512","content":"56c25eb22b6f6876693203701c79acdf20ec673ecb353a02d87b92027cadd739e7dfbae26e2245d6dcb48d685540ee9fbfb2b83ccd4ab0a4c9230a81c1ce38ea"}],"licenses":[{"license":{"id":"MIT","url":"https://opensource.org/licenses/MIT"}}],"purl":"pkg:npm/%40cspell/dict-software-terms@5.0.8","type":"library","bom-ref":"pkg:npm/@cspell/dict-software-terms@5.0.8","properties":[{"name":"SrcFile","value":"azdo-workspace/Babylone-Fleet-Apps/package-lock.json"},{"name":"ResolvedUrl","value":"https://cegid.jfrog.io/cegid/api/npm/all-npm/@cspell/dict-software-terms/-/dict-software-terms-5.0.8.tgz"},{"name":"LocalNodeModulesPath","value":"node_modules/@cspell/dict-software-terms"}],"evidence":{"identity":[{"field":"purl","confidence":1,"methods":[{"technique":"manifest-analysis","confidence":1,"value":"azdo-workspace/Babylone-Fleet-Apps/package-lock.json"}],"concludedValue":"azdo-workspace/Babylone-Fleet-Apps/package-lock.json"}]}},{"group":"","name":"husky","version":"9.1.7","scope":"optional","hashes":[{"alg":"SHA-512","content":"e60b39cad68d8c1ae1e4ec37cebbdd51463ed15c48b9654be22f62aede9fae257e06a7427e6575d4241358c8816161db5e1728f89d641df4ce52478f8420ef30"}],"licenses":[{"license":{"id":"MIT","url":"https://opensource.org/licenses/MIT"}}],"purl":"pkg:npm/husky@9.1.7","type":"library","bom-ref":"pkg:npm/husky@9.1.7","properties":[{"name":"SrcFile","value":"azdo-workspace/Babylone-Fleet-Apps/package-lock.json"},{"name":"ResolvedUrl","value":"https://cegid.jfrog.io/cegid/api/npm/all-npm/husky/-/husky-9.1.7.tgz"},{"name":"LocalNodeModulesPath","value":"node_modules/husky"},{"name":"cdx:npm:binPaths","value":"/Users/etienne/Developer/clients/shai_hulud/azdo-workspace/Babylone-Fleet-Apps/node_modules/.bin/husky"}],"evidence":{"identity":[{"field":"purl","confidence":1,"methods":[{"technique":"manifest-analysis","confidence":1,"value":"azdo-workspace/Babylone-Fleet-Apps/package-lock.json"}],"concludedValue":"azdo-workspace/Babylone-Fleet-Apps/package-lock.json"}]}},{"group":"","name":"prettier","version":"3.5.3","scope":"optional","hashes":[{"alg":"SHA-512","content":"410b5ac67a0325e0240ef0ca5822e2c085e44e0461c180c440282153d67aab4de2c9e93faf1461ff6942dc707b3fcb164f6c42ff2e490dcb4f2c1206cc729b87"}],"licenses":[{"license":{"id":"MIT","url":"https://opensource.org/licenses/MIT"}}],"purl":"pkg:npm/prettier@3.5.3","type":"library","bom-ref":"pkg:npm/prettier@3.5.3","properties":[{"name":"SrcFile","value":"azdo-workspace/Babylone-Fleet-Apps/package-lock.json"},{"name":"ResolvedUrl","value":"https://cegid.jfrog.io/cegid/api/npm/all-npm/prettier/-/prettier-3.5.3.tgz"},{"name":"LocalNodeModulesPath","value":"node_modules/prettier"},{"name":"cdx:npm:binPaths","value":"/Users/etienne/Developer/clients/shai_hulud/azdo-workspace/Babylone-Fleet-Apps/node_modules/.bin/prettier"}],"evidence":{"identity":[{"field":"purl","confidence":1,"methods":[{"technique":"manifest-analysis","confidence":1,"value":"azdo-workspace/Babylone-Fleet-Apps/package-lock.json"}],"concludedValue":"azdo-workspace/Babylone-Fleet-Apps/package-lock.json"}]}},{"group":"","name":"prettier-plugin-go-template","version":"0.0.15","scope":"optional","hashes":[{"alg":"SHA-512","content":"5aa53dd84d4da24598359f662c4ea28e8460e8bb4819d2cc78fb760bb5010e35de0c7f6891c448df346ab67591e2ce409688aacaf67aea334101af6d99163911"}],"purl":"pkg:npm/prettier-plugin-go-template@0.0.15","type":"library","bom-ref":"pkg:npm/prettier-plugin-go-template@0.0.15","properties":[{"name":"SrcFile","value":"azdo-workspace/Babylone-Fleet-Apps/package-lock.json"},{"name":"ResolvedUrl","value":"https://cegid.jfrog.io/cegid/api/npm/all-npm/prettier-plugin-go-template/-/prettier-plugin-go-template-0.0.15.tgz"},{"name":"LocalNodeModulesPath","value":"node_modules/prettier-plugin-go-template"}],"evidence":{"identity":[{"field":"purl","confidence":1,"methods":[{"technique":"manifest-analysis","confidence":1,"value":"azdo-workspace/Babylone-Fleet-Apps/package-lock.json"}],"concludedValue":"azdo-workspace/Babylone-Fleet-Apps/package-lock.json"}]}},{"group":"","name":"ulid","version":"2.3.0","scope":"optional","hashes":[{"alg":"SHA-512","content":"91ea87b9bae5a6f4fa1b6c07d0e11f496e26aae61171b7bf27c34c9af7a840e8d4aa6a3e857b4ef8e442a5685d6d9ee4ef652d63ad412fb85a1b15ba7a70678f"}],"purl":"pkg:npm/ulid@2.3.0","type":"library","bom-ref":"pkg:npm/ulid@2.3.0","properties":[{"name":"SrcFile","value":"azdo-workspace/Babylone-Fleet-Apps/package-lock.json"},{"name":"ResolvedUrl","value":"https://cegid.jfrog.io/cegid/api/npm/all-npm/ulid/-/ulid-2.3.0.tgz"},{"name":"LocalNodeModulesPath","value":"node_modules/ulid"},{"name":"cdx:npm:binPaths","value":"/Users/etienne/Developer/clients/shai_hulud/azdo-workspace/Babylone-Fleet-Apps/node_modules/.bin/ulid"}],"evidence":{"identity":[{"field":"purl","confidence":1,"methods":[{"technique":"manifest-analysis","confidence":1,"value":"azdo-workspace/Babylone-Fleet-Apps/package-lock.json"}],"concludedValue":"azdo-workspace/Babylone-Fleet-Apps/package-lock.json"}]}},{"group":"","name":"prettier-plugin-sh","version":"0.17.4","scope":"optional","hashes":[{"alg":"SHA-512","content":"68054a5d9ec64c4319759b083d2c0cc1d7703efb7689b31b44677838900fd06ed0a1e61957e98f360d8e967dd1e77b19e0f56378003b5f38bf3ee2344251c77d"}],"licenses":[{"license":{"id":"MIT","url":"https://opensource.org/licenses/MIT"}}],"purl":"pkg:npm/prettier-plugin-sh@0.17.4","type":"library","bom-ref":"pkg:npm/prettier-plugin-sh@0.17.4","properties":[{"name":"SrcFile","value":"azdo-workspace/Babylone-Fleet-Apps/package-lock.json"},{"name":"ResolvedUrl","value":"https://cegid.jfrog.io/cegid/api/npm/all-npm/prettier-plugin-sh/-/prettier-plugin-sh-0.17.4.tgz"},{"name":"LocalNodeModulesPath","value":"node_modules/prettier-plugin-sh"}],"evidence":{"identity":[{"field":"purl","confidence":1,"methods":[{"technique":"manifest-analysis","confidence":1,"value":"azdo-workspace/Babylone-Fleet-Apps/package-lock.json"}],"concludedValue":"azdo-workspace/Babylone-Fleet-Apps/package-lock.json"}]}},{"group":"@reteps","name":"dockerfmt","version":"0.3.6","scope":"optional","hashes":[{"alg":"SHA-512","content":"4dbe7020cbc17ff9cb7a34d0eb592b2bae38fc210c07f72989a2055ea180a5f1aa3b71b0711dea9c8d036e69055429763b2129f0b9cb5f7124b9ca0bd3eb5b16"}],"licenses":[{"license":{"id":"MIT","url":"https://opensource.org/licenses/MIT"}}],"purl":"pkg:npm/%40reteps/dockerfmt@0.3.6","type":"library","bom-ref":"pkg:npm/@reteps/dockerfmt@0.3.6","properties":[{"name":"SrcFile","value":"azdo-workspace/Babylone-Fleet-Apps/package-lock.json"},{"name":"ResolvedUrl","value":"https://cegid.jfrog.io/cegid/api/npm/all-npm/@reteps/dockerfmt/-/dockerfmt-0.3.6.tgz"},{"name":"LocalNodeModulesPath","value":"node_modules/@reteps/dockerfmt"}],"evidence":{"identity":[{"field":"purl","confidence":1,"methods":[{"technique":"manifest-analysis","confidence":1,"value":"azdo-workspace/Babylone-Fleet-Apps/package-lock.json"}],"concludedValue":"azdo-workspace/Babylone-Fleet-Apps/package-lock.json"}]}},{"group":"","name":"sh-syntax","version":"0.5.7","scope":"optional","hashes":[{"alg":"SHA-512","content":"ef89bd76df759289eb179fa6d24012ba0ce2dfb5712ac9d3250eb2bdd0d9bb72228c6e7fbc86692263fa15a76c24b58db765f6603d15693c16e56ecec7b98556"}],"licenses":[{"license":{"id":"MIT","url":"https://opensource.org/licenses/MIT"}}],"purl":"pkg:npm/sh-syntax@0.5.7","type":"library","bom-ref":"pkg:npm/sh-syntax@0.5.7","properties":[{"name":"SrcFile","value":"azdo-workspace/Babylone-Fleet-Apps/package-lock.json"},{"name":"ResolvedUrl","value":"https://cegid.jfrog.io/cegid/api/npm/all-npm/sh-syntax/-/sh-syntax-0.5.7.tgz"},{"name":"LocalNodeModulesPath","value":"node_modules/sh-syntax"}],"evidence":{"identity":[{"field":"purl","confidence":1,"methods":[{"technique":"manifest-analysis","confidence":1,"value":"azdo-workspace/Babylone-Fleet-Apps/package-lock.json"}],"concludedValue":"azdo-workspace/Babylone-Fleet-Apps/package-lock.json"}]}},{"group":"","name":"tslib","version":"2.8.1","scope":"optional","hashes":[{"alg":"SHA-512","content":"a0916ef781d06fe29576e49440bef09e99aa9df98bb0e03f9c087a6fa107d30084a0ad3f98f79753a737c0a0d5f373243ae1cf447b525ca294f7d2016b34bfdb"}],"licenses":[{"license":{"id":"0BSD","url":"https://opensource.org/licenses/0BSD"}}],"purl":"pkg:npm/tslib@2.8.1","type":"library","bom-ref":"pkg:npm/tslib@2.8.1","properties":[{"name":"SrcFile","value":"azdo-workspace/Babylone-Fleet-Apps/package-lock.json"},{"name":"ResolvedUrl","value":"https://cegid.jfrog.io/cegid/api/npm/all-npm/tslib/-/tslib-2.8.1.tgz"},{"name":"LocalNodeModulesPath","value":"node_modules/tslib"}],"evidence":{"identity":[{"field":"purl","confidence":1,"methods":[{"technique":"manifest-analysis","confidence":1,"value":"azdo-workspace/Babylone-Fleet-Apps/package-lock.json"}],"concludedValue":"azdo-workspace/Babylone-Fleet-Apps/package-lock.json"}]}}],"services":[],"dependencies":[{"ref":"pkg:npm/@cspell/dict-shell@1.1.0","dependsOn":[]},{"ref":"pkg:npm/@cspell/dict-bash@4.2.0","dependsOn":["pkg:npm/@cspell/dict-shell@1.1.0"]},{"ref":"pkg:npm/@cspell/dict-companies@3.2.1","dependsOn":[]},{"ref":"pkg:npm/@cspell/dict-docker@1.1.14","dependsOn":[]},{"ref":"pkg:npm/@cspell/dict-fr-fr@2.3.0","dependsOn":[]},{"ref":"pkg:npm/@cspell/dict-git@3.0.4","dependsOn":[]},{"ref":"pkg:npm/@cspell/dict-css@4.0.17","dependsOn":[]},{"ref":"pkg:npm/@cspell/dict-html@4.0.11","dependsOn":[]},{"ref":"pkg:npm/@cspell/dict-html-symbol-entities@4.0.3","dependsOn":[]},{"ref":"pkg:npm/@cspell/dict-typescript@3.2.1","dependsOn":[]},{"ref":"pkg:npm/@cspell/dict-markdown@2.0.10","dependsOn":["pkg:npm/@cspell/dict-css@4.0.17","pkg:npm/@cspell/dict-html-symbol-entities@4.0.3","pkg:npm/@cspell/dict-html@4.0.11","pkg:npm/@cspell/dict-typescript@3.2.1"]},{"ref":"pkg:npm/@cspell/dict-node@5.0.7","dependsOn":[]},{"ref":"pkg:npm/@cspell/dict-npm@5.2.3","dependsOn":[]},{"ref":"pkg:npm/@cspell/dict-software-terms@5.0.8","dependsOn":[]},{"ref":"pkg:npm/husky@9.1.7","dependsOn":[]},{"ref":"pkg:npm/prettier@3.5.3","dependsOn":[]},{"ref":"pkg:npm/ulid@2.3.0","dependsOn":[]},{"ref":"pkg:npm/prettier-plugin-go-template@0.0.15","dependsOn":["pkg:npm/prettier@3.5.3","pkg:npm/ulid@2.3.0"]},{"ref":"pkg:npm/@reteps/dockerfmt@0.3.6","dependsOn":[]},{"ref":"pkg:npm/tslib@2.8.1","dependsOn":[]},{"ref":"pkg:npm/sh-syntax@0.5.7","dependsOn":["pkg:npm/tslib@2.8.1"]},{"ref":"pkg:npm/prettier-plugin-sh@0.17.4","dependsOn":["pkg:npm/@reteps/dockerfmt@0.3.6","pkg:npm/prettier@3.5.3","pkg:npm/sh-syntax@0.5.7"]},{"ref":"pkg:npm/babylone-fleet-apps@1.2.0","dependsOn":["pkg:npm/@cspell/dict-bash@4.2.0","pkg:npm/@cspell/dict-companies@3.2.1","pkg:npm/@cspell/dict-docker@1.1.14","pkg:npm/@cspell/dict-fr-fr@2.3.0","pkg:npm/@cspell/dict-git@3.0.4","pkg:npm/@cspell/dict-markdown@2.0.10","pkg:npm/@cspell/dict-node@5.0.7","pkg:npm/@cspell/dict-npm@5.2.3","pkg:npm/@cspell/dict-software-terms@5.0.8","pkg:npm/@cspell/dict-typescript@3.2.1","pkg:npm/husky@9.1.7","pkg:npm/prettier-plugin-go-template@0.0.15","pkg:npm/prettier-plugin-sh@0.17.4","pkg:npm/prettier@3.5.3"]}],"annotations":[{"bom-ref":"metadata-annotations","subjects":["pkg:npm/babylone-fleet-apps@1.2.0"],"annotator":{"component":{"group":"@cyclonedx","name":"cdxgen","version":"11.7.0","purl":"pkg:npm/%40cyclonedx/cdxgen@11.7.0","type":"application","bom-ref":"pkg:npm/@cyclonedx/cdxgen@11.7.0","publisher":"OWASP Foundation","authors":[{"name":"OWASP Foundation"}]}},"timestamp":"2025-09-22T19:19:40Z","text":"This Software Bill-of-Materials (SBOM) document was created on Monday, September 22, 2025 with cdxgen. The data was captured during the build lifecycle phase. The document describes an application named 'babylone-fleet-apps' with version '1.2.0'. There are 22 components. The package type in this SBOM is npm with 2 purl namespaces described under components. The components were identified from the source files: azdo-workspace/Babylone-Fleet-Apps/package-lock.json."}]}