{"bomFormat":"CycloneDX","specVersion":"1.6","serialNumber":"urn:uuid:7f57a9c8-68d2-43e8-b04a-2e225f3a8349","version":1,"metadata":{"timestamp":"2025-09-22T19:31:09Z","tools":{"components":[{"group":"@cyclonedx","name":"cdxgen","version":"11.7.0","purl":"pkg:npm/%40cyclonedx/cdxgen@11.7.0","type":"application","bom-ref":"pkg:npm/@cyclonedx/cdxgen@11.7.0","publisher":"OWASP Foundation","authors":[{"name":"OWASP Foundation"}]}]},"authors":[{"name":"OWASP Foundation"}],"lifecycles":[{"phase":"build"}],"properties":[]},"components":[],"services":[],"dependencies":[],"annotations":[]}