{"bomFormat":"CycloneDX","specVersion":"1.6","serialNumber":"urn:uuid:e404b1e2-142d-4a43-ae2b-8f29e7b4f5e3","version":1,"metadata":{"timestamp":"2025-09-22T19:10:41Z","tools":{"components":[{"group":"@cyclonedx","name":"cdxgen","version":"11.7.0","purl":"pkg:npm/%40cyclonedx/cdxgen@11.7.0","type":"application","bom-ref":"pkg:npm/@cyclonedx/cdxgen@11.7.0","publisher":"OWASP Foundation","authors":[{"name":"OWASP Foundation"}]}]},"authors":[{"name":"OWASP Foundation"}],"lifecycles":[{"phase":"build"}],"component":{"group":"","name":"YPN-Mobile-Android","version":"latest","type":"application","bom-ref":"pkg:maven/YPN-Mobile-Android@latest","purl":"pkg:maven/YPN-Mobile-Android@latest"},"properties":[{"name":"cdx:bom:componentTypes","value":"maven"},{"name":"cdx:bom:componentNamespaces","value":"gradle-wrapper"},{"name":"cdx:bom:componentSrcFiles","value":"gradle-wrapper.jar\\njar-deps-sN7NGb/gradle-wrapper.jar"}]},"components":[{"group":"gradle-wrapper","name":"gradle-wrapper","version":"2.10","purl":"pkg:maven/gradle-wrapper/gradle-wrapper@2.10?type=jar","type":"library","bom-ref":"pkg:maven/gradle-wrapper/gradle-wrapper@2.10?type=jar","properties":[{"name":"SrcFile","value":"jar-deps-sN7NGb/gradle-wrapper.jar"},{"name":"Namespaces","value":"org.gradle.wrapper.Download$1\norg.gradle.wrapper.Download$SystemPropertiesProxyAuthenticator\norg.gradle.wrapper.IDownload\norg.gradle.wrapper.GradleUserHomeLookup\norg.gradle.wrapper.ExclusiveFileAccessManager\norg.gradle.wrapper.WrapperConfiguration\norg.gradle.wrapper.SystemPropertiesHandler\norg.gradle.wrapper.Logger\norg.gradle.wrapper.PathAssembler\norg.gradle.wrapper.Install\norg.gradle.wrapper.BootstrapMainStarter\norg.gradle.wrapper.WrapperExecutor\norg.gradle.wrapper.GradleWrapperMain\norg.gradle.wrapper.Install$1\norg.gradle.wrapper.PathAssembler$LocalDistribution\norg.gradle.wrapper.Download\norg.gradle.cli.AbstractCommandLineConverter\norg.gradle.cli.CommandLineParser$1\norg.gradle.cli.CommandLineParser$MissingOptionArgState\norg.gradle.cli.CommandLineParser$OptionStringComparator\norg.gradle.cli.CommandLineArgumentException\norg.gradle.cli.CommandLineParser$KnownOptionParserState\norg.gradle.cli.CommandLineParser$OptionComparator\norg.gradle.cli.CommandLineParser$UnknownOptionParserState\norg.gradle.cli.CommandLineOption\norg.gradle.cli.CommandLineParser$OptionParserState\norg.gradle.cli.ParsedCommandLine\norg.gradle.cli.ProjectPropertiesCommandLineConverter\norg.gradle.cli.CommandLineParser$CaseInsensitiveStringComparator\norg.gradle.cli.CommandLineParser\norg.gradle.cli.CommandLineParser$AfterOptions\norg.gradle.cli.CommandLineParser$OptionString\norg.gradle.cli.AbstractPropertiesCommandLineConverter\norg.gradle.cli.ParsedCommandLineOption\norg.gradle.cli.CommandLineParser$OptionAwareParserState\norg.gradle.cli.CommandLineConverter\norg.gradle.cli.CommandLineParser$BeforeFirstSubCommand\norg.gradle.cli.SystemPropertiesCommandLineConverter\norg.gradle.cli.CommandLineParser$ParserState\norg.gradle.cli.CommandLineParser$AfterFirstSubCommand"}],"evidence":{"identity":[{"field":"purl","confidence":0.5,"methods":[{"technique":"filename","confidence":0.5,"value":"gradle-wrapper.jar"}],"concludedValue":"gradle-wrapper.jar"}]}}],"services":[],"dependencies":[{"ref":"pkg:maven/YPN-Mobile-Android@latest","dependsOn":[]}],"annotations":[{"bom-ref":"metadata-annotations","subjects":["pkg:maven/YPN-Mobile-Android@latest"],"annotator":{"component":{"group":"@cyclonedx","name":"cdxgen","version":"11.7.0","purl":"pkg:npm/%40cyclonedx/cdxgen@11.7.0","type":"application","bom-ref":"pkg:npm/@cyclonedx/cdxgen@11.7.0","publisher":"OWASP Foundation","authors":[{"name":"OWASP Foundation"}]}},"timestamp":"2025-09-22T19:10:42Z","text":"This Software Bill-of-Materials (SBOM) document was created on Monday, September 22, 2025 with cdxgen. The data was captured during the build lifecycle phase. The document describes an application named 'YPN-Mobile-Android'. There are 1 components. The package type in this SBOM is maven with a single purl namespace 'gradle-wrapper' described under components. The components were identified from the source files: gradle-wrapper.jar, jar-deps-sN7NGb/gradle-wrapper.jar."}]}