{"bomFormat":"CycloneDX","specVersion":"1.6","serialNumber":"urn:uuid:7954277e-4c2e-4005-bc44-c80b1d6627e4","version":1,"metadata":{"timestamp":"2025-09-22T19:09:46Z","tools":{"components":[{"group":"@cyclonedx","name":"cdxgen","version":"11.7.0","purl":"pkg:npm/%40cyclonedx/cdxgen@11.7.0","type":"application","bom-ref":"pkg:npm/@cyclonedx/cdxgen@11.7.0","publisher":"OWASP Foundation","authors":[{"name":"OWASP Foundation"}]}]},"authors":[{"name":"OWASP Foundation"}],"lifecycles":[{"phase":"build"}],"component":{"name":"services-utilities","group":"","version":"1.2.0","description":"YOU MUST CHANGE THE DESCRIPTION HERE","purl":"pkg:npm/services-utilities@1.2.0","bom-ref":"pkg:npm/services-utilities@1.2.0","author":"Cegid ©","type":"application","licenses":[{"expression":"SEE LICENSE IN LICENSE"}]},"properties":[{"name":"cdx:bom:componentTypes","value":"npm"},{"name":"cdx:bom:componentNamespaces","value":"@cspell"},{"name":"cdx:bom:componentSrcFiles","value":"azdo-workspace/Services-Utilities/package-lock.json"}]},"components":[{"group":"@cspell","name":"dict-fr-fr","version":"2.2.2","scope":"optional","hashes":[{"alg":"SHA-512","content":"e0ff2a0dc037676207b87e6cd2b52bd3e0fe0572313a649ef49232de5291fcf3505fc8689726e46ed406500752ae098dfb848d8ca92e6ae886f166f405f52f3b"}],"purl":"pkg:npm/%40cspell/dict-fr-fr@2.2.2","type":"library","bom-ref":"pkg:npm/@cspell/dict-fr-fr@2.2.2","properties":[{"name":"SrcFile","value":"azdo-workspace/Services-Utilities/package-lock.json"},{"name":"ResolvedUrl","value":"https://cegid.jfrog.io/cegid/api/npm/all-npm/@cspell/dict-fr-fr/-/dict-fr-fr-2.2.2.tgz"},{"name":"LocalNodeModulesPath","value":"node_modules/@cspell/dict-fr-fr"}],"evidence":{"identity":[{"field":"purl","confidence":1,"methods":[{"technique":"manifest-analysis","confidence":1,"value":"azdo-workspace/Services-Utilities/package-lock.json"}],"concludedValue":"azdo-workspace/Services-Utilities/package-lock.json"}]}},{"group":"","name":"husky","version":"9.1.2","scope":"optional","hashes":[{"alg":"SHA-512","content":"d7f68331765d86bd557492532ede9eec18a933425df6a929b9b3e22299689f55a609e3b2de79f3b0231e06a4bd02c2f98a8a2797c17ccbf17608b3a6935f7f3f"}],"purl":"pkg:npm/husky@9.1.2","type":"library","bom-ref":"pkg:npm/husky@9.1.2","properties":[{"name":"SrcFile","value":"azdo-workspace/Services-Utilities/package-lock.json"},{"name":"ResolvedUrl","value":"https://cegid.jfrog.io/cegid/api/npm/all-npm/husky/-/husky-9.1.2.tgz"},{"name":"LocalNodeModulesPath","value":"node_modules/husky"},{"name":"cdx:npm:binPaths","value":"/Users/etienne/Developer/clients/shai_hulud/azdo-workspace/Services-Utilities/node_modules/.bin/husky"}],"evidence":{"identity":[{"field":"purl","confidence":1,"methods":[{"technique":"manifest-analysis","confidence":1,"value":"azdo-workspace/Services-Utilities/package-lock.json"}],"concludedValue":"azdo-workspace/Services-Utilities/package-lock.json"}]}},{"group":"","name":"prettier","version":"3.3.3","scope":"optional","hashes":[{"alg":"SHA-512","content":"8b6b43340d0ee48acc3bbe7b95fadd41909cda33cd0d59ed5749bffb8c218837d669329f30d811ed0cf4340786cff9d1a85e26e7fe822f36cfe3f9621edd7613"}],"purl":"pkg:npm/prettier@3.3.3","type":"library","bom-ref":"pkg:npm/prettier@3.3.3","properties":[{"name":"SrcFile","value":"azdo-workspace/Services-Utilities/package-lock.json"},{"name":"ResolvedUrl","value":"https://cegid.jfrog.io/cegid/api/npm/all-npm/prettier/-/prettier-3.3.3.tgz"},{"name":"LocalNodeModulesPath","value":"node_modules/prettier"},{"name":"cdx:npm:binPaths","value":"/Users/etienne/Developer/clients/shai_hulud/azdo-workspace/Services-Utilities/node_modules/.bin/prettier"}],"evidence":{"identity":[{"field":"purl","confidence":1,"methods":[{"technique":"manifest-analysis","confidence":1,"value":"azdo-workspace/Services-Utilities/package-lock.json"}],"concludedValue":"azdo-workspace/Services-Utilities/package-lock.json"}]}},{"group":"","name":"prettier-plugin-sh","version":"0.14.0","scope":"optional","hashes":[{"alg":"SHA-512","content":"85f5ee963e7ecc497fba5acee6432eb933ca997bce8346e72c763584a14d37f37effdd378996cda7c3726414ec808f1db644a015f004210ab42104f23f565515"}],"purl":"pkg:npm/prettier-plugin-sh@0.14.0","type":"library","bom-ref":"pkg:npm/prettier-plugin-sh@0.14.0","properties":[{"name":"SrcFile","value":"azdo-workspace/Services-Utilities/package-lock.json"},{"name":"ResolvedUrl","value":"https://cegid.jfrog.io/cegid/api/npm/all-npm/prettier-plugin-sh/-/prettier-plugin-sh-0.14.0.tgz"},{"name":"LocalNodeModulesPath","value":"node_modules/prettier-plugin-sh"}],"evidence":{"identity":[{"field":"purl","confidence":1,"methods":[{"technique":"manifest-analysis","confidence":1,"value":"azdo-workspace/Services-Utilities/package-lock.json"}],"concludedValue":"azdo-workspace/Services-Utilities/package-lock.json"}]}},{"group":"","name":"mvdan-sh","version":"0.10.1","scope":"optional","hashes":[{"alg":"SHA-512","content":"90c6eb1f410e6da2a62b79d544a5082326b57690121c812eb0cd774b85755621c5bb1b8dc42a3e6abc686ba8ff75b576d980468e5ed42899bd410289d82af386"}],"purl":"pkg:npm/mvdan-sh@0.10.1","type":"library","bom-ref":"pkg:npm/mvdan-sh@0.10.1","properties":[{"name":"SrcFile","value":"azdo-workspace/Services-Utilities/package-lock.json"},{"name":"ResolvedUrl","value":"https://cegid.jfrog.io/cegid/api/npm/all-npm/mvdan-sh/-/mvdan-sh-0.10.1.tgz"},{"name":"LocalNodeModulesPath","value":"node_modules/mvdan-sh"}],"evidence":{"identity":[{"field":"purl","confidence":1,"methods":[{"technique":"manifest-analysis","confidence":1,"value":"azdo-workspace/Services-Utilities/package-lock.json"}],"concludedValue":"azdo-workspace/Services-Utilities/package-lock.json"}]}},{"group":"","name":"sh-syntax","version":"0.4.1","scope":"optional","hashes":[{"alg":"SHA-512","content":"316fd9b02613bb5d4421861349971f020305b33028742990541dbb5ecb07a0837a2f8106d0a480de1df6c7cc2169238ab98057e70cfd1326df9cf05415030228"}],"purl":"pkg:npm/sh-syntax@0.4.1","type":"library","bom-ref":"pkg:npm/sh-syntax@0.4.1","properties":[{"name":"SrcFile","value":"azdo-workspace/Services-Utilities/package-lock.json"},{"name":"ResolvedUrl","value":"https://registry.npmjs.org/sh-syntax/-/sh-syntax-0.4.1.tgz"},{"name":"LocalNodeModulesPath","value":"node_modules/sh-syntax"}],"evidence":{"identity":[{"field":"purl","confidence":1,"methods":[{"technique":"manifest-analysis","confidence":1,"value":"azdo-workspace/Services-Utilities/package-lock.json"}],"concludedValue":"azdo-workspace/Services-Utilities/package-lock.json"}]},"tags":["registry"]},{"group":"","name":"tslib","version":"2.6.2","scope":"optional","hashes":[{"alg":"SHA-512","content":"0046311fdde31853e7fdada2540c16f3b56e508911d45554281efb370305ee70530e40ebad3fc7a6dfc8ac2274417856dbb8d304371fe5963bc3a462a93330d9"}],"purl":"pkg:npm/tslib@2.6.2","type":"library","bom-ref":"pkg:npm/tslib@2.6.2","properties":[{"name":"SrcFile","value":"azdo-workspace/Services-Utilities/package-lock.json"},{"name":"ResolvedUrl","value":"https://registry.npmjs.org/tslib/-/tslib-2.6.2.tgz"},{"name":"LocalNodeModulesPath","value":"node_modules/tslib"}],"evidence":{"identity":[{"field":"purl","confidence":1,"methods":[{"technique":"manifest-analysis","confidence":1,"value":"azdo-workspace/Services-Utilities/package-lock.json"}],"concludedValue":"azdo-workspace/Services-Utilities/package-lock.json"}]},"tags":["registry"]}],"services":[],"dependencies":[{"ref":"pkg:npm/@cspell/dict-fr-fr@2.2.2","dependsOn":[]},{"ref":"pkg:npm/husky@9.1.2","dependsOn":[]},{"ref":"pkg:npm/prettier@3.3.3","dependsOn":[]},{"ref":"pkg:npm/mvdan-sh@0.10.1","dependsOn":[]},{"ref":"pkg:npm/tslib@2.6.2","dependsOn":[]},{"ref":"pkg:npm/sh-syntax@0.4.1","dependsOn":["pkg:npm/tslib@2.6.2"]},{"ref":"pkg:npm/prettier-plugin-sh@0.14.0","dependsOn":["pkg:npm/mvdan-sh@0.10.1","pkg:npm/prettier@3.3.3","pkg:npm/sh-syntax@0.4.1"]},{"ref":"pkg:npm/services-utilities@1.2.0","dependsOn":["pkg:npm/@cspell/dict-fr-fr@2.2.2","pkg:npm/husky@9.1.2","pkg:npm/prettier-plugin-sh@0.14.0","pkg:npm/prettier@3.3.3"]}],"annotations":[{"bom-ref":"metadata-annotations","subjects":["pkg:npm/services-utilities@1.2.0"],"annotator":{"component":{"group":"@cyclonedx","name":"cdxgen","version":"11.7.0","purl":"pkg:npm/%40cyclonedx/cdxgen@11.7.0","type":"application","bom-ref":"pkg:npm/@cyclonedx/cdxgen@11.7.0","publisher":"OWASP Foundation","authors":[{"name":"OWASP Foundation"}]}},"timestamp":"2025-09-22T19:09:46Z","text":"This Software Bill-of-Materials (SBOM) document was created on Monday, September 22, 2025 with cdxgen. The data was captured during the build lifecycle phase. The document describes an application named 'services-utilities' with version '1.2.0'. There are 7 components. The package type in this SBOM is npm with a single purl namespace '@cspell' described under components. The components were identified from the source files: azdo-workspace/Services-Utilities/package-lock.json."}]}