{"bomFormat":"CycloneDX","specVersion":"1.6","serialNumber":"urn:uuid:41445ee6-0f47-452a-b063-227296540685","version":1,"metadata":{"timestamp":"2025-09-22T19:43:12Z","tools":{"components":[{"group":"@cyclonedx","name":"cdxgen","version":"11.7.0","purl":"pkg:npm/%40cyclonedx/cdxgen@11.7.0","type":"application","bom-ref":"pkg:npm/@cyclonedx/cdxgen@11.7.0","publisher":"OWASP Foundation","authors":[{"name":"OWASP Foundation"}]}]},"authors":[{"name":"OWASP Foundation"}],"lifecycles":[{"phase":"build"}],"properties":[]},"components":[],"services":[],"dependencies":[],"annotations":[]}