{"bomFormat":"CycloneDX","specVersion":"1.6","serialNumber":"urn:uuid:4865051a-528c-4bc8-b996-6c2f4f07f557","version":1,"metadata":{"timestamp":"2025-09-22T19:39:55Z","tools":{"components":[{"group":"@cyclonedx","name":"cdxgen","version":"11.7.0","purl":"pkg:npm/%40cyclonedx/cdxgen@11.7.0","type":"application","bom-ref":"pkg:npm/@cyclonedx/cdxgen@11.7.0","publisher":"OWASP Foundation","authors":[{"name":"OWASP Foundation"}]}]},"authors":[{"name":"OWASP Foundation"}],"lifecycles":[{"phase":"build"}],"properties":[]},"components":[],"services":[],"dependencies":[],"annotations":[]}