{"bomFormat":"CycloneDX","specVersion":"1.6","serialNumber":"urn:uuid:7b917534-d419-484b-89cd-3ac5c1d0358a","version":1,"metadata":{"timestamp":"2025-09-22T19:25:19Z","tools":{"components":[{"group":"@cyclonedx","name":"cdxgen","version":"11.7.0","purl":"pkg:npm/%40cyclonedx/cdxgen@11.7.0","type":"application","bom-ref":"pkg:npm/@cyclonedx/cdxgen@11.7.0","publisher":"OWASP Foundation","authors":[{"name":"OWASP Foundation"}]}]},"authors":[{"name":"OWASP Foundation"}],"lifecycles":[{"phase":"build"}],"component":{"name":"charts","group":"","version":"1.0.0","description":"Cegid Loop Helm charts","purl":"pkg:npm/charts@1.0.0","bom-ref":"pkg:npm/charts@1.0.0","author":"Cegid ©","type":"application","licenses":[{"expression":"SEE LICENSE IN LICENSE"}],"externalReferences":[{"type":"vcs","url":"https://dev.azure.com/cegid/Loop/_git/charts"}]},"properties":[{"name":"cdx:bom:componentTypes","value":"npm"},{"name":"cdx:bom:componentNamespaces","value":"@cspell\\n@reteps"},{"name":"cdx:bom:componentSrcFiles","value":"azdo-workspace/charts/package-lock.json"}]},"components":[{"group":"@cspell","name":"dict-bash","version":"4.2.1","scope":"optional","hashes":[{"alg":"SHA-512","content":"4819f37c0c840192c8f4a152ec3506e97735bc316e2e5958de3cf4587be6c5ef3fe31577b9f144ddf1b16a54e291cd5555e660666c58880070e221b156575812"}],"licenses":[{"license":{"id":"MIT","url":"https://opensource.org/licenses/MIT"}}],"purl":"pkg:npm/%40cspell/dict-bash@4.2.1","type":"library","bom-ref":"pkg:npm/@cspell/dict-bash@4.2.1","properties":[{"name":"SrcFile","value":"azdo-workspace/charts/package-lock.json"},{"name":"ResolvedUrl","value":"https://cegid.jfrog.io/cegid/api/npm/all-npm/@cspell/dict-bash/-/dict-bash-4.2.1.tgz"},{"name":"LocalNodeModulesPath","value":"node_modules/@cspell/dict-bash"}],"evidence":{"identity":[{"field":"purl","confidence":1,"methods":[{"technique":"manifest-analysis","confidence":1,"value":"azdo-workspace/charts/package-lock.json"}],"concludedValue":"azdo-workspace/charts/package-lock.json"}]}},{"group":"@cspell","name":"dict-shell","version":"1.1.1","scope":"optional","hashes":[{"alg":"SHA-512","content":"4f7ee863113b395d71ff50f8ff5dd8f096466b54200c25d5ec056ddc72d78e7d057b74da343bdfe6c5347c69d72a604fa8516b1dda43deebad0106f5765a75e6"}],"licenses":[{"license":{"id":"MIT","url":"https://opensource.org/licenses/MIT"}}],"purl":"pkg:npm/%40cspell/dict-shell@1.1.1","type":"library","bom-ref":"pkg:npm/@cspell/dict-shell@1.1.1","properties":[{"name":"SrcFile","value":"azdo-workspace/charts/package-lock.json"},{"name":"ResolvedUrl","value":"https://cegid.jfrog.io/cegid/api/npm/all-npm/@cspell/dict-shell/-/dict-shell-1.1.1.tgz"},{"name":"LocalNodeModulesPath","value":"node_modules/@cspell/dict-shell"}],"evidence":{"identity":[{"field":"purl","confidence":1,"methods":[{"technique":"manifest-analysis","confidence":1,"value":"azdo-workspace/charts/package-lock.json"}],"concludedValue":"azdo-workspace/charts/package-lock.json"}]}},{"group":"@cspell","name":"dict-companies","version":"3.2.5","scope":"optional","hashes":[{"alg":"SHA-512","content":"1f9d51d30edce91c0924fa87ec6b3ae6dccfea8b99b180c41e69a897a308224d2441a38806e14fd81def2311cb52bd843d154566c316f0d8bb366572690970b2"}],"licenses":[{"license":{"id":"MIT","url":"https://opensource.org/licenses/MIT"}}],"purl":"pkg:npm/%40cspell/dict-companies@3.2.5","type":"library","bom-ref":"pkg:npm/@cspell/dict-companies@3.2.5","properties":[{"name":"SrcFile","value":"azdo-workspace/charts/package-lock.json"},{"name":"ResolvedUrl","value":"https://cegid.jfrog.io/cegid/api/npm/all-npm/@cspell/dict-companies/-/dict-companies-3.2.5.tgz"},{"name":"LocalNodeModulesPath","value":"node_modules/@cspell/dict-companies"}],"evidence":{"identity":[{"field":"purl","confidence":1,"methods":[{"technique":"manifest-analysis","confidence":1,"value":"azdo-workspace/charts/package-lock.json"}],"concludedValue":"azdo-workspace/charts/package-lock.json"}]}},{"group":"@cspell","name":"dict-css","version":"4.0.18","scope":"optional","hashes":[{"alg":"SHA-512","content":"105efb46a44e1cbfb82e13065b935378aa9f51dfdee0e3afe840c543f5104221725aeaa410ac84cf434320bc4e1715941157634f6190d9c0bbb75d81ea9112c2"}],"licenses":[{"license":{"id":"MIT","url":"https://opensource.org/licenses/MIT"}}],"purl":"pkg:npm/%40cspell/dict-css@4.0.18","type":"library","bom-ref":"pkg:npm/@cspell/dict-css@4.0.18","properties":[{"name":"SrcFile","value":"azdo-workspace/charts/package-lock.json"},{"name":"ResolvedUrl","value":"https://cegid.jfrog.io/cegid/api/npm/all-npm/@cspell/dict-css/-/dict-css-4.0.18.tgz"},{"name":"LocalNodeModulesPath","value":"node_modules/@cspell/dict-css"}],"evidence":{"identity":[{"field":"purl","confidence":1,"methods":[{"technique":"manifest-analysis","confidence":1,"value":"azdo-workspace/charts/package-lock.json"}],"concludedValue":"azdo-workspace/charts/package-lock.json"}]}},{"group":"@cspell","name":"dict-docker","version":"1.1.16","scope":"optional","hashes":[{"alg":"SHA-512","content":"522550e5198283a8f4a86231ac19da8b7a4807e69828bdf36891af5e4d4efdeaed4ca2627fd4598a429708482a85a09833078ce1fb8ba964959b0de1535eb823"}],"licenses":[{"license":{"id":"MIT","url":"https://opensource.org/licenses/MIT"}}],"purl":"pkg:npm/%40cspell/dict-docker@1.1.16","type":"library","bom-ref":"pkg:npm/@cspell/dict-docker@1.1.16","properties":[{"name":"SrcFile","value":"azdo-workspace/charts/package-lock.json"},{"name":"ResolvedUrl","value":"https://cegid.jfrog.io/cegid/api/npm/all-npm/@cspell/dict-docker/-/dict-docker-1.1.16.tgz"},{"name":"LocalNodeModulesPath","value":"node_modules/@cspell/dict-docker"}],"evidence":{"identity":[{"field":"purl","confidence":1,"methods":[{"technique":"manifest-analysis","confidence":1,"value":"azdo-workspace/charts/package-lock.json"}],"concludedValue":"azdo-workspace/charts/package-lock.json"}]}},{"group":"@cspell","name":"dict-fr-fr","version":"2.3.2","scope":"optional","hashes":[{"alg":"SHA-512","content":"70f36395abd288c7c7fdb07f665e46105fbde2ce82efb99dbe086f56c725728d4bcb45563771291f92fd104ddb0c62c3a44ee6f449d87d1b3c4ce7d9ba01ab52"}],"licenses":[{"license":{"id":"MIT","url":"https://opensource.org/licenses/MIT"}}],"purl":"pkg:npm/%40cspell/dict-fr-fr@2.3.2","type":"library","bom-ref":"pkg:npm/@cspell/dict-fr-fr@2.3.2","properties":[{"name":"SrcFile","value":"azdo-workspace/charts/package-lock.json"},{"name":"ResolvedUrl","value":"https://cegid.jfrog.io/cegid/api/npm/all-npm/@cspell/dict-fr-fr/-/dict-fr-fr-2.3.2.tgz"},{"name":"LocalNodeModulesPath","value":"node_modules/@cspell/dict-fr-fr"}],"evidence":{"identity":[{"field":"purl","confidence":1,"methods":[{"technique":"manifest-analysis","confidence":1,"value":"azdo-workspace/charts/package-lock.json"}],"concludedValue":"azdo-workspace/charts/package-lock.json"}]}},{"group":"@cspell","name":"dict-git","version":"3.0.7","scope":"optional","hashes":[{"alg":"SHA-512","content":"a1d3b054a81fc4241f8926fe9db95065ce04ad79a75849eff17c24688e2c349edc366a239efa2061578caa45cf8ef7eb804722cc4100e144510f632ce4f0e4d7"}],"licenses":[{"license":{"id":"MIT","url":"https://opensource.org/licenses/MIT"}}],"purl":"pkg:npm/%40cspell/dict-git@3.0.7","type":"library","bom-ref":"pkg:npm/@cspell/dict-git@3.0.7","properties":[{"name":"SrcFile","value":"azdo-workspace/charts/package-lock.json"},{"name":"ResolvedUrl","value":"https://cegid.jfrog.io/cegid/api/npm/all-npm/@cspell/dict-git/-/dict-git-3.0.7.tgz"},{"name":"LocalNodeModulesPath","value":"node_modules/@cspell/dict-git"}],"evidence":{"identity":[{"field":"purl","confidence":1,"methods":[{"technique":"manifest-analysis","confidence":1,"value":"azdo-workspace/charts/package-lock.json"}],"concludedValue":"azdo-workspace/charts/package-lock.json"}]}},{"group":"@cspell","name":"dict-html","version":"4.0.12","scope":"optional","hashes":[{"alg":"SHA-512","content":"2457df435743544c89abab420d6bf4aff46a91d4a7578dcfd85ff78c9f6bc0b81db0e217c106d7af3e900e5bd02d5bcd4a73911fd2a30ed7a7153183cb37c268"}],"licenses":[{"license":{"id":"MIT","url":"https://opensource.org/licenses/MIT"}}],"purl":"pkg:npm/%40cspell/dict-html@4.0.12","type":"library","bom-ref":"pkg:npm/@cspell/dict-html@4.0.12","properties":[{"name":"SrcFile","value":"azdo-workspace/charts/package-lock.json"},{"name":"ResolvedUrl","value":"https://cegid.jfrog.io/cegid/api/npm/all-npm/@cspell/dict-html/-/dict-html-4.0.12.tgz"},{"name":"LocalNodeModulesPath","value":"node_modules/@cspell/dict-html"}],"evidence":{"identity":[{"field":"purl","confidence":1,"methods":[{"technique":"manifest-analysis","confidence":1,"value":"azdo-workspace/charts/package-lock.json"}],"concludedValue":"azdo-workspace/charts/package-lock.json"}]}},{"group":"@cspell","name":"dict-k8s","version":"1.0.12","scope":"optional","hashes":[{"alg":"SHA-512","content":"d8b7259535a06937d80bb0e690c3ce9fd1ac056b00e0365d96e9f8a68f2cdb2b133fb08f12765cd597caea9676788e13b197a6954410f8d67131ef7f42eb50c6"}],"licenses":[{"license":{"id":"MIT","url":"https://opensource.org/licenses/MIT"}}],"purl":"pkg:npm/%40cspell/dict-k8s@1.0.12","type":"library","bom-ref":"pkg:npm/@cspell/dict-k8s@1.0.12","properties":[{"name":"SrcFile","value":"azdo-workspace/charts/package-lock.json"},{"name":"ResolvedUrl","value":"https://cegid.jfrog.io/cegid/api/npm/all-npm/@cspell/dict-k8s/-/dict-k8s-1.0.12.tgz"},{"name":"LocalNodeModulesPath","value":"node_modules/@cspell/dict-k8s"}],"evidence":{"identity":[{"field":"purl","confidence":1,"methods":[{"technique":"manifest-analysis","confidence":1,"value":"azdo-workspace/charts/package-lock.json"}],"concludedValue":"azdo-workspace/charts/package-lock.json"}]}},{"group":"@cspell","name":"dict-markdown","version":"2.0.12","scope":"optional","hashes":[{"alg":"SHA-512","content":"b9fc289623e28c0816903fe2bc0302f80f500fcf79c4a889445fdfc3092741bee4b7b368cd32ca140381b5718f240078523846069604255a367a5434142007f4"}],"licenses":[{"license":{"id":"MIT","url":"https://opensource.org/licenses/MIT"}}],"purl":"pkg:npm/%40cspell/dict-markdown@2.0.12","type":"library","bom-ref":"pkg:npm/@cspell/dict-markdown@2.0.12","properties":[{"name":"SrcFile","value":"azdo-workspace/charts/package-lock.json"},{"name":"ResolvedUrl","value":"https://cegid.jfrog.io/cegid/api/npm/all-npm/@cspell/dict-markdown/-/dict-markdown-2.0.12.tgz"},{"name":"LocalNodeModulesPath","value":"node_modules/@cspell/dict-markdown"}],"evidence":{"identity":[{"field":"purl","confidence":1,"methods":[{"technique":"manifest-analysis","confidence":1,"value":"azdo-workspace/charts/package-lock.json"}],"concludedValue":"azdo-workspace/charts/package-lock.json"}]}},{"group":"@cspell","name":"dict-html-symbol-entities","version":"4.0.4","scope":"optional","hashes":[{"alg":"SHA-512","content":"69f79afb4ac63c378e57d81d3b4e945b5f37420eb0461595920085c223b76c3ba9028c9746ebeea5b6f99d4caa493b0b5c828bf2ef2e5d0949f69933d3ba155f"}],"licenses":[{"license":{"id":"MIT","url":"https://opensource.org/licenses/MIT"}}],"purl":"pkg:npm/%40cspell/dict-html-symbol-entities@4.0.4","type":"library","bom-ref":"pkg:npm/@cspell/dict-html-symbol-entities@4.0.4","properties":[{"name":"SrcFile","value":"azdo-workspace/charts/package-lock.json"},{"name":"ResolvedUrl","value":"https://cegid.jfrog.io/cegid/api/npm/all-npm/@cspell/dict-html-symbol-entities/-/dict-html-symbol-entities-4.0.4.tgz"},{"name":"LocalNodeModulesPath","value":"node_modules/@cspell/dict-html-symbol-entities"}],"evidence":{"identity":[{"field":"purl","confidence":1,"methods":[{"technique":"manifest-analysis","confidence":1,"value":"azdo-workspace/charts/package-lock.json"}],"concludedValue":"azdo-workspace/charts/package-lock.json"}]}},{"group":"@cspell","name":"dict-typescript","version":"3.2.3","scope":"optional","hashes":[{"alg":"SHA-512","content":"cd7875c18b0d9634197d659d48f630421a708ae5b428f5b575277c89d8cc46f483d1a4af5961e85a5accb2665e465e2a3384021008ee6bcf9c8df966e3571006"}],"licenses":[{"license":{"id":"MIT","url":"https://opensource.org/licenses/MIT"}}],"purl":"pkg:npm/%40cspell/dict-typescript@3.2.3","type":"library","bom-ref":"pkg:npm/@cspell/dict-typescript@3.2.3","properties":[{"name":"SrcFile","value":"azdo-workspace/charts/package-lock.json"},{"name":"ResolvedUrl","value":"https://cegid.jfrog.io/cegid/api/npm/all-npm/@cspell/dict-typescript/-/dict-typescript-3.2.3.tgz"},{"name":"LocalNodeModulesPath","value":"node_modules/@cspell/dict-typescript"}],"evidence":{"identity":[{"field":"purl","confidence":1,"methods":[{"technique":"manifest-analysis","confidence":1,"value":"azdo-workspace/charts/package-lock.json"}],"concludedValue":"azdo-workspace/charts/package-lock.json"}]}},{"group":"@cspell","name":"dict-node","version":"5.0.8","scope":"optional","hashes":[{"alg":"SHA-512","content":"022ad970dda2f38ca77afde9dbfd4d08f1219cdb0728ccfdcdc8939e01a8aa9748b546f66c3b759c9063c25b2b148efc19946987f55aa93545c188a49a77295e"}],"licenses":[{"license":{"id":"MIT","url":"https://opensource.org/licenses/MIT"}}],"purl":"pkg:npm/%40cspell/dict-node@5.0.8","type":"library","bom-ref":"pkg:npm/@cspell/dict-node@5.0.8","properties":[{"name":"SrcFile","value":"azdo-workspace/charts/package-lock.json"},{"name":"ResolvedUrl","value":"https://cegid.jfrog.io/cegid/api/npm/all-npm/@cspell/dict-node/-/dict-node-5.0.8.tgz"},{"name":"LocalNodeModulesPath","value":"node_modules/@cspell/dict-node"}],"evidence":{"identity":[{"field":"purl","confidence":1,"methods":[{"technique":"manifest-analysis","confidence":1,"value":"azdo-workspace/charts/package-lock.json"}],"concludedValue":"azdo-workspace/charts/package-lock.json"}]}},{"group":"@cspell","name":"dict-npm","version":"5.2.17","scope":"optional","hashes":[{"alg":"SHA-512","content":"d32a7b9415ed3770adc41ae9bd3bbfc80b8f74e1d1dae70accfc5da6973754a3b4ebcc1a64da4a8a49f53590b3052ddd2001465484f350fb6e4d7c6df5cc674a"}],"licenses":[{"license":{"id":"MIT","url":"https://opensource.org/licenses/MIT"}}],"purl":"pkg:npm/%40cspell/dict-npm@5.2.17","type":"library","bom-ref":"pkg:npm/@cspell/dict-npm@5.2.17","properties":[{"name":"SrcFile","value":"azdo-workspace/charts/package-lock.json"},{"name":"ResolvedUrl","value":"https://cegid.jfrog.io/cegid/api/npm/all-npm/@cspell/dict-npm/-/dict-npm-5.2.17.tgz"},{"name":"LocalNodeModulesPath","value":"node_modules/@cspell/dict-npm"}],"evidence":{"identity":[{"field":"purl","confidence":1,"methods":[{"technique":"manifest-analysis","confidence":1,"value":"azdo-workspace/charts/package-lock.json"}],"concludedValue":"azdo-workspace/charts/package-lock.json"}]}},{"group":"@cspell","name":"dict-powershell","version":"5.0.15","scope":"optional","hashes":[{"alg":"SHA-512","content":"9784b93c072f0857150cc25286b603d17e87baff5d72c40f96c56c0466c7dfcc2fb8dee04bbf86c591408d33710e64d8d70acd8b57026ad4a0e8fbb6056e2b82"}],"licenses":[{"license":{"id":"MIT","url":"https://opensource.org/licenses/MIT"}}],"purl":"pkg:npm/%40cspell/dict-powershell@5.0.15","type":"library","bom-ref":"pkg:npm/@cspell/dict-powershell@5.0.15","properties":[{"name":"SrcFile","value":"azdo-workspace/charts/package-lock.json"},{"name":"ResolvedUrl","value":"https://cegid.jfrog.io/cegid/api/npm/all-npm/@cspell/dict-powershell/-/dict-powershell-5.0.15.tgz"},{"name":"LocalNodeModulesPath","value":"node_modules/@cspell/dict-powershell"}],"evidence":{"identity":[{"field":"purl","confidence":1,"methods":[{"technique":"manifest-analysis","confidence":1,"value":"azdo-workspace/charts/package-lock.json"}],"concludedValue":"azdo-workspace/charts/package-lock.json"}]}},{"group":"@cspell","name":"dict-python","version":"4.2.19","scope":"optional","hashes":[{"alg":"SHA-512","content":"f52da04e58082e9d5e6fa38971565e0bcfce77cdcdf04a814a0e561d5a71f7b78c3098627cecde3e4134903623c8732d005ce70904d4bb4890109a21350e41d0"}],"licenses":[{"license":{"id":"MIT","url":"https://opensource.org/licenses/MIT"}}],"purl":"pkg:npm/%40cspell/dict-python@4.2.19","type":"library","bom-ref":"pkg:npm/@cspell/dict-python@4.2.19","properties":[{"name":"SrcFile","value":"azdo-workspace/charts/package-lock.json"},{"name":"ResolvedUrl","value":"https://cegid.jfrog.io/cegid/api/npm/all-npm/@cspell/dict-python/-/dict-python-4.2.19.tgz"},{"name":"LocalNodeModulesPath","value":"node_modules/@cspell/dict-python"}],"evidence":{"identity":[{"field":"purl","confidence":1,"methods":[{"technique":"manifest-analysis","confidence":1,"value":"azdo-workspace/charts/package-lock.json"}],"concludedValue":"azdo-workspace/charts/package-lock.json"}]}},{"group":"@cspell","name":"dict-data-science","version":"2.0.9","scope":"optional","hashes":[{"alg":"SHA-512","content":"c13385325c6fd3abde23029d5d4c1d1b1ad070ae3866ab38dba9ba246807201fc6aaf89e6500b99f4508fad526e4e0b1b8dca8e0e57a9b2953e1c44c8ed2ad59"}],"licenses":[{"license":{"id":"MIT","url":"https://opensource.org/licenses/MIT"}}],"purl":"pkg:npm/%40cspell/dict-data-science@2.0.9","type":"library","bom-ref":"pkg:npm/@cspell/dict-data-science@2.0.9","properties":[{"name":"SrcFile","value":"azdo-workspace/charts/package-lock.json"},{"name":"ResolvedUrl","value":"https://cegid.jfrog.io/cegid/api/npm/all-npm/@cspell/dict-data-science/-/dict-data-science-2.0.9.tgz"},{"name":"LocalNodeModulesPath","value":"node_modules/@cspell/dict-data-science"}],"evidence":{"identity":[{"field":"purl","confidence":1,"methods":[{"technique":"manifest-analysis","confidence":1,"value":"azdo-workspace/charts/package-lock.json"}],"concludedValue":"azdo-workspace/charts/package-lock.json"}]}},{"group":"@cspell","name":"dict-software-terms","version":"5.1.8","scope":"optional","hashes":[{"alg":"SHA-512","content":"8b00872cfd753a6547117d8ccc4f043f1a4fc3b05e96f95dc567b9709df15c80cbf138c5d9d053b369e819caea9d98b5e522d82253bcf3dec120e6b7dd61c764"}],"licenses":[{"license":{"id":"MIT","url":"https://opensource.org/licenses/MIT"}}],"purl":"pkg:npm/%40cspell/dict-software-terms@5.1.8","type":"library","bom-ref":"pkg:npm/@cspell/dict-software-terms@5.1.8","properties":[{"name":"SrcFile","value":"azdo-workspace/charts/package-lock.json"},{"name":"ResolvedUrl","value":"https://cegid.jfrog.io/cegid/api/npm/all-npm/@cspell/dict-software-terms/-/dict-software-terms-5.1.8.tgz"},{"name":"LocalNodeModulesPath","value":"node_modules/@cspell/dict-software-terms"}],"evidence":{"identity":[{"field":"purl","confidence":1,"methods":[{"technique":"manifest-analysis","confidence":1,"value":"azdo-workspace/charts/package-lock.json"}],"concludedValue":"azdo-workspace/charts/package-lock.json"}]}},{"group":"@cspell","name":"dict-sql","version":"2.2.1","scope":"optional","hashes":[{"alg":"SHA-512","content":"a831c5f0ca406027f8a5653c34a6e7546ce4a3130dac5a811f21bf760ae589ce444222803422c42d8b46957e5ab883032e64dfd629c0d1e36dbfbe2dc9127fbe"}],"licenses":[{"license":{"id":"MIT","url":"https://opensource.org/licenses/MIT"}}],"purl":"pkg:npm/%40cspell/dict-sql@2.2.1","type":"library","bom-ref":"pkg:npm/@cspell/dict-sql@2.2.1","properties":[{"name":"SrcFile","value":"azdo-workspace/charts/package-lock.json"},{"name":"ResolvedUrl","value":"https://cegid.jfrog.io/cegid/api/npm/all-npm/@cspell/dict-sql/-/dict-sql-2.2.1.tgz"},{"name":"LocalNodeModulesPath","value":"node_modules/@cspell/dict-sql"}],"evidence":{"identity":[{"field":"purl","confidence":1,"methods":[{"technique":"manifest-analysis","confidence":1,"value":"azdo-workspace/charts/package-lock.json"}],"concludedValue":"azdo-workspace/charts/package-lock.json"}]},"tags":["sql"]},{"group":"","name":"husky","version":"9.1.7","scope":"optional","hashes":[{"alg":"SHA-512","content":"e60b39cad68d8c1ae1e4ec37cebbdd51463ed15c48b9654be22f62aede9fae257e06a7427e6575d4241358c8816161db5e1728f89d641df4ce52478f8420ef30"}],"licenses":[{"license":{"id":"MIT","url":"https://opensource.org/licenses/MIT"}}],"purl":"pkg:npm/husky@9.1.7","type":"library","bom-ref":"pkg:npm/husky@9.1.7","properties":[{"name":"SrcFile","value":"azdo-workspace/charts/package-lock.json"},{"name":"ResolvedUrl","value":"https://cegid.jfrog.io/cegid/api/npm/all-npm/husky/-/husky-9.1.7.tgz"},{"name":"LocalNodeModulesPath","value":"node_modules/husky"},{"name":"cdx:npm:binPaths","value":"/Users/etienne/Developer/clients/shai_hulud/azdo-workspace/charts/node_modules/.bin/husky"}],"evidence":{"identity":[{"field":"purl","confidence":1,"methods":[{"technique":"manifest-analysis","confidence":1,"value":"azdo-workspace/charts/package-lock.json"}],"concludedValue":"azdo-workspace/charts/package-lock.json"}]}},{"group":"","name":"prettier","version":"3.6.2","scope":"optional","hashes":[{"alg":"SHA-512","content":"23b0088396e802be51d0516d27aac27c3f8b16c587a7cd5da25ac50fc4bbf54f6d6fc033da71ab2677273129f2b3e6e94097d1533aacf619c0f35380037842b9"}],"licenses":[{"license":{"id":"MIT","url":"https://opensource.org/licenses/MIT"}}],"purl":"pkg:npm/prettier@3.6.2","type":"library","bom-ref":"pkg:npm/prettier@3.6.2","properties":[{"name":"SrcFile","value":"azdo-workspace/charts/package-lock.json"},{"name":"ResolvedUrl","value":"https://cegid.jfrog.io/cegid/api/npm/all-npm/prettier/-/prettier-3.6.2.tgz"},{"name":"LocalNodeModulesPath","value":"node_modules/prettier"},{"name":"cdx:npm:binPaths","value":"/Users/etienne/Developer/clients/shai_hulud/azdo-workspace/charts/node_modules/.bin/prettier"}],"evidence":{"identity":[{"field":"purl","confidence":1,"methods":[{"technique":"manifest-analysis","confidence":1,"value":"azdo-workspace/charts/package-lock.json"}],"concludedValue":"azdo-workspace/charts/package-lock.json"}]}},{"group":"","name":"prettier-plugin-sh","version":"0.18.0","scope":"optional","hashes":[{"alg":"SHA-512","content":"716d572f6ec538943fa861ce5ba207c1d0a235642c0202be7de03c57afb1513687d1c0f7321fad140b41bc4116bee63a8530f3455f78dc5cde8a2faa30e87b9d"}],"licenses":[{"license":{"id":"MIT","url":"https://opensource.org/licenses/MIT"}}],"purl":"pkg:npm/prettier-plugin-sh@0.18.0","type":"library","bom-ref":"pkg:npm/prettier-plugin-sh@0.18.0","properties":[{"name":"SrcFile","value":"azdo-workspace/charts/package-lock.json"},{"name":"ResolvedUrl","value":"https://cegid.jfrog.io/cegid/api/npm/all-npm/prettier-plugin-sh/-/prettier-plugin-sh-0.18.0.tgz"},{"name":"LocalNodeModulesPath","value":"node_modules/prettier-plugin-sh"}],"evidence":{"identity":[{"field":"purl","confidence":1,"methods":[{"technique":"manifest-analysis","confidence":1,"value":"azdo-workspace/charts/package-lock.json"}],"concludedValue":"azdo-workspace/charts/package-lock.json"}]}},{"group":"@reteps","name":"dockerfmt","version":"0.3.6","scope":"optional","hashes":[{"alg":"SHA-512","content":"4dbe7020cbc17ff9cb7a34d0eb592b2bae38fc210c07f72989a2055ea180a5f1aa3b71b0711dea9c8d036e69055429763b2129f0b9cb5f7124b9ca0bd3eb5b16"}],"licenses":[{"license":{"id":"MIT","url":"https://opensource.org/licenses/MIT"}}],"purl":"pkg:npm/%40reteps/dockerfmt@0.3.6","type":"library","bom-ref":"pkg:npm/@reteps/dockerfmt@0.3.6","properties":[{"name":"SrcFile","value":"azdo-workspace/charts/package-lock.json"},{"name":"ResolvedUrl","value":"https://cegid.jfrog.io/cegid/api/npm/all-npm/@reteps/dockerfmt/-/dockerfmt-0.3.6.tgz"},{"name":"LocalNodeModulesPath","value":"node_modules/@reteps/dockerfmt"}],"evidence":{"identity":[{"field":"purl","confidence":1,"methods":[{"technique":"manifest-analysis","confidence":1,"value":"azdo-workspace/charts/package-lock.json"}],"concludedValue":"azdo-workspace/charts/package-lock.json"}]}},{"group":"","name":"sh-syntax","version":"0.5.8","scope":"optional","hashes":[{"alg":"SHA-512","content":"25f568c5fe05c50239aa9b0f6e41e1668fa7e8df58309a1bca5e281845016ffdf5a106258138e45d00fc3c189a7d2d946d6a31ad33b46793c95015c43c01b567"}],"licenses":[{"license":{"id":"MIT","url":"https://opensource.org/licenses/MIT"}}],"purl":"pkg:npm/sh-syntax@0.5.8","type":"library","bom-ref":"pkg:npm/sh-syntax@0.5.8","properties":[{"name":"SrcFile","value":"azdo-workspace/charts/package-lock.json"},{"name":"ResolvedUrl","value":"https://cegid.jfrog.io/cegid/api/npm/all-npm/sh-syntax/-/sh-syntax-0.5.8.tgz"},{"name":"LocalNodeModulesPath","value":"node_modules/sh-syntax"}],"evidence":{"identity":[{"field":"purl","confidence":1,"methods":[{"technique":"manifest-analysis","confidence":1,"value":"azdo-workspace/charts/package-lock.json"}],"concludedValue":"azdo-workspace/charts/package-lock.json"}]}},{"group":"","name":"tslib","version":"2.8.1","scope":"optional","hashes":[{"alg":"SHA-512","content":"a0916ef781d06fe29576e49440bef09e99aa9df98bb0e03f9c087a6fa107d30084a0ad3f98f79753a737c0a0d5f373243ae1cf447b525ca294f7d2016b34bfdb"}],"licenses":[{"license":{"id":"0BSD","url":"https://opensource.org/licenses/0BSD"}}],"purl":"pkg:npm/tslib@2.8.1","type":"library","bom-ref":"pkg:npm/tslib@2.8.1","properties":[{"name":"SrcFile","value":"azdo-workspace/charts/package-lock.json"},{"name":"ResolvedUrl","value":"https://cegid.jfrog.io/cegid/api/npm/all-npm/tslib/-/tslib-2.8.1.tgz"},{"name":"LocalNodeModulesPath","value":"node_modules/tslib"}],"evidence":{"identity":[{"field":"purl","confidence":1,"methods":[{"technique":"manifest-analysis","confidence":1,"value":"azdo-workspace/charts/package-lock.json"}],"concludedValue":"azdo-workspace/charts/package-lock.json"}]}}],"services":[],"dependencies":[{"ref":"pkg:npm/@cspell/dict-shell@1.1.1","dependsOn":[]},{"ref":"pkg:npm/@cspell/dict-bash@4.2.1","dependsOn":["pkg:npm/@cspell/dict-shell@1.1.1"]},{"ref":"pkg:npm/@cspell/dict-companies@3.2.5","dependsOn":[]},{"ref":"pkg:npm/@cspell/dict-css@4.0.18","dependsOn":[]},{"ref":"pkg:npm/@cspell/dict-docker@1.1.16","dependsOn":[]},{"ref":"pkg:npm/@cspell/dict-fr-fr@2.3.2","dependsOn":[]},{"ref":"pkg:npm/@cspell/dict-git@3.0.7","dependsOn":[]},{"ref":"pkg:npm/@cspell/dict-html@4.0.12","dependsOn":[]},{"ref":"pkg:npm/@cspell/dict-k8s@1.0.12","dependsOn":[]},{"ref":"pkg:npm/@cspell/dict-html-symbol-entities@4.0.4","dependsOn":[]},{"ref":"pkg:npm/@cspell/dict-typescript@3.2.3","dependsOn":[]},{"ref":"pkg:npm/@cspell/dict-markdown@2.0.12","dependsOn":["pkg:npm/@cspell/dict-css@4.0.18","pkg:npm/@cspell/dict-html-symbol-entities@4.0.4","pkg:npm/@cspell/dict-html@4.0.12","pkg:npm/@cspell/dict-typescript@3.2.3"]},{"ref":"pkg:npm/@cspell/dict-node@5.0.8","dependsOn":[]},{"ref":"pkg:npm/@cspell/dict-npm@5.2.17","dependsOn":[]},{"ref":"pkg:npm/@cspell/dict-powershell@5.0.15","dependsOn":[]},{"ref":"pkg:npm/@cspell/dict-data-science@2.0.9","dependsOn":[]},{"ref":"pkg:npm/@cspell/dict-python@4.2.19","dependsOn":["pkg:npm/@cspell/dict-data-science@2.0.9"]},{"ref":"pkg:npm/@cspell/dict-software-terms@5.1.8","dependsOn":[]},{"ref":"pkg:npm/@cspell/dict-sql@2.2.1","dependsOn":[]},{"ref":"pkg:npm/husky@9.1.7","dependsOn":[]},{"ref":"pkg:npm/prettier@3.6.2","dependsOn":[]},{"ref":"pkg:npm/@reteps/dockerfmt@0.3.6","dependsOn":[]},{"ref":"pkg:npm/tslib@2.8.1","dependsOn":[]},{"ref":"pkg:npm/sh-syntax@0.5.8","dependsOn":["pkg:npm/tslib@2.8.1"]},{"ref":"pkg:npm/prettier-plugin-sh@0.18.0","dependsOn":["pkg:npm/@reteps/dockerfmt@0.3.6","pkg:npm/prettier@3.6.2","pkg:npm/sh-syntax@0.5.8"]},{"ref":"pkg:npm/charts@1.0.0","dependsOn":["pkg:npm/@cspell/dict-bash@4.2.1","pkg:npm/@cspell/dict-companies@3.2.5","pkg:npm/@cspell/dict-css@4.0.18","pkg:npm/@cspell/dict-docker@1.1.16","pkg:npm/@cspell/dict-fr-fr@2.3.2","pkg:npm/@cspell/dict-git@3.0.7","pkg:npm/@cspell/dict-html@4.0.12","pkg:npm/@cspell/dict-k8s@1.0.12","pkg:npm/@cspell/dict-markdown@2.0.12","pkg:npm/@cspell/dict-node@5.0.8","pkg:npm/@cspell/dict-npm@5.2.17","pkg:npm/@cspell/dict-powershell@5.0.15","pkg:npm/@cspell/dict-python@4.2.19","pkg:npm/@cspell/dict-software-terms@5.1.8","pkg:npm/@cspell/dict-sql@2.2.1","pkg:npm/@cspell/dict-typescript@3.2.3","pkg:npm/husky@9.1.7","pkg:npm/prettier-plugin-sh@0.18.0","pkg:npm/prettier@3.6.2"]}],"annotations":[{"bom-ref":"metadata-annotations","subjects":["pkg:npm/charts@1.0.0"],"annotator":{"component":{"group":"@cyclonedx","name":"cdxgen","version":"11.7.0","purl":"pkg:npm/%40cyclonedx/cdxgen@11.7.0","type":"application","bom-ref":"pkg:npm/@cyclonedx/cdxgen@11.7.0","publisher":"OWASP Foundation","authors":[{"name":"OWASP Foundation"}]}},"timestamp":"2025-09-22T19:25:19Z","text":"This Software Bill-of-Materials (SBOM) document was created on Monday, September 22, 2025 with cdxgen. The data was captured during the build lifecycle phase. The document describes an application named 'charts' with version '1.0.0'. There are 25 components. The package type in this SBOM is npm with 2 purl namespaces described under components. The components were identified from the source files: azdo-workspace/charts/package-lock.json."}]}