{"bomFormat":"CycloneDX","specVersion":"1.6","serialNumber":"urn:uuid:0fdf4801-b5d9-4c4b-bea8-5e3c29d82032","version":1,"metadata":{"timestamp":"2025-09-22T19:25:36Z","tools":{"components":[{"group":"@cyclonedx","name":"cdxgen","version":"11.7.0","purl":"pkg:npm/%40cyclonedx/cdxgen@11.7.0","type":"application","bom-ref":"pkg:npm/@cyclonedx/cdxgen@11.7.0","publisher":"OWASP Foundation","authors":[{"name":"OWASP Foundation"}]}]},"authors":[{"name":"OWASP Foundation"}],"lifecycles":[{"phase":"build"}],"component":{"name":"developers-utilities","group":"","version":"1.0.2","description":"A repository that contains utilities for developers.","purl":"pkg:npm/developers-utilities@1.0.2","bom-ref":"pkg:npm/developers-utilities@1.0.2","author":"Cegid ©","type":"application","licenses":[{"expression":"SEE LICENSE IN LICENSE"}],"components":[{"group":"","name":"Developers-Utilities","version":"latest","purl":"pkg:pypi/developers-utilities@latest","type":"application","bom-ref":"pkg:pypi/developers-utilities@latest"}]},"properties":[{"name":"cdx:bom:componentTypes","value":"npm\\npypi"},{"name":"cdx:bom:componentNamespaces","value":"@cspell"},{"name":"cdx:bom:componentSrcFiles","value":"azdo-workspace/Developers-Utilities/package-lock.json\\nazdo-workspace/Developers-Utilities/scripts/prCollector/requirements.txt"}]},"components":[{"group":"@cspell","name":"dict-bash","version":"4.2.0","scope":"optional","hashes":[{"alg":"SHA-512","content":"1cec8e4bee006c202b647b3fc0cc57fdaa51923c60e8d0d676dd2317d8bd5e4bc941496d330121c80d935988d0d24b2c06c9e87fef5a99ac769618999e1de40a"}],"licenses":[{"license":{"id":"MIT","url":"https://opensource.org/licenses/MIT"}}],"purl":"pkg:npm/%40cspell/dict-bash@4.2.0","type":"library","bom-ref":"pkg:npm/@cspell/dict-bash@4.2.0","properties":[{"name":"SrcFile","value":"azdo-workspace/Developers-Utilities/package-lock.json"},{"name":"ResolvedUrl","value":"https://cegid.jfrog.io/cegid/api/npm/all-npm/@cspell/dict-bash/-/dict-bash-4.2.0.tgz"},{"name":"LocalNodeModulesPath","value":"node_modules/@cspell/dict-bash"}],"evidence":{"identity":[{"field":"purl","confidence":1,"methods":[{"technique":"manifest-analysis","confidence":1,"value":"azdo-workspace/Developers-Utilities/package-lock.json"}],"concludedValue":"azdo-workspace/Developers-Utilities/package-lock.json"}]}},{"group":"@cspell","name":"dict-shell","version":"1.1.0","scope":"optional","hashes":[{"alg":"SHA-512","content":"0ffc475d7ed3dfb049c4d45fe49247b2fce2143be1db7205fcabe465735287c56a711768777040cfd5461d97fa543a9c657af5551a88611de643c0d2becdc055"}],"licenses":[{"license":{"id":"MIT","url":"https://opensource.org/licenses/MIT"}}],"purl":"pkg:npm/%40cspell/dict-shell@1.1.0","type":"library","bom-ref":"pkg:npm/@cspell/dict-shell@1.1.0","properties":[{"name":"SrcFile","value":"azdo-workspace/Developers-Utilities/package-lock.json"},{"name":"ResolvedUrl","value":"https://cegid.jfrog.io/cegid/api/npm/all-npm/@cspell/dict-shell/-/dict-shell-1.1.0.tgz"},{"name":"LocalNodeModulesPath","value":"node_modules/@cspell/dict-shell"}],"evidence":{"identity":[{"field":"purl","confidence":1,"methods":[{"technique":"manifest-analysis","confidence":1,"value":"azdo-workspace/Developers-Utilities/package-lock.json"}],"concludedValue":"azdo-workspace/Developers-Utilities/package-lock.json"}]}},{"group":"@cspell","name":"dict-companies","version":"3.1.12","scope":"optional","hashes":[{"alg":"SHA-512","content":"f7d17104d74b3907379d543aeb75e1ec9a832db232fc076a39e710e5b9371e9997a529280ef4d3ed70945399d066f98506bad095714a9514588cb7d310e50374"}],"licenses":[{"license":{"id":"MIT","url":"https://opensource.org/licenses/MIT"}}],"purl":"pkg:npm/%40cspell/dict-companies@3.1.12","type":"library","bom-ref":"pkg:npm/@cspell/dict-companies@3.1.12","properties":[{"name":"SrcFile","value":"azdo-workspace/Developers-Utilities/package-lock.json"},{"name":"ResolvedUrl","value":"https://cegid.jfrog.io/cegid/api/npm/all-npm/@cspell/dict-companies/-/dict-companies-3.1.12.tgz"},{"name":"LocalNodeModulesPath","value":"node_modules/@cspell/dict-companies"}],"evidence":{"identity":[{"field":"purl","confidence":1,"methods":[{"technique":"manifest-analysis","confidence":1,"value":"azdo-workspace/Developers-Utilities/package-lock.json"}],"concludedValue":"azdo-workspace/Developers-Utilities/package-lock.json"}]}},{"group":"@cspell","name":"dict-css","version":"4.0.17","scope":"optional","hashes":[{"alg":"SHA-512","content":"d848ac44b1e4e97fcf7627326f095a8cb18a1796897f8c675f6bae1b995ec6e60ab74e7157f27f3a20400e68bcabda1b8717f59deb2b3106ea02dfba0ac1e8ff"}],"licenses":[{"license":{"id":"MIT","url":"https://opensource.org/licenses/MIT"}}],"purl":"pkg:npm/%40cspell/dict-css@4.0.17","type":"library","bom-ref":"pkg:npm/@cspell/dict-css@4.0.17","properties":[{"name":"SrcFile","value":"azdo-workspace/Developers-Utilities/package-lock.json"},{"name":"ResolvedUrl","value":"https://cegid.jfrog.io/cegid/api/npm/all-npm/@cspell/dict-css/-/dict-css-4.0.17.tgz"},{"name":"LocalNodeModulesPath","value":"node_modules/@cspell/dict-css"}],"evidence":{"identity":[{"field":"purl","confidence":1,"methods":[{"technique":"manifest-analysis","confidence":1,"value":"azdo-workspace/Developers-Utilities/package-lock.json"}],"concludedValue":"azdo-workspace/Developers-Utilities/package-lock.json"}]}},{"group":"@cspell","name":"dict-docker","version":"1.1.12","scope":"optional","hashes":[{"alg":"SHA-512","content":"e9ddb964f067619693f43f409ffc7a83fe26939e3647c6d1de2a676f2dd0142c677dd77ac5a5a24dcc033ec0a0c0dd9a419210d635ff7e297d2a6044a882bfa8"}],"licenses":[{"license":{"id":"MIT","url":"https://opensource.org/licenses/MIT"}}],"purl":"pkg:npm/%40cspell/dict-docker@1.1.12","type":"library","bom-ref":"pkg:npm/@cspell/dict-docker@1.1.12","properties":[{"name":"SrcFile","value":"azdo-workspace/Developers-Utilities/package-lock.json"},{"name":"ResolvedUrl","value":"https://cegid.jfrog.io/cegid/api/npm/all-npm/@cspell/dict-docker/-/dict-docker-1.1.12.tgz"},{"name":"LocalNodeModulesPath","value":"node_modules/@cspell/dict-docker"}],"evidence":{"identity":[{"field":"purl","confidence":1,"methods":[{"technique":"manifest-analysis","confidence":1,"value":"azdo-workspace/Developers-Utilities/package-lock.json"}],"concludedValue":"azdo-workspace/Developers-Utilities/package-lock.json"}]}},{"group":"@cspell","name":"dict-fr-fr","version":"2.2.5","scope":"optional","hashes":[{"alg":"SHA-512","content":"00e034a56df3db5964de01ea0b68833e1b88a009b4a1107507043392b1a768acfd292d172827f9dd767422fb0907949c622a2b01307eca9c92473e18fa85ae21"}],"licenses":[{"license":{"id":"MIT","url":"https://opensource.org/licenses/MIT"}}],"purl":"pkg:npm/%40cspell/dict-fr-fr@2.2.5","type":"library","bom-ref":"pkg:npm/@cspell/dict-fr-fr@2.2.5","properties":[{"name":"SrcFile","value":"azdo-workspace/Developers-Utilities/package-lock.json"},{"name":"ResolvedUrl","value":"https://cegid.jfrog.io/cegid/api/npm/all-npm/@cspell/dict-fr-fr/-/dict-fr-fr-2.2.5.tgz"},{"name":"LocalNodeModulesPath","value":"node_modules/@cspell/dict-fr-fr"}],"evidence":{"identity":[{"field":"purl","confidence":1,"methods":[{"technique":"manifest-analysis","confidence":1,"value":"azdo-workspace/Developers-Utilities/package-lock.json"}],"concludedValue":"azdo-workspace/Developers-Utilities/package-lock.json"}]}},{"group":"@cspell","name":"dict-git","version":"3.0.4","scope":"optional","hashes":[{"alg":"SHA-512","content":"0b8e0cfa6e7aad89fa402b0b6e22a279dc8f4cc671943744600b0fc3094be5b84c0c3cd767721cf0e09022131b8ae9e108e2494fe7abe144663a633eb259678e"}],"licenses":[{"license":{"id":"MIT","url":"https://opensource.org/licenses/MIT"}}],"purl":"pkg:npm/%40cspell/dict-git@3.0.4","type":"library","bom-ref":"pkg:npm/@cspell/dict-git@3.0.4","properties":[{"name":"SrcFile","value":"azdo-workspace/Developers-Utilities/package-lock.json"},{"name":"ResolvedUrl","value":"https://cegid.jfrog.io/cegid/api/npm/all-npm/@cspell/dict-git/-/dict-git-3.0.4.tgz"},{"name":"LocalNodeModulesPath","value":"node_modules/@cspell/dict-git"}],"evidence":{"identity":[{"field":"purl","confidence":1,"methods":[{"technique":"manifest-analysis","confidence":1,"value":"azdo-workspace/Developers-Utilities/package-lock.json"}],"concludedValue":"azdo-workspace/Developers-Utilities/package-lock.json"}]}},{"group":"@cspell","name":"dict-html","version":"4.0.11","scope":"optional","hashes":[{"alg":"SHA-512","content":"411ddbfcf07def6491436c48091d4dc3f338e0827aae3ca9c330388e7f861fcc9d8c05fd69c14d7dcfa12d957235ed05aac13dd06c377af2c2388174bf2d6f43"}],"licenses":[{"license":{"id":"MIT","url":"https://opensource.org/licenses/MIT"}}],"purl":"pkg:npm/%40cspell/dict-html@4.0.11","type":"library","bom-ref":"pkg:npm/@cspell/dict-html@4.0.11","properties":[{"name":"SrcFile","value":"azdo-workspace/Developers-Utilities/package-lock.json"},{"name":"ResolvedUrl","value":"https://cegid.jfrog.io/cegid/api/npm/all-npm/@cspell/dict-html/-/dict-html-4.0.11.tgz"},{"name":"LocalNodeModulesPath","value":"node_modules/@cspell/dict-html"}],"evidence":{"identity":[{"field":"purl","confidence":1,"methods":[{"technique":"manifest-analysis","confidence":1,"value":"azdo-workspace/Developers-Utilities/package-lock.json"}],"concludedValue":"azdo-workspace/Developers-Utilities/package-lock.json"}]}},{"group":"@cspell","name":"dict-markdown","version":"2.0.9","scope":"optional","hashes":[{"alg":"SHA-512","content":"8f67ba120d7c0654dbd6630fd4393244530cfc52d2eea8998e5b69511cc3724079ef30d96d4cac90e15d978557ee322d65911e6347dedb66d23cec9c812d59e4"}],"licenses":[{"license":{"id":"MIT","url":"https://opensource.org/licenses/MIT"}}],"purl":"pkg:npm/%40cspell/dict-markdown@2.0.9","type":"library","bom-ref":"pkg:npm/@cspell/dict-markdown@2.0.9","properties":[{"name":"SrcFile","value":"azdo-workspace/Developers-Utilities/package-lock.json"},{"name":"ResolvedUrl","value":"https://cegid.jfrog.io/cegid/api/npm/all-npm/@cspell/dict-markdown/-/dict-markdown-2.0.9.tgz"},{"name":"LocalNodeModulesPath","value":"node_modules/@cspell/dict-markdown"}],"evidence":{"identity":[{"field":"purl","confidence":1,"methods":[{"technique":"manifest-analysis","confidence":1,"value":"azdo-workspace/Developers-Utilities/package-lock.json"}],"concludedValue":"azdo-workspace/Developers-Utilities/package-lock.json"}]}},{"group":"@cspell","name":"dict-html-symbol-entities","version":"4.0.3","scope":"optional","hashes":[{"alg":"SHA-512","content":"6800575fb74c2cd15d484f1a63ce385f8fa1bdf2bbf7beec3968195e8e0c4c60263b347ce76e1f8db24fb302012bb19a0f7f92805676c8fda8d0216f5c3185f8"}],"licenses":[{"license":{"id":"MIT","url":"https://opensource.org/licenses/MIT"}}],"purl":"pkg:npm/%40cspell/dict-html-symbol-entities@4.0.3","type":"library","bom-ref":"pkg:npm/@cspell/dict-html-symbol-entities@4.0.3","properties":[{"name":"SrcFile","value":"azdo-workspace/Developers-Utilities/package-lock.json"},{"name":"ResolvedUrl","value":"https://cegid.jfrog.io/cegid/api/npm/all-npm/@cspell/dict-html-symbol-entities/-/dict-html-symbol-entities-4.0.3.tgz"},{"name":"LocalNodeModulesPath","value":"node_modules/@cspell/dict-html-symbol-entities"}],"evidence":{"identity":[{"field":"purl","confidence":1,"methods":[{"technique":"manifest-analysis","confidence":1,"value":"azdo-workspace/Developers-Utilities/package-lock.json"}],"concludedValue":"azdo-workspace/Developers-Utilities/package-lock.json"}]}},{"group":"@cspell","name":"dict-typescript","version":"3.2.0","scope":"optional","hashes":[{"alg":"SHA-512","content":"3e4df335e3cb4fcaa0e75974338835212a30600106c53b8d7d9960914e52bc76bd0aeef1fc15a8c98abd16f737900ca88ac0a344fcaf585e2e458acf8ad3c317"}],"licenses":[{"license":{"id":"MIT","url":"https://opensource.org/licenses/MIT"}}],"purl":"pkg:npm/%40cspell/dict-typescript@3.2.0","type":"library","bom-ref":"pkg:npm/@cspell/dict-typescript@3.2.0","properties":[{"name":"SrcFile","value":"azdo-workspace/Developers-Utilities/package-lock.json"},{"name":"ResolvedUrl","value":"https://cegid.jfrog.io/cegid/api/npm/all-npm/@cspell/dict-typescript/-/dict-typescript-3.2.0.tgz"},{"name":"LocalNodeModulesPath","value":"node_modules/@cspell/dict-typescript"}],"evidence":{"identity":[{"field":"purl","confidence":1,"methods":[{"technique":"manifest-analysis","confidence":1,"value":"azdo-workspace/Developers-Utilities/package-lock.json"}],"concludedValue":"azdo-workspace/Developers-Utilities/package-lock.json"}]}},{"group":"@cspell","name":"dict-node","version":"5.0.6","scope":"optional","hashes":[{"alg":"SHA-512","content":"0846e13c2a711af44d0721a8952053ad75d6dab240e1b1aa66e4f1d4a28ef399b047a69a75e3a6504ef17fff238829174b2faabebf5a25e87e8e57d772caf389"}],"licenses":[{"license":{"id":"MIT","url":"https://opensource.org/licenses/MIT"}}],"purl":"pkg:npm/%40cspell/dict-node@5.0.6","type":"library","bom-ref":"pkg:npm/@cspell/dict-node@5.0.6","properties":[{"name":"SrcFile","value":"azdo-workspace/Developers-Utilities/package-lock.json"},{"name":"ResolvedUrl","value":"https://cegid.jfrog.io/cegid/api/npm/all-npm/@cspell/dict-node/-/dict-node-5.0.6.tgz"},{"name":"LocalNodeModulesPath","value":"node_modules/@cspell/dict-node"}],"evidence":{"identity":[{"field":"purl","confidence":1,"methods":[{"technique":"manifest-analysis","confidence":1,"value":"azdo-workspace/Developers-Utilities/package-lock.json"}],"concludedValue":"azdo-workspace/Developers-Utilities/package-lock.json"}]}},{"group":"@cspell","name":"dict-npm","version":"5.1.23","scope":"optional","hashes":[{"alg":"SHA-512","content":"ff12bb1b5fc7e4cef72770806f75a655794c6caeb38d9adfc2638e06207b4926caea1eff5a6c1106e2c2d14c0ee74c74ecd254b959897a4e442da35af3582e57"}],"licenses":[{"license":{"id":"MIT","url":"https://opensource.org/licenses/MIT"}}],"purl":"pkg:npm/%40cspell/dict-npm@5.1.23","type":"library","bom-ref":"pkg:npm/@cspell/dict-npm@5.1.23","properties":[{"name":"SrcFile","value":"azdo-workspace/Developers-Utilities/package-lock.json"},{"name":"ResolvedUrl","value":"https://cegid.jfrog.io/cegid/api/npm/all-npm/@cspell/dict-npm/-/dict-npm-5.1.23.tgz"},{"name":"LocalNodeModulesPath","value":"node_modules/@cspell/dict-npm"}],"evidence":{"identity":[{"field":"purl","confidence":1,"methods":[{"technique":"manifest-analysis","confidence":1,"value":"azdo-workspace/Developers-Utilities/package-lock.json"}],"concludedValue":"azdo-workspace/Developers-Utilities/package-lock.json"}]}},{"group":"@cspell","name":"dict-software-terms","version":"4.2.2","scope":"optional","hashes":[{"alg":"SHA-512","content":"720b5e5d1cf1d96fd483b41274526b5712c44bb92bad912367d27ab174563ac55816982ed86ba9f0d2a68ca399f0d4e70a31d016b3276e629dbf9eaaf4ac22c7"}],"licenses":[{"license":{"id":"MIT","url":"https://opensource.org/licenses/MIT"}}],"purl":"pkg:npm/%40cspell/dict-software-terms@4.2.2","type":"library","bom-ref":"pkg:npm/@cspell/dict-software-terms@4.2.2","properties":[{"name":"SrcFile","value":"azdo-workspace/Developers-Utilities/package-lock.json"},{"name":"ResolvedUrl","value":"https://cegid.jfrog.io/cegid/api/npm/all-npm/@cspell/dict-software-terms/-/dict-software-terms-4.2.2.tgz"},{"name":"LocalNodeModulesPath","value":"node_modules/@cspell/dict-software-terms"}],"evidence":{"identity":[{"field":"purl","confidence":1,"methods":[{"technique":"manifest-analysis","confidence":1,"value":"azdo-workspace/Developers-Utilities/package-lock.json"}],"concludedValue":"azdo-workspace/Developers-Utilities/package-lock.json"}]}},{"group":"","name":"husky","version":"9.1.7","scope":"optional","hashes":[{"alg":"SHA-512","content":"e60b39cad68d8c1ae1e4ec37cebbdd51463ed15c48b9654be22f62aede9fae257e06a7427e6575d4241358c8816161db5e1728f89d641df4ce52478f8420ef30"}],"licenses":[{"license":{"id":"MIT","url":"https://opensource.org/licenses/MIT"}}],"purl":"pkg:npm/husky@9.1.7","type":"library","bom-ref":"pkg:npm/husky@9.1.7","properties":[{"name":"SrcFile","value":"azdo-workspace/Developers-Utilities/package-lock.json"},{"name":"ResolvedUrl","value":"https://cegid.jfrog.io/cegid/api/npm/all-npm/husky/-/husky-9.1.7.tgz"},{"name":"LocalNodeModulesPath","value":"node_modules/husky"},{"name":"cdx:npm:binPaths","value":"/Users/etienne/Developer/clients/shai_hulud/azdo-workspace/Developers-Utilities/node_modules/.bin/husky"}],"evidence":{"identity":[{"field":"purl","confidence":1,"methods":[{"technique":"manifest-analysis","confidence":1,"value":"azdo-workspace/Developers-Utilities/package-lock.json"}],"concludedValue":"azdo-workspace/Developers-Utilities/package-lock.json"}]}},{"group":"","name":"prettier","version":"3.4.2","scope":"optional","hashes":[{"alg":"SHA-512","content":"7bd31ec1bb45a3e15ebf2bb19ffe2badc0c06aad086313c62ef39ba508e2641300cc1f481a6ce59c6f51672dc515ab3e78132edaf0340acccc79dba8c39748b9"}],"licenses":[{"license":{"id":"MIT","url":"https://opensource.org/licenses/MIT"}}],"purl":"pkg:npm/prettier@3.4.2","type":"library","bom-ref":"pkg:npm/prettier@3.4.2","properties":[{"name":"SrcFile","value":"azdo-workspace/Developers-Utilities/package-lock.json"},{"name":"ResolvedUrl","value":"https://cegid.jfrog.io/cegid/api/npm/all-npm/prettier/-/prettier-3.4.2.tgz"},{"name":"LocalNodeModulesPath","value":"node_modules/prettier"},{"name":"cdx:npm:binPaths","value":"/Users/etienne/Developer/clients/shai_hulud/azdo-workspace/Developers-Utilities/node_modules/.bin/prettier"}],"evidence":{"identity":[{"field":"purl","confidence":1,"methods":[{"technique":"manifest-analysis","confidence":1,"value":"azdo-workspace/Developers-Utilities/package-lock.json"}],"concludedValue":"azdo-workspace/Developers-Utilities/package-lock.json"}]}},{"group":"","name":"prettier-plugin-sh","version":"0.14.0","scope":"optional","hashes":[{"alg":"SHA-512","content":"85f5ee963e7ecc497fba5acee6432eb933ca997bce8346e72c763584a14d37f37effdd378996cda7c3726414ec808f1db644a015f004210ab42104f23f565515"}],"licenses":[{"license":{"id":"MIT","url":"https://opensource.org/licenses/MIT"}}],"purl":"pkg:npm/prettier-plugin-sh@0.14.0","type":"library","bom-ref":"pkg:npm/prettier-plugin-sh@0.14.0","properties":[{"name":"SrcFile","value":"azdo-workspace/Developers-Utilities/package-lock.json"},{"name":"ResolvedUrl","value":"https://cegid.jfrog.io/cegid/api/npm/all-npm/prettier-plugin-sh/-/prettier-plugin-sh-0.14.0.tgz"},{"name":"LocalNodeModulesPath","value":"node_modules/prettier-plugin-sh"}],"evidence":{"identity":[{"field":"purl","confidence":1,"methods":[{"technique":"manifest-analysis","confidence":1,"value":"azdo-workspace/Developers-Utilities/package-lock.json"}],"concludedValue":"azdo-workspace/Developers-Utilities/package-lock.json"}]}},{"group":"","name":"mvdan-sh","version":"0.10.1","scope":"optional","hashes":[{"alg":"SHA-512","content":"90c6eb1f410e6da2a62b79d544a5082326b57690121c812eb0cd774b85755621c5bb1b8dc42a3e6abc686ba8ff75b576d980468e5ed42899bd410289d82af386"}],"licenses":[{"license":{"id":"BSD-3-Clause","url":"https://opensource.org/licenses/BSD-3-Clause"}}],"purl":"pkg:npm/mvdan-sh@0.10.1","type":"library","bom-ref":"pkg:npm/mvdan-sh@0.10.1","properties":[{"name":"SrcFile","value":"azdo-workspace/Developers-Utilities/package-lock.json"},{"name":"ResolvedUrl","value":"https://cegid.jfrog.io/cegid/api/npm/all-npm/mvdan-sh/-/mvdan-sh-0.10.1.tgz"},{"name":"LocalNodeModulesPath","value":"node_modules/mvdan-sh"}],"evidence":{"identity":[{"field":"purl","confidence":1,"methods":[{"technique":"manifest-analysis","confidence":1,"value":"azdo-workspace/Developers-Utilities/package-lock.json"}],"concludedValue":"azdo-workspace/Developers-Utilities/package-lock.json"}]}},{"group":"","name":"sh-syntax","version":"0.4.2","scope":"optional","hashes":[{"alg":"SHA-512","content":"fe5d946797e11992d565ad7a5d033dfd5abf85ecc619b747795100d35b968ce2f5fbb124fe0b7a16ab96d2228ac2ce1af4060f62f973e91c95be38772713ad7a"}],"licenses":[{"license":{"id":"MIT","url":"https://opensource.org/licenses/MIT"}}],"purl":"pkg:npm/sh-syntax@0.4.2","type":"library","bom-ref":"pkg:npm/sh-syntax@0.4.2","properties":[{"name":"SrcFile","value":"azdo-workspace/Developers-Utilities/package-lock.json"},{"name":"ResolvedUrl","value":"https://cegid.jfrog.io/cegid/api/npm/all-npm/sh-syntax/-/sh-syntax-0.4.2.tgz"},{"name":"LocalNodeModulesPath","value":"node_modules/sh-syntax"}],"evidence":{"identity":[{"field":"purl","confidence":1,"methods":[{"technique":"manifest-analysis","confidence":1,"value":"azdo-workspace/Developers-Utilities/package-lock.json"}],"concludedValue":"azdo-workspace/Developers-Utilities/package-lock.json"}]}},{"group":"","name":"tslib","version":"2.8.1","scope":"optional","hashes":[{"alg":"SHA-512","content":"a0916ef781d06fe29576e49440bef09e99aa9df98bb0e03f9c087a6fa107d30084a0ad3f98f79753a737c0a0d5f373243ae1cf447b525ca294f7d2016b34bfdb"}],"licenses":[{"license":{"id":"0BSD","url":"https://opensource.org/licenses/0BSD"}}],"purl":"pkg:npm/tslib@2.8.1","type":"library","bom-ref":"pkg:npm/tslib@2.8.1","properties":[{"name":"SrcFile","value":"azdo-workspace/Developers-Utilities/package-lock.json"},{"name":"ResolvedUrl","value":"https://cegid.jfrog.io/cegid/api/npm/all-npm/tslib/-/tslib-2.8.1.tgz"},{"name":"LocalNodeModulesPath","value":"node_modules/tslib"}],"evidence":{"identity":[{"field":"purl","confidence":1,"methods":[{"technique":"manifest-analysis","confidence":1,"value":"azdo-workspace/Developers-Utilities/package-lock.json"}],"concludedValue":"azdo-workspace/Developers-Utilities/package-lock.json"}]}},{"authors":[{"name":"Ronald Oussoren <ronaldoussoren@mac.com>"}],"group":"","name":"altgraph","version":"0.17.4","description":"Python graph (network) package","licenses":[{"license":{"id":"MIT","url":"https://opensource.org/licenses/MIT"}}],"purl":"pkg:pypi/altgraph@0.17.4","externalReferences":[{"type":"website","url":"https://altgraph.readthedocs.io"}],"type":"library","bom-ref":"pkg:pypi/altgraph@0.17.4","properties":[{"name":"SrcFile","value":"azdo-workspace/Developers-Utilities/scripts/prCollector/requirements.txt"}],"evidence":{"identity":[{"field":"purl","confidence":0.5,"methods":[{"technique":"manifest-analysis","confidence":0.5,"value":"azdo-workspace/Developers-Utilities/scripts/prCollector/requirements.txt"}],"concludedValue":"azdo-workspace/Developers-Utilities/scripts/prCollector/requirements.txt"}]},"tags":["graph"]},{"authors":[{"name":"Microsoft Corporation <azpysdkhelp@microsoft.com>"}],"group":"","name":"azure-core","version":"1.30.2","description":"Microsoft Azure Core Library for Python","licenses":[{"license":{"id":"MIT","url":"https://opensource.org/licenses/MIT"}}],"purl":"pkg:pypi/azure-core@1.30.2","externalReferences":[{"type":"vcs","url":"https://github.com/Azure/azure-sdk-for-python/tree/main/sdk/core/azure-core"}],"type":"framework","bom-ref":"pkg:pypi/azure-core@1.30.2","properties":[{"name":"SrcFile","value":"azdo-workspace/Developers-Utilities/scripts/prCollector/requirements.txt"}],"evidence":{"identity":[{"field":"purl","confidence":0.5,"methods":[{"technique":"manifest-analysis","confidence":0.5,"value":"azdo-workspace/Developers-Utilities/scripts/prCollector/requirements.txt"}],"concludedValue":"azdo-workspace/Developers-Utilities/scripts/prCollector/requirements.txt"}]},"tags":["azure","framework"]},{"authors":[{"name":"Microsoft Corporation <vstscli@microsoft.com>"}],"group":"","name":"azure-devops","version":"6.0.0b4","description":"Python wrapper around the Azure DevOps 6.x APIs","licenses":[{"license":{"id":"MIT","url":"https://opensource.org/licenses/MIT"}}],"purl":"pkg:pypi/azure-devops@6.0.0b4","externalReferences":[{"type":"vcs","url":"https://github.com/Microsoft/vsts-python-api"}],"type":"framework","bom-ref":"pkg:pypi/azure-devops@6.0.0b4","properties":[{"name":"SrcFile","value":"azdo-workspace/Developers-Utilities/scripts/prCollector/requirements.txt"}],"evidence":{"identity":[{"field":"purl","confidence":0.5,"methods":[{"technique":"manifest-analysis","confidence":0.5,"value":"azdo-workspace/Developers-Utilities/scripts/prCollector/requirements.txt"}],"concludedValue":"azdo-workspace/Developers-Utilities/scripts/prCollector/requirements.txt"}]},"tags":["azure","framework"]},{"authors":[{"name":"Kenneth Reitz <me@kennethreitz.com>"}],"group":"","name":"certifi","version":"2024.07.04","description":"Python package for providing Mozilla's CA Bundle.","licenses":[{"license":{"id":"MPL-2.0","url":"https://opensource.org/licenses/MPL-2.0"}}],"purl":"pkg:pypi/certifi@2024.07.04","externalReferences":[{"type":"vcs","url":"https://github.com/certifi/python-certifi"}],"type":"library","bom-ref":"pkg:pypi/certifi@2024.07.04","properties":[{"name":"SrcFile","value":"azdo-workspace/Developers-Utilities/scripts/prCollector/requirements.txt"},{"name":"cdx:pypi:latest_version","value":"2024.7.4"},{"name":"cdx:pypi:resolved_from","value":"certifi"}],"evidence":{"identity":[{"field":"purl","confidence":0.5,"methods":[{"technique":"manifest-analysis","confidence":0.5,"value":"azdo-workspace/Developers-Utilities/scripts/prCollector/requirements.txt"}],"concludedValue":"azdo-workspace/Developers-Utilities/scripts/prCollector/requirements.txt"}]},"tags":["bundle"]},{"authors":[{"name":"Ahmed TAHRI <ahmed.tahri@cloudnursery.dev>"}],"group":"","name":"charset-normalizer","version":"3.3.2","description":"The Real First Universal Charset Detector. Open, modern and actively maintained alternative to Chardet.","licenses":[{"license":{"id":"MIT","url":"https://opensource.org/licenses/MIT"}}],"purl":"pkg:pypi/charset-normalizer@3.3.2","externalReferences":[{"type":"vcs","url":"https://github.com/Ousret/charset_normalizer"}],"type":"library","bom-ref":"pkg:pypi/charset-normalizer@3.3.2","properties":[{"name":"SrcFile","value":"azdo-workspace/Developers-Utilities/scripts/prCollector/requirements.txt"}],"evidence":{"identity":[{"field":"purl","confidence":0.5,"methods":[{"technique":"manifest-analysis","confidence":0.5,"value":"azdo-workspace/Developers-Utilities/scripts/prCollector/requirements.txt"}],"concludedValue":"azdo-workspace/Developers-Utilities/scripts/prCollector/requirements.txt"}]}},{"authors":[{"name":"See ATUHORS.txt <charlie.clark@clark-consulting.eu>"}],"group":"","name":"et-xmlfile","version":"1.1.0","description":"An implementation of lxml.xmlfile for the standard library","licenses":[{"license":{"id":"MIT","url":"https://opensource.org/licenses/MIT"}}],"purl":"pkg:pypi/et-xmlfile@1.1.0","externalReferences":[{"type":"website","url":"https://foss.heptapod.net/openpyxl/et_xmlfile"}],"type":"library","bom-ref":"pkg:pypi/et-xmlfile@1.1.0","properties":[{"name":"SrcFile","value":"azdo-workspace/Developers-Utilities/scripts/prCollector/requirements.txt"}],"evidence":{"identity":[{"field":"purl","confidence":0.5,"methods":[{"technique":"manifest-analysis","confidence":0.5,"value":"azdo-workspace/Developers-Utilities/scripts/prCollector/requirements.txt"}],"concludedValue":"azdo-workspace/Developers-Utilities/scripts/prCollector/requirements.txt"}]}},{"authors":[{"name":"Kim Davies <kim+pypi@gumleaf.org>"}],"group":"","name":"idna","version":"3.7","description":"Internationalized Domain Names in Applications (IDNA)","licenses":[{"license":{"id":"0BSD","url":"https://opensource.org/licenses/0BSD"}}],"purl":"pkg:pypi/idna@3.7","type":"library","bom-ref":"pkg:pypi/idna@3.7","properties":[{"name":"SrcFile","value":"azdo-workspace/Developers-Utilities/scripts/prCollector/requirements.txt"}],"evidence":{"identity":[{"field":"purl","confidence":0.5,"methods":[{"technique":"manifest-analysis","confidence":0.5,"value":"azdo-workspace/Developers-Utilities/scripts/prCollector/requirements.txt"}],"concludedValue":"azdo-workspace/Developers-Utilities/scripts/prCollector/requirements.txt"}]}},{"authors":[{"name":"Gerhard Weis <gerhard.weis@proclos.com>"}],"group":"","name":"isodate","version":"0.6.1","description":"An ISO 8601 date/time/duration parser and formatter","licenses":[{"license":{"id":"0BSD","url":"https://opensource.org/licenses/0BSD"}}],"purl":"pkg:pypi/isodate@0.6.1","externalReferences":[{"type":"vcs","url":"https://github.com/gweis/isodate/"}],"type":"library","bom-ref":"pkg:pypi/isodate@0.6.1","properties":[{"name":"SrcFile","value":"azdo-workspace/Developers-Utilities/scripts/prCollector/requirements.txt"}],"evidence":{"identity":[{"field":"purl","confidence":0.5,"methods":[{"technique":"manifest-analysis","confidence":0.5,"value":"azdo-workspace/Developers-Utilities/scripts/prCollector/requirements.txt"}],"concludedValue":"azdo-workspace/Developers-Utilities/scripts/prCollector/requirements.txt"}]}},{"authors":[{"name":"Ronald Oussoren <ronaldoussoren@mac.com>"}],"group":"","name":"macholib","version":"1.16.3","description":"Mach-O header analysis and editing","licenses":[{"license":{"id":"MIT","url":"https://opensource.org/licenses/MIT"}}],"purl":"pkg:pypi/macholib@1.16.3","externalReferences":[{"type":"vcs","url":"http://github.com/ronaldoussoren/macholib"}],"type":"library","bom-ref":"pkg:pypi/macholib@1.16.3","properties":[{"name":"SrcFile","value":"azdo-workspace/Developers-Utilities/scripts/prCollector/requirements.txt"}],"evidence":{"identity":[{"field":"purl","confidence":0.5,"methods":[{"technique":"manifest-analysis","confidence":0.5,"value":"azdo-workspace/Developers-Utilities/scripts/prCollector/requirements.txt"}],"concludedValue":"azdo-workspace/Developers-Utilities/scripts/prCollector/requirements.txt"}]}},{"authors":[{"name":"Microsoft Corporation"}],"group":"","name":"msrest","version":"0.6.21","description":"AutoRest swagger generator Python client runtime.","licenses":[{"license":{"id":"MIT","url":"https://opensource.org/licenses/MIT"}}],"purl":"pkg:pypi/msrest@0.6.21","externalReferences":[{"type":"vcs","url":"https://github.com/Azure/msrest-for-python"}],"type":"library","bom-ref":"pkg:pypi/msrest@0.6.21","properties":[{"name":"SrcFile","value":"azdo-workspace/Developers-Utilities/scripts/prCollector/requirements.txt"}],"evidence":{"identity":[{"field":"purl","confidence":0.5,"methods":[{"technique":"manifest-analysis","confidence":0.5,"value":"azdo-workspace/Developers-Utilities/scripts/prCollector/requirements.txt"}],"concludedValue":"azdo-workspace/Developers-Utilities/scripts/prCollector/requirements.txt"}]}},{"authors":[{"name":"Travis E. Oliphant et al."}],"group":"","name":"numpy","version":"2.0.0","description":"Fundamental package for array computing in Python","licenses":[{"license":{"id":"0BSD","url":"https://opensource.org/licenses/0BSD"}},{"license":{"id":"Apache-2.0","url":"https://opensource.org/licenses/Apache-2.0"}}],"purl":"pkg:pypi/numpy@2.0.0","externalReferences":[{"type":"website","url":"https://numpy.org"}],"type":"framework","bom-ref":"pkg:pypi/numpy@2.0.0","properties":[{"name":"SrcFile","value":"azdo-workspace/Developers-Utilities/scripts/prCollector/requirements.txt"}],"evidence":{"identity":[{"field":"purl","confidence":0.5,"methods":[{"technique":"manifest-analysis","confidence":0.5,"value":"azdo-workspace/Developers-Utilities/scripts/prCollector/requirements.txt"}],"concludedValue":"azdo-workspace/Developers-Utilities/scripts/prCollector/requirements.txt"}]},"tags":["framework"]},{"authors":[{"name":"The OAuthlib Community <idan@gazit.me>"}],"group":"","name":"oauthlib","version":"3.2.2","description":"A generic, spec-compliant, thorough implementation of the OAuth request-signing logic","licenses":[{"expression":"OSI Approved"}],"purl":"pkg:pypi/oauthlib@3.2.2","externalReferences":[{"type":"vcs","url":"https://github.com/oauthlib/oauthlib"}],"type":"library","bom-ref":"pkg:pypi/oauthlib@3.2.2","properties":[{"name":"SrcFile","value":"azdo-workspace/Developers-Utilities/scripts/prCollector/requirements.txt"}],"evidence":{"identity":[{"field":"purl","confidence":0.5,"methods":[{"technique":"manifest-analysis","confidence":0.5,"value":"azdo-workspace/Developers-Utilities/scripts/prCollector/requirements.txt"}],"concludedValue":"azdo-workspace/Developers-Utilities/scripts/prCollector/requirements.txt"}]}},{"authors":[{"name":"See AUTHORS <charlie.clark@clark-consulting.eu>"}],"group":"","name":"openpyxl","version":"3.1.5","description":"A Python library to read/write Excel 2010 xlsx/xlsm files","licenses":[{"license":{"id":"MIT","url":"https://opensource.org/licenses/MIT"}}],"purl":"pkg:pypi/openpyxl@3.1.5","externalReferences":[{"type":"website","url":"https://openpyxl.readthedocs.io"}],"type":"library","bom-ref":"pkg:pypi/openpyxl@3.1.5","properties":[{"name":"SrcFile","value":"azdo-workspace/Developers-Utilities/scripts/prCollector/requirements.txt"}],"evidence":{"identity":[{"field":"purl","confidence":0.5,"methods":[{"technique":"manifest-analysis","confidence":0.5,"value":"azdo-workspace/Developers-Utilities/scripts/prCollector/requirements.txt"}],"concludedValue":"azdo-workspace/Developers-Utilities/scripts/prCollector/requirements.txt"}]}},{"authors":[{"name":"Donald Stufft <donald@stufft.io>"}],"group":"","name":"packaging","version":"24.2","description":"Core utilities for Python packages","licenses":[{"license":{"id":"Apache-2.0","url":"https://opensource.org/licenses/Apache-2.0"}},{"license":{"id":"0BSD","url":"https://opensource.org/licenses/0BSD"}}],"purl":"pkg:pypi/packaging@24.2","type":"library","bom-ref":"pkg:pypi/packaging@24.2","properties":[{"name":"SrcFile","value":"azdo-workspace/Developers-Utilities/scripts/prCollector/requirements.txt"}],"evidence":{"identity":[{"field":"purl","confidence":0.5,"methods":[{"technique":"manifest-analysis","confidence":0.5,"value":"azdo-workspace/Developers-Utilities/scripts/prCollector/requirements.txt"}],"concludedValue":"azdo-workspace/Developers-Utilities/scripts/prCollector/requirements.txt"}]}},{"authors":[{"name":"The Pandas Development Team <pandas-dev@python.org>"}],"group":"","name":"pandas","version":"2.2.2","description":"Powerful data structures for data analysis, time series, and statistics","licenses":[{"license":{"id":"0BSD","url":"https://opensource.org/licenses/0BSD"}}],"purl":"pkg:pypi/pandas@2.2.2","externalReferences":[{"type":"website","url":"https://pandas.pydata.org"}],"type":"framework","bom-ref":"pkg:pypi/pandas@2.2.2","properties":[{"name":"SrcFile","value":"azdo-workspace/Developers-Utilities/scripts/prCollector/requirements.txt"}],"evidence":{"identity":[{"field":"purl","confidence":0.5,"methods":[{"technique":"manifest-analysis","confidence":0.5,"value":"azdo-workspace/Developers-Utilities/scripts/prCollector/requirements.txt"}],"concludedValue":"azdo-workspace/Developers-Utilities/scripts/prCollector/requirements.txt"}]},"tags":["framework"]},{"authors":[{"name":"Hartmut Goebel"},{"name":" Giovanni Bajo"},{"name":" David Vierra"},{"name":" David Cortesi"},{"name":" Martin Zibricky"}],"group":"","name":"pyinstaller","version":"6.11.1","description":"PyInstaller bundles a Python application and all its dependencies into a single package.","licenses":[{"license":{"id":"GPL-2.0-only","url":"https://opensource.org/licenses/GPL-2.0-only"}}],"purl":"pkg:pypi/pyinstaller@6.11.1","externalReferences":[{"type":"website","url":"https://www.pyinstaller.org/"}],"type":"library","bom-ref":"pkg:pypi/pyinstaller@6.11.1","properties":[{"name":"SrcFile","value":"azdo-workspace/Developers-Utilities/scripts/prCollector/requirements.txt"}],"evidence":{"identity":[{"field":"purl","confidence":0.5,"methods":[{"technique":"manifest-analysis","confidence":0.5,"value":"azdo-workspace/Developers-Utilities/scripts/prCollector/requirements.txt"}],"concludedValue":"azdo-workspace/Developers-Utilities/scripts/prCollector/requirements.txt"}]}},{"group":"","name":"pyinstaller-hooks-contrib","version":"2024.10","description":"Community maintained hooks for PyInstaller","licenses":[{"license":{"id":"Apache-2.0","url":"https://opensource.org/licenses/Apache-2.0"}},{"license":{"id":"GPL-2.0-only","url":"https://opensource.org/licenses/GPL-2.0-only"}}],"purl":"pkg:pypi/pyinstaller-hooks-contrib@2024.10","externalReferences":[{"type":"vcs","url":"https://github.com/pyinstaller/pyinstaller-hooks-contrib"}],"type":"library","bom-ref":"pkg:pypi/pyinstaller-hooks-contrib@2024.10","properties":[{"name":"SrcFile","value":"azdo-workspace/Developers-Utilities/scripts/prCollector/requirements.txt"}],"evidence":{"identity":[{"field":"purl","confidence":0.5,"methods":[{"technique":"manifest-analysis","confidence":0.5,"value":"azdo-workspace/Developers-Utilities/scripts/prCollector/requirements.txt"}],"concludedValue":"azdo-workspace/Developers-Utilities/scripts/prCollector/requirements.txt"}]}},{"authors":[{"name":"Gustavo Niemeyer <gustavo@niemeyer.net>"}],"group":"","name":"python-dateutil","version":"2.9.0.post0","description":"Extensions to the standard Python datetime module","licenses":[{"expression":"Dual License"}],"purl":"pkg:pypi/python-dateutil@2.9.0.post0","externalReferences":[{"type":"vcs","url":"https://github.com/dateutil/dateutil"}],"type":"library","bom-ref":"pkg:pypi/python-dateutil@2.9.0.post0","properties":[{"name":"SrcFile","value":"azdo-workspace/Developers-Utilities/scripts/prCollector/requirements.txt"}],"evidence":{"identity":[{"field":"purl","confidence":0.5,"methods":[{"technique":"manifest-analysis","confidence":0.5,"value":"azdo-workspace/Developers-Utilities/scripts/prCollector/requirements.txt"}],"concludedValue":"azdo-workspace/Developers-Utilities/scripts/prCollector/requirements.txt"}]}},{"authors":[{"name":"Stuart Bishop <stuart@stuartbishop.net>"}],"group":"","name":"pytz","version":"2024.1","description":"World timezone definitions, modern and historical","licenses":[{"license":{"id":"MIT","url":"https://opensource.org/licenses/MIT"}}],"purl":"pkg:pypi/pytz@2024.1","externalReferences":[{"type":"website","url":"http://pythonhosted.org/pytz"}],"type":"library","bom-ref":"pkg:pypi/pytz@2024.1","properties":[{"name":"SrcFile","value":"azdo-workspace/Developers-Utilities/scripts/prCollector/requirements.txt"}],"evidence":{"identity":[{"field":"purl","confidence":0.5,"methods":[{"technique":"manifest-analysis","confidence":0.5,"value":"azdo-workspace/Developers-Utilities/scripts/prCollector/requirements.txt"}],"concludedValue":"azdo-workspace/Developers-Utilities/scripts/prCollector/requirements.txt"}]}},{"authors":[{"name":"Kirill Simonov <xi@resolvent.net>"}],"group":"","name":"PyYAML","version":"6.0.2","description":"YAML parser and emitter for Python","licenses":[{"license":{"id":"MIT","url":"https://opensource.org/licenses/MIT"}}],"purl":"pkg:pypi/pyyaml@6.0.2","externalReferences":[{"type":"website","url":"https://pyyaml.org/"}],"type":"library","bom-ref":"pkg:pypi/pyyaml@6.0.2","properties":[{"name":"SrcFile","value":"azdo-workspace/Developers-Utilities/scripts/prCollector/requirements.txt"}],"evidence":{"identity":[{"field":"purl","confidence":0.5,"methods":[{"technique":"manifest-analysis","confidence":0.5,"value":"azdo-workspace/Developers-Utilities/scripts/prCollector/requirements.txt"}],"concludedValue":"azdo-workspace/Developers-Utilities/scripts/prCollector/requirements.txt"}]}},{"authors":[{"name":"Kenneth Reitz <me@kennethreitz.org>"}],"group":"","name":"requests","version":"2.32.3","description":"Python HTTP for Humans.","licenses":[{"license":{"id":"Apache-2.0","url":"https://opensource.org/licenses/Apache-2.0"}}],"purl":"pkg:pypi/requests@2.32.3","externalReferences":[{"type":"website","url":"https://requests.readthedocs.io"}],"type":"library","bom-ref":"pkg:pypi/requests@2.32.3","properties":[{"name":"SrcFile","value":"azdo-workspace/Developers-Utilities/scripts/prCollector/requirements.txt"}],"evidence":{"identity":[{"field":"purl","confidence":0.5,"methods":[{"technique":"manifest-analysis","confidence":0.5,"value":"azdo-workspace/Developers-Utilities/scripts/prCollector/requirements.txt"}],"concludedValue":"azdo-workspace/Developers-Utilities/scripts/prCollector/requirements.txt"}]}},{"authors":[{"name":"Kenneth Reitz <me@kennethreitz.com>"}],"group":"","name":"requests-oauthlib","version":"2.0.0","description":"OAuthlib authentication support for Requests.","licenses":[{"license":{"id":"0BSD","url":"https://opensource.org/licenses/0BSD"}},{"license":{"id":"ISC","url":"https://opensource.org/licenses/ISC"}}],"purl":"pkg:pypi/requests-oauthlib@2.0.0","externalReferences":[{"type":"vcs","url":"https://github.com/requests/requests-oauthlib"}],"type":"library","bom-ref":"pkg:pypi/requests-oauthlib@2.0.0","properties":[{"name":"SrcFile","value":"azdo-workspace/Developers-Utilities/scripts/prCollector/requirements.txt"}],"evidence":{"identity":[{"field":"purl","confidence":0.5,"methods":[{"technique":"manifest-analysis","confidence":0.5,"value":"azdo-workspace/Developers-Utilities/scripts/prCollector/requirements.txt"}],"concludedValue":"azdo-workspace/Developers-Utilities/scripts/prCollector/requirements.txt"}]}},{"authors":[{"name":"Benjamin Peterson <benjamin@python.org>"}],"group":"","name":"six","version":"1.16.0","description":"Python 2 and 3 compatibility utilities","licenses":[{"license":{"id":"MIT","url":"https://opensource.org/licenses/MIT"}}],"purl":"pkg:pypi/six@1.16.0","externalReferences":[{"type":"vcs","url":"https://github.com/benjaminp/six"}],"type":"library","bom-ref":"pkg:pypi/six@1.16.0","properties":[{"name":"SrcFile","value":"azdo-workspace/Developers-Utilities/scripts/prCollector/requirements.txt"}],"evidence":{"identity":[{"field":"purl","confidence":0.5,"methods":[{"technique":"manifest-analysis","confidence":0.5,"value":"azdo-workspace/Developers-Utilities/scripts/prCollector/requirements.txt"}],"concludedValue":"azdo-workspace/Developers-Utilities/scripts/prCollector/requirements.txt"}]}},{"authors":[{"name":"Sergey Astanin <s.astanin@gmail.com>"}],"group":"","name":"tabulate","version":"0.9.0","description":"Pretty-print tabular data","licenses":[{"license":{"id":"MIT","url":"https://opensource.org/licenses/MIT"}}],"purl":"pkg:pypi/tabulate@0.9.0","type":"library","bom-ref":"pkg:pypi/tabulate@0.9.0","properties":[{"name":"SrcFile","value":"azdo-workspace/Developers-Utilities/scripts/prCollector/requirements.txt"}],"evidence":{"identity":[{"field":"purl","confidence":0.5,"methods":[{"technique":"manifest-analysis","confidence":0.5,"value":"azdo-workspace/Developers-Utilities/scripts/prCollector/requirements.txt"}],"concludedValue":"azdo-workspace/Developers-Utilities/scripts/prCollector/requirements.txt"}]}},{"authors":[{"name":"\"Guido van Rossum"},{"name":" Jukka Lehtosalo"},{"name":" Łukasz Langa"},{"name":" Michael Lee\" <levkivskyi@gmail.com>"}],"group":"","name":"typing_extensions","version":"4.12.2","description":"Backported and Experimental Type Hints for Python 3.8+","licenses":[{"license":{"id":"PSF-2.0","url":"https://opensource.org/licenses/PSF-2.0"}}],"purl":"pkg:pypi/typing-extensions@4.12.2","type":"library","bom-ref":"pkg:pypi/typing-extensions@4.12.2","properties":[{"name":"SrcFile","value":"azdo-workspace/Developers-Utilities/scripts/prCollector/requirements.txt"}],"evidence":{"identity":[{"field":"purl","confidence":0.5,"methods":[{"technique":"manifest-analysis","confidence":0.5,"value":"azdo-workspace/Developers-Utilities/scripts/prCollector/requirements.txt"}],"concludedValue":"azdo-workspace/Developers-Utilities/scripts/prCollector/requirements.txt"}]}},{"authors":[{"name":"Python Software Foundation <datetime-sig@python.org>"}],"group":"","name":"tzdata","version":"2024.1","description":"Provider of IANA time zone data","licenses":[{"license":{"id":"Apache-2.0","url":"https://opensource.org/licenses/Apache-2.0"}}],"purl":"pkg:pypi/tzdata@2024.1","externalReferences":[{"type":"vcs","url":"https://github.com/python/tzdata"}],"type":"library","bom-ref":"pkg:pypi/tzdata@2024.1","properties":[{"name":"SrcFile","value":"azdo-workspace/Developers-Utilities/scripts/prCollector/requirements.txt"}],"evidence":{"identity":[{"field":"purl","confidence":0.5,"methods":[{"technique":"manifest-analysis","confidence":0.5,"value":"azdo-workspace/Developers-Utilities/scripts/prCollector/requirements.txt"}],"concludedValue":"azdo-workspace/Developers-Utilities/scripts/prCollector/requirements.txt"}]}},{"authors":[{"name":"Andrey Petrov <andrey.petrov@shazow.net>"}],"group":"","name":"urllib3","version":"2.2.2","description":"HTTP library with thread-safe connection pooling, file post, and more.","licenses":[{"license":{"id":"MIT","url":"https://opensource.org/licenses/MIT"}}],"purl":"pkg:pypi/urllib3@2.2.2","type":"library","bom-ref":"pkg:pypi/urllib3@2.2.2","properties":[{"name":"SrcFile","value":"azdo-workspace/Developers-Utilities/scripts/prCollector/requirements.txt"}],"evidence":{"identity":[{"field":"purl","confidence":0.5,"methods":[{"technique":"manifest-analysis","confidence":0.5,"value":"azdo-workspace/Developers-Utilities/scripts/prCollector/requirements.txt"}],"concludedValue":"azdo-workspace/Developers-Utilities/scripts/prCollector/requirements.txt"}]}}],"services":[],"dependencies":[{"ref":"pkg:npm/@cspell/dict-shell@1.1.0","dependsOn":[]},{"ref":"pkg:npm/@cspell/dict-bash@4.2.0","dependsOn":["pkg:npm/@cspell/dict-shell@1.1.0"]},{"ref":"pkg:npm/@cspell/dict-companies@3.1.12","dependsOn":[]},{"ref":"pkg:npm/@cspell/dict-css@4.0.17","dependsOn":[]},{"ref":"pkg:npm/@cspell/dict-docker@1.1.12","dependsOn":[]},{"ref":"pkg:npm/@cspell/dict-fr-fr@2.2.5","dependsOn":[]},{"ref":"pkg:npm/@cspell/dict-git@3.0.4","dependsOn":[]},{"ref":"pkg:npm/@cspell/dict-html@4.0.11","dependsOn":[]},{"ref":"pkg:npm/@cspell/dict-html-symbol-entities@4.0.3","dependsOn":[]},{"ref":"pkg:npm/@cspell/dict-typescript@3.2.0","dependsOn":[]},{"ref":"pkg:npm/@cspell/dict-markdown@2.0.9","dependsOn":["pkg:npm/@cspell/dict-css@4.0.17","pkg:npm/@cspell/dict-html-symbol-entities@4.0.3","pkg:npm/@cspell/dict-html@4.0.11","pkg:npm/@cspell/dict-typescript@3.2.0"]},{"ref":"pkg:npm/@cspell/dict-node@5.0.6","dependsOn":[]},{"ref":"pkg:npm/@cspell/dict-npm@5.1.23","dependsOn":[]},{"ref":"pkg:npm/@cspell/dict-software-terms@4.2.2","dependsOn":[]},{"ref":"pkg:npm/husky@9.1.7","dependsOn":[]},{"ref":"pkg:npm/prettier@3.4.2","dependsOn":[]},{"ref":"pkg:npm/mvdan-sh@0.10.1","dependsOn":[]},{"ref":"pkg:npm/tslib@2.8.1","dependsOn":[]},{"ref":"pkg:npm/sh-syntax@0.4.2","dependsOn":["pkg:npm/tslib@2.8.1"]},{"ref":"pkg:npm/prettier-plugin-sh@0.14.0","dependsOn":["pkg:npm/mvdan-sh@0.10.1","pkg:npm/prettier@3.4.2","pkg:npm/sh-syntax@0.4.2"]},{"ref":"pkg:npm/developers-utilities@1.0.2","dependsOn":["pkg:npm/@cspell/dict-bash@4.2.0","pkg:npm/@cspell/dict-companies@3.1.12","pkg:npm/@cspell/dict-css@4.0.17","pkg:npm/@cspell/dict-docker@1.1.12","pkg:npm/@cspell/dict-fr-fr@2.2.5","pkg:npm/@cspell/dict-git@3.0.4","pkg:npm/@cspell/dict-html@4.0.11","pkg:npm/@cspell/dict-markdown@2.0.9","pkg:npm/@cspell/dict-node@5.0.6","pkg:npm/@cspell/dict-npm@5.1.23","pkg:npm/@cspell/dict-software-terms@4.2.2","pkg:npm/@cspell/dict-typescript@3.2.0","pkg:npm/husky@9.1.7","pkg:npm/prettier-plugin-sh@0.14.0","pkg:npm/prettier@3.4.2","pkg:pypi/developers-utilities@latest"]},{"ref":"pkg:pypi/developers-utilities@latest","dependsOn":[]}],"annotations":[{"bom-ref":"metadata-annotations","subjects":["pkg:npm/developers-utilities@1.0.2"],"annotator":{"component":{"group":"@cyclonedx","name":"cdxgen","version":"11.7.0","purl":"pkg:npm/%40cyclonedx/cdxgen@11.7.0","type":"application","bom-ref":"pkg:npm/@cyclonedx/cdxgen@11.7.0","publisher":"OWASP Foundation","authors":[{"name":"OWASP Foundation"}]}},"timestamp":"2025-09-22T19:25:36Z","text":"This Software Bill-of-Materials (SBOM) document was created on Monday, September 22, 2025 with cdxgen. The data was captured during the build lifecycle phase. The document describes an application named 'developers-utilities' with version '1.0.2'. The application also has 1 child modules/components. There are 47 components. 2 package type(s) and 1 purl namespaces are described in the document under components."}]}