{"bomFormat":"CycloneDX","specVersion":"1.6","serialNumber":"urn:uuid:79c9fc25-8423-4333-bdb7-031ac88a12bb","version":1,"metadata":{"timestamp":"2025-09-22T17:09:46Z","tools":{"components":[{"group":"@cyclonedx","name":"cdxgen","version":"11.7.0","purl":"pkg:npm/%40cyclonedx/cdxgen@11.7.0","type":"application","bom-ref":"pkg:npm/@cyclonedx/cdxgen@11.7.0","publisher":"OWASP Foundation","authors":[{"name":"OWASP Foundation"}]}]},"authors":[{"name":"OWASP Foundation"}],"lifecycles":[{"phase":"build"}],"component":{"name":"framework-types","group":"@yupana","version":"0.1.40","description":"Yupana framework types from TypeScript","purl":"pkg:npm/%40yupana/framework-types@0.1.40","bom-ref":"pkg:npm/@yupana/framework-types@0.1.40","author":"Cegid (C) 2020","type":"application","licenses":[{"license":{"name":"COMMERCIAL"}}],"externalReferences":[{"type":"vcs","url":"https://dev.azure.com/cegid/Loop/_git/YPN-Core-Lib?path=%2FREADME.md&_a=preview"},{"type":"vcs","url":"git+https://cegid@dev.azure.com/cegid/Loop/_git/YPN-Core-Lib"}]},"properties":[{"name":"cdx:bom:componentTypes","value":"npm"},{"name":"cdx:bom:componentNamespaces","value":"@mongodb-js\\n@types"},{"name":"cdx:bom:componentSrcFiles","value":"azdo-workspace/YPN-Core-Lib/package-lock.json"}]},"components":[{"group":"@types","name":"mongodb","version":"4.0.7","scope":"optional","hashes":[{"alg":"SHA-512","content":"94f5183e9cc0e376da5ea9dddfa719f71c68ae9af26f15c3ced7952823c0769d78a691ed1491e75d8bcda6606fb4c5136f97ca5d5bfab156f3a352c791684997"}],"purl":"pkg:npm/%40types/mongodb@4.0.7","type":"library","bom-ref":"pkg:npm/@types/mongodb@4.0.7","properties":[{"name":"SrcFile","value":"azdo-workspace/YPN-Core-Lib/package-lock.json"},{"name":"ResolvedUrl","value":"https://cegid.jfrog.io/cegid/api/npm/all-npm/@types/mongodb/-/mongodb-4.0.7.tgz"},{"name":"cdx:npm:deprecated","value":"mongodb provides its own types. @types/mongodb is no longer needed."}],"evidence":{"identity":[{"field":"purl","confidence":1,"methods":[{"technique":"manifest-analysis","confidence":1,"value":"azdo-workspace/YPN-Core-Lib/package-lock.json"}],"concludedValue":"azdo-workspace/YPN-Core-Lib/package-lock.json"}]}},{"group":"","name":"mongodb","version":"6.3.0","scope":"required","hashes":[{"alg":"SHA-512","content":"b6dd0ab868c6b4b5212e8536eb7fb1bd098f1c4193c392db70d0bbdc4a054588121f066de6db28242d75d210f23b5923433a6036ba5d712cdaf4f92758de0bac"}],"purl":"pkg:npm/mongodb@6.3.0","type":"library","bom-ref":"pkg:npm/mongodb@6.3.0","properties":[{"name":"SrcFile","value":"azdo-workspace/YPN-Core-Lib/package-lock.json"},{"name":"ResolvedUrl","value":"https://cegid.jfrog.io/cegid/api/npm/all-npm/mongodb/-/mongodb-6.3.0.tgz"},{"name":"ImportedModules","value":"mongodb"}],"evidence":{"identity":[{"field":"purl","confidence":1,"methods":[{"technique":"manifest-analysis","confidence":1,"value":"azdo-workspace/YPN-Core-Lib/package-lock.json"}],"concludedValue":"azdo-workspace/YPN-Core-Lib/package-lock.json"}],"occurrences":[{"location":"src/YMongoDB/index.ts#1"}]}},{"group":"@mongodb-js","name":"saslprep","version":"1.1.1","scope":"optional","hashes":[{"alg":"SHA-512","content":"b7b7392b4df78e865932ca671e0fe058f13891a9dd81cd8ec44ef86983ad18a7e007d54fb9524f8b1d07e9f8669b67ab8f93c1276d66a9cc77e25a481ad502b1"}],"purl":"pkg:npm/%40mongodb-js/saslprep@1.1.1","type":"library","bom-ref":"pkg:npm/@mongodb-js/saslprep@1.1.1","properties":[{"name":"SrcFile","value":"azdo-workspace/YPN-Core-Lib/package-lock.json"},{"name":"ResolvedUrl","value":"https://cegid.jfrog.io/cegid/api/npm/all-npm/@mongodb-js/saslprep/-/saslprep-1.1.1.tgz"}],"evidence":{"identity":[{"field":"purl","confidence":1,"methods":[{"technique":"manifest-analysis","confidence":1,"value":"azdo-workspace/YPN-Core-Lib/package-lock.json"}],"concludedValue":"azdo-workspace/YPN-Core-Lib/package-lock.json"}]}},{"group":"","name":"sparse-bitfield","version":"3.0.3","scope":"optional","hashes":[{"alg":"SHA-512","content":"92fce18bbbea2937e48743d953ed83d8f225970db29aa24aba351cc8f31df58ef936fe273db189657361c6c81d41a6f606694372dd589df40282e12f1ebed5b1"}],"purl":"pkg:npm/sparse-bitfield@3.0.3","type":"library","bom-ref":"pkg:npm/sparse-bitfield@3.0.3","properties":[{"name":"SrcFile","value":"azdo-workspace/YPN-Core-Lib/package-lock.json"},{"name":"ResolvedUrl","value":"https://cegid.jfrog.io/cegid/api/npm/all-npm/sparse-bitfield/-/sparse-bitfield-3.0.3.tgz"}],"evidence":{"identity":[{"field":"purl","confidence":1,"methods":[{"technique":"manifest-analysis","confidence":1,"value":"azdo-workspace/YPN-Core-Lib/package-lock.json"}],"concludedValue":"azdo-workspace/YPN-Core-Lib/package-lock.json"}]}},{"group":"","name":"memory-pager","version":"1.5.0","scope":"optional","hashes":[{"alg":"SHA-512","content":"652e01a78aff6687aaebe34b2693fed19ce6d2947cc21b463dfd5713128b24101ccc63274a2dc8b75e0e88d092b6342333a354d689234064b180464df1e0582a"}],"purl":"pkg:npm/memory-pager@1.5.0","type":"library","bom-ref":"pkg:npm/memory-pager@1.5.0","properties":[{"name":"SrcFile","value":"azdo-workspace/YPN-Core-Lib/package-lock.json"},{"name":"ResolvedUrl","value":"https://cegid.jfrog.io/cegid/api/npm/all-npm/memory-pager/-/memory-pager-1.5.0.tgz"}],"evidence":{"identity":[{"field":"purl","confidence":1,"methods":[{"technique":"manifest-analysis","confidence":1,"value":"azdo-workspace/YPN-Core-Lib/package-lock.json"}],"concludedValue":"azdo-workspace/YPN-Core-Lib/package-lock.json"}]}},{"group":"","name":"bson","version":"6.2.0","scope":"optional","hashes":[{"alg":"SHA-512","content":"203d5c23eedb6b33c3c8bf70632f46690f20104a215af71497f61fd1d21dbad2719e6227104c82b1be1ac32fce8817da965ef3040d7bf4f6a18b7bc2745cdedd"}],"purl":"pkg:npm/bson@6.2.0","type":"library","bom-ref":"pkg:npm/bson@6.2.0","properties":[{"name":"SrcFile","value":"azdo-workspace/YPN-Core-Lib/package-lock.json"},{"name":"ResolvedUrl","value":"https://cegid.jfrog.io/cegid/api/npm/all-npm/bson/-/bson-6.2.0.tgz"}],"evidence":{"identity":[{"field":"purl","confidence":1,"methods":[{"technique":"manifest-analysis","confidence":1,"value":"azdo-workspace/YPN-Core-Lib/package-lock.json"}],"concludedValue":"azdo-workspace/YPN-Core-Lib/package-lock.json"}]}},{"group":"","name":"mongodb-connection-string-url","version":"3.0.0","scope":"optional","hashes":[{"alg":"SHA-512","content":"b7555ffa6d48e610b6339449c7fec0b71800072d5c66620f411317c3e80420f9ff719345dce8b2fa5d14232a54c15079b6b7161eaddcae0da0dee011f5a030b1"}],"purl":"pkg:npm/mongodb-connection-string-url@3.0.0","type":"library","bom-ref":"pkg:npm/mongodb-connection-string-url@3.0.0","properties":[{"name":"SrcFile","value":"azdo-workspace/YPN-Core-Lib/package-lock.json"},{"name":"ResolvedUrl","value":"https://cegid.jfrog.io/cegid/api/npm/all-npm/mongodb-connection-string-url/-/mongodb-connection-string-url-3.0.0.tgz"}],"evidence":{"identity":[{"field":"purl","confidence":1,"methods":[{"technique":"manifest-analysis","confidence":1,"value":"azdo-workspace/YPN-Core-Lib/package-lock.json"}],"concludedValue":"azdo-workspace/YPN-Core-Lib/package-lock.json"}]}},{"group":"@types","name":"whatwg-url","version":"11.0.3","scope":"optional","hashes":[{"alg":"SHA-512","content":"cf510bbcc8a344bd50994ed0bb30e47985d2176f9d5c8d084caa10b08a1529c3413a22b944c996cbea586312531c5b7cbe4a597bb52cbd112b4307316648e853"}],"purl":"pkg:npm/%40types/whatwg-url@11.0.3","type":"library","bom-ref":"pkg:npm/@types/whatwg-url@11.0.3","properties":[{"name":"SrcFile","value":"azdo-workspace/YPN-Core-Lib/package-lock.json"},{"name":"ResolvedUrl","value":"https://cegid.jfrog.io/cegid/api/npm/all-npm/@types/whatwg-url/-/whatwg-url-11.0.3.tgz"}],"evidence":{"identity":[{"field":"purl","confidence":1,"methods":[{"technique":"manifest-analysis","confidence":1,"value":"azdo-workspace/YPN-Core-Lib/package-lock.json"}],"concludedValue":"azdo-workspace/YPN-Core-Lib/package-lock.json"}]}},{"group":"@types","name":"webidl-conversions","version":"7.0.3","scope":"optional","hashes":[{"alg":"SHA-512","content":"0a2249bdc46d220cda7470985f0edda849cc3518e11999582b4e4c8fd3b292da95f2e553f1f0f6045381ed2d6ec011372a3d99fb85323e6170fc8c60c3f2c094"}],"purl":"pkg:npm/%40types/webidl-conversions@7.0.3","type":"library","bom-ref":"pkg:npm/@types/webidl-conversions@7.0.3","properties":[{"name":"SrcFile","value":"azdo-workspace/YPN-Core-Lib/package-lock.json"},{"name":"ResolvedUrl","value":"https://cegid.jfrog.io/cegid/api/npm/all-npm/@types/webidl-conversions/-/webidl-conversions-7.0.3.tgz"}],"evidence":{"identity":[{"field":"purl","confidence":1,"methods":[{"technique":"manifest-analysis","confidence":1,"value":"azdo-workspace/YPN-Core-Lib/package-lock.json"}],"concludedValue":"azdo-workspace/YPN-Core-Lib/package-lock.json"}]}},{"group":"","name":"whatwg-url","version":"13.0.0","scope":"optional","hashes":[{"alg":"SHA-512","content":"f5659bca69ea8f9efe5c4baa0031eb089d9e497ce7f165c85bf61219a66d6f658a0089d0e821df69451c4f2caf7abd29f010e0e52b4b42af21d6fb59bb098e8a"}],"purl":"pkg:npm/whatwg-url@13.0.0","type":"library","bom-ref":"pkg:npm/whatwg-url@13.0.0","properties":[{"name":"SrcFile","value":"azdo-workspace/YPN-Core-Lib/package-lock.json"},{"name":"ResolvedUrl","value":"https://cegid.jfrog.io/cegid/api/npm/all-npm/whatwg-url/-/whatwg-url-13.0.0.tgz"}],"evidence":{"identity":[{"field":"purl","confidence":1,"methods":[{"technique":"manifest-analysis","confidence":1,"value":"azdo-workspace/YPN-Core-Lib/package-lock.json"}],"concludedValue":"azdo-workspace/YPN-Core-Lib/package-lock.json"}]}},{"group":"","name":"tr46","version":"4.1.1","scope":"optional","hashes":[{"alg":"SHA-512","content":"da5bffeba4fb7b9c8dca10000b835a29ee6755abf3b86250555b5160bc90d8e23cb6c27ad4f30b95e95e85bd308b61f1ebe853fce254599730f0c8e54919f1bf"}],"purl":"pkg:npm/tr46@4.1.1","type":"library","bom-ref":"pkg:npm/tr46@4.1.1","properties":[{"name":"SrcFile","value":"azdo-workspace/YPN-Core-Lib/package-lock.json"},{"name":"ResolvedUrl","value":"https://cegid.jfrog.io/cegid/api/npm/all-npm/tr46/-/tr46-4.1.1.tgz"}],"evidence":{"identity":[{"field":"purl","confidence":1,"methods":[{"technique":"manifest-analysis","confidence":1,"value":"azdo-workspace/YPN-Core-Lib/package-lock.json"}],"concludedValue":"azdo-workspace/YPN-Core-Lib/package-lock.json"}]}},{"group":"","name":"punycode","version":"2.3.1","scope":"optional","hashes":[{"alg":"SHA-512","content":"bd8b7b503d54f5683ad77f2c84bb4b3af740bbef03b02fe2945b44547707fb0c9d712a4d136d007d239db9fe8c91115a84be4563b5f5a14ee7295645b5fabc16"}],"purl":"pkg:npm/punycode@2.3.1","type":"library","bom-ref":"pkg:npm/punycode@2.3.1","properties":[{"name":"SrcFile","value":"azdo-workspace/YPN-Core-Lib/package-lock.json"},{"name":"ResolvedUrl","value":"https://cegid.jfrog.io/cegid/api/npm/all-npm/punycode/-/punycode-2.3.1.tgz"}],"evidence":{"identity":[{"field":"purl","confidence":1,"methods":[{"technique":"manifest-analysis","confidence":1,"value":"azdo-workspace/YPN-Core-Lib/package-lock.json"}],"concludedValue":"azdo-workspace/YPN-Core-Lib/package-lock.json"}]}},{"group":"","name":"webidl-conversions","version":"7.0.0","scope":"optional","hashes":[{"alg":"SHA-512","content":"57075d06e903ceeef5a1f7c0411f7be6e9c1206a9f299a4cfbc657eb24a4f27621568a39098699cb3b77601bd8b51b4ef9aa0696ac4f83f07cecd19567f7eeea"}],"purl":"pkg:npm/webidl-conversions@7.0.0","type":"library","bom-ref":"pkg:npm/webidl-conversions@7.0.0","properties":[{"name":"SrcFile","value":"azdo-workspace/YPN-Core-Lib/package-lock.json"},{"name":"ResolvedUrl","value":"https://cegid.jfrog.io/cegid/api/npm/all-npm/webidl-conversions/-/webidl-conversions-7.0.0.tgz"}],"evidence":{"identity":[{"field":"purl","confidence":1,"methods":[{"technique":"manifest-analysis","confidence":1,"value":"azdo-workspace/YPN-Core-Lib/package-lock.json"}],"concludedValue":"azdo-workspace/YPN-Core-Lib/package-lock.json"}]}},{"group":"@types","name":"node","version":"22.13.4","scope":"optional","hashes":[{"alg":"SHA-512","content":"cb03f65f40d8b57df2d3c785571e5f348c3bfee22ff216142a05e82bca1ac8994b9ca7117c4602c563151355da814755b42265653d405382d7100056f8bd4f7a"}],"licenses":[{"license":{"id":"MIT","url":"https://opensource.org/licenses/MIT"}}],"purl":"pkg:npm/%40types/node@22.13.4","type":"library","bom-ref":"pkg:npm/@types/node@22.13.4","properties":[{"name":"SrcFile","value":"azdo-workspace/YPN-Core-Lib/package-lock.json"},{"name":"ResolvedUrl","value":"https://cegid.jfrog.io/cegid/api/npm/all-npm/@types/node/-/node-22.13.4.tgz"}],"evidence":{"identity":[{"field":"purl","confidence":1,"methods":[{"technique":"manifest-analysis","confidence":1,"value":"azdo-workspace/YPN-Core-Lib/package-lock.json"}],"concludedValue":"azdo-workspace/YPN-Core-Lib/package-lock.json"}]}},{"group":"","name":"undici-types","version":"6.20.0","scope":"optional","hashes":[{"alg":"SHA-512","content":"372e90676363bb6d2fc354911dedddf6356eea027ee1edfe30ca6abbba6a1391d3e96b134a571efbe19098ae545d2f26cd5f034981eb407f97adfda355cb8a36"}],"licenses":[{"license":{"id":"MIT","url":"https://opensource.org/licenses/MIT"}}],"purl":"pkg:npm/undici-types@6.20.0","type":"library","bom-ref":"pkg:npm/undici-types@6.20.0","properties":[{"name":"SrcFile","value":"azdo-workspace/YPN-Core-Lib/package-lock.json"},{"name":"ResolvedUrl","value":"https://cegid.jfrog.io/cegid/api/npm/all-npm/undici-types/-/undici-types-6.20.0.tgz"}],"evidence":{"identity":[{"field":"purl","confidence":1,"methods":[{"technique":"manifest-analysis","confidence":1,"value":"azdo-workspace/YPN-Core-Lib/package-lock.json"}],"concludedValue":"azdo-workspace/YPN-Core-Lib/package-lock.json"}]}},{"group":"","name":"typescript","version":"5.4.3","scope":"optional","hashes":[{"alg":"SHA-512","content":"2ab3dddcf29a08bafbf0c6a5822c099c0db9366f070267703779985186601bfc22cc8a3d11a8a7355408f7fc836afb5515137687793cb9fdc62c7ba10cc8041e"}],"purl":"pkg:npm/typescript@5.4.3","type":"library","bom-ref":"pkg:npm/typescript@5.4.3","properties":[{"name":"SrcFile","value":"azdo-workspace/YPN-Core-Lib/package-lock.json"},{"name":"ResolvedUrl","value":"https://cegid.jfrog.io/cegid/api/npm/all-npm/typescript/-/typescript-5.4.3.tgz"},{"name":"cdx:npm:binPaths","value":"/Users/etienne/Developer/clients/shai hulud/azdo-workspace/YPN-Core-Lib/node_modules/.bin/tsc, /Users/etienne/Developer/clients/shai hulud/azdo-workspace/YPN-Core-Lib/node_modules/.bin/tsserver"}],"evidence":{"identity":[{"field":"purl","confidence":1,"methods":[{"technique":"manifest-analysis","confidence":1,"value":"azdo-workspace/YPN-Core-Lib/package-lock.json"}],"concludedValue":"azdo-workspace/YPN-Core-Lib/package-lock.json"}]}}],"services":[],"dependencies":[{"ref":"pkg:npm/memory-pager@1.5.0","dependsOn":[]},{"ref":"pkg:npm/sparse-bitfield@3.0.3","dependsOn":["pkg:npm/memory-pager@1.5.0"]},{"ref":"pkg:npm/@mongodb-js/saslprep@1.1.1","dependsOn":["pkg:npm/sparse-bitfield@3.0.3"]},{"ref":"pkg:npm/bson@6.2.0","dependsOn":[]},{"ref":"pkg:npm/@types/webidl-conversions@7.0.3","dependsOn":[]},{"ref":"pkg:npm/@types/whatwg-url@11.0.3","dependsOn":["pkg:npm/@types/webidl-conversions@7.0.3"]},{"ref":"pkg:npm/punycode@2.3.1","dependsOn":[]},{"ref":"pkg:npm/tr46@4.1.1","dependsOn":["pkg:npm/punycode@2.3.1"]},{"ref":"pkg:npm/webidl-conversions@7.0.0","dependsOn":[]},{"ref":"pkg:npm/whatwg-url@13.0.0","dependsOn":["pkg:npm/tr46@4.1.1","pkg:npm/webidl-conversions@7.0.0"]},{"ref":"pkg:npm/mongodb-connection-string-url@3.0.0","dependsOn":["pkg:npm/@types/whatwg-url@11.0.3","pkg:npm/whatwg-url@13.0.0"]},{"ref":"pkg:npm/mongodb@6.3.0","dependsOn":["pkg:npm/@mongodb-js/saslprep@1.1.1","pkg:npm/bson@6.2.0","pkg:npm/mongodb-connection-string-url@3.0.0"]},{"ref":"pkg:npm/@types/mongodb@4.0.7","dependsOn":["pkg:npm/mongodb@6.3.0"]},{"ref":"pkg:npm/undici-types@6.20.0","dependsOn":[]},{"ref":"pkg:npm/@types/node@22.13.4","dependsOn":["pkg:npm/undici-types@6.20.0"]},{"ref":"pkg:npm/typescript@5.4.3","dependsOn":[]},{"ref":"pkg:npm/@yupana/framework-types@0.1.40","dependsOn":["pkg:npm/@types/mongodb@4.0.7","pkg:npm/@types/node@22.13.4","pkg:npm/typescript@5.4.3"]}],"annotations":[{"bom-ref":"metadata-annotations","subjects":["pkg:npm/@yupana/framework-types@0.1.40"],"annotator":{"component":{"group":"@cyclonedx","name":"cdxgen","version":"11.7.0","purl":"pkg:npm/%40cyclonedx/cdxgen@11.7.0","type":"application","bom-ref":"pkg:npm/@cyclonedx/cdxgen@11.7.0","publisher":"OWASP Foundation","authors":[{"name":"OWASP Foundation"}]}},"timestamp":"2025-09-22T17:09:46Z","text":"This Software Bill-of-Materials (SBOM) document was created on Monday, September 22, 2025 with cdxgen. The data was captured during the build lifecycle phase. The document describes an application named 'framework-types' with version '0.1.40'. There are 16 components. The package type in this SBOM is npm with 2 purl namespaces described under components. The components were identified from the source files: azdo-workspace/YPN-Core-Lib/package-lock.json."}]}