{"bomFormat":"CycloneDX","specVersion":"1.6","serialNumber":"urn:uuid:fd8a4b41-d9ff-4018-8d77-469a51115a11","version":1,"metadata":{"timestamp":"2025-09-22T19:41:39Z","tools":{"components":[{"group":"@cyclonedx","name":"cdxgen","version":"11.7.0","purl":"pkg:npm/%40cyclonedx/cdxgen@11.7.0","type":"application","bom-ref":"pkg:npm/@cyclonedx/cdxgen@11.7.0","publisher":"OWASP Foundation","authors":[{"name":"OWASP Foundation"}]}]},"authors":[{"name":"OWASP Foundation"}],"lifecycles":[{"phase":"build"}],"properties":[]},"components":[],"services":[],"dependencies":[],"annotations":[]}