{"bomFormat":"CycloneDX","specVersion":"1.6","serialNumber":"urn:uuid:fd23416b-089b-4a87-8e1c-a852b59fa002","version":1,"metadata":{"timestamp":"2025-09-22T19:27:49Z","tools":{"components":[{"group":"@cyclonedx","name":"cdxgen","version":"11.7.0","purl":"pkg:npm/%40cyclonedx/cdxgen@11.7.0","type":"application","bom-ref":"pkg:npm/@cyclonedx/cdxgen@11.7.0","publisher":"OWASP Foundation","authors":[{"name":"OWASP Foundation"}]}]},"authors":[{"name":"OWASP Foundation"}],"lifecycles":[{"phase":"build"}],"properties":[{"name":"cdx:bom:componentTypes","value":"npm"},{"name":"cdx:bom:componentSrcFiles","value":"azdo-workspace/Doc/templates/cegid/styles/mermaid.min.js"}]},"components":[{"group":"","name":"sequence","version":"config","purl":"pkg:npm/sequence@config","type":"library","bom-ref":"pkg:npm/sequence@config","properties":[{"name":"SrcFile","value":"azdo-workspace/Doc/templates/cegid/styles/mermaid.min.js"}],"evidence":{"identity":[{"field":"purl","confidence":0.25,"methods":[{"technique":"filename","confidence":0.25,"value":"azdo-workspace/Doc/templates/cegid/styles/mermaid.min.js"}],"concludedValue":"azdo-workspace/Doc/templates/cegid/styles/mermaid.min.js"}]}}],"services":[],"dependencies":[],"annotations":[]}