{"bomFormat":"CycloneDX","specVersion":"1.6","serialNumber":"urn:uuid:70d631d7-41ad-4059-8b5c-0f665aa55ea1","version":1,"metadata":{"timestamp":"2025-09-22T19:36:35Z","tools":{"components":[{"group":"@cyclonedx","name":"cdxgen","version":"11.7.0","purl":"pkg:npm/%40cyclonedx/cdxgen@11.7.0","type":"application","bom-ref":"pkg:npm/@cyclonedx/cdxgen@11.7.0","publisher":"OWASP Foundation","authors":[{"name":"OWASP Foundation"}]}]},"authors":[{"name":"OWASP Foundation"}],"lifecycles":[{"phase":"build"}],"properties":[]},"components":[],"services":[],"dependencies":[],"annotations":[]}