{"bomFormat":"CycloneDX","specVersion":"1.6","serialNumber":"urn:uuid:6d5dc8af-4021-4407-abd5-d2661d098702","version":1,"metadata":{"timestamp":"2025-09-22T17:08:06Z","tools":{"components":[{"group":"@cyclonedx","name":"cdxgen","version":"11.7.0","purl":"pkg:npm/%40cyclonedx/cdxgen@11.7.0","type":"application","bom-ref":"pkg:npm/@cyclonedx/cdxgen@11.7.0","publisher":"OWASP Foundation","authors":[{"name":"OWASP Foundation"}]}]},"authors":[{"name":"OWASP Foundation"}],"lifecycles":[{"phase":"build"}],"component":{"name":"UseItFlow","group":"","version":"4.0.11","purl":"pkg:npm/UseItFlow@4.0.11","bom-ref":"pkg:npm/UseItFlow@4.0.11","type":"application"},"properties":[{"name":"cdx:bom:componentTypes","value":"npm"},{"name":"cdx:bom:componentSrcFiles","value":"azdo-workspace/UseItFlow/package-lock.json"}]},"components":[{"group":"","name":"express","version":"5.1.0","scope":"required","hashes":[{"alg":"SHA-512","content":"0d3f5c939608454fbc198cf3539913dde1c603988bfb565dd04bad3a64c4f43b64f93beecdddb754153e79cec73cd493c5760ee7980f57f86ae294812438c5a4"}],"licenses":[{"license":{"id":"MIT","url":"https://opensource.org/licenses/MIT"}}],"purl":"pkg:npm/express@5.1.0","type":"framework","bom-ref":"pkg:npm/express@5.1.0","properties":[{"name":"SrcFile","value":"azdo-workspace/UseItFlow/package-lock.json"},{"name":"ResolvedUrl","value":"https://cegid.jfrog.io/cegid/api/npm/all-npm/express/-/express-5.1.0.tgz"},{"name":"ImportedModules","value":"express"}],"evidence":{"identity":[{"field":"purl","confidence":1,"methods":[{"technique":"manifest-analysis","confidence":1,"value":"azdo-workspace/UseItFlow/package-lock.json"}],"concludedValue":"azdo-workspace/UseItFlow/package-lock.json"}],"occurrences":[{"location":"lib/server.js#10"}]},"tags":["framework"]},{"group":"","name":"accepts","version":"2.0.0","scope":"optional","hashes":[{"alg":"SHA-512","content":"e5cbe0e82b4ac1f81d995a98d562225ca7374356e446a18b8bed96ffa6a8fba63b82efd10b046e021184ce1e41e0a96ccd2b932e0658baa16aa396c89a334a9e"}],"licenses":[{"license":{"id":"MIT","url":"https://opensource.org/licenses/MIT"}}],"purl":"pkg:npm/accepts@2.0.0","type":"library","bom-ref":"pkg:npm/accepts@2.0.0","properties":[{"name":"SrcFile","value":"azdo-workspace/UseItFlow/package-lock.json"},{"name":"ResolvedUrl","value":"https://cegid.jfrog.io/cegid/api/npm/all-npm/accepts/-/accepts-2.0.0.tgz"}],"evidence":{"identity":[{"field":"purl","confidence":1,"methods":[{"technique":"manifest-analysis","confidence":1,"value":"azdo-workspace/UseItFlow/package-lock.json"}],"concludedValue":"azdo-workspace/UseItFlow/package-lock.json"}]}},{"group":"","name":"mime-types","version":"3.0.1","scope":"optional","hashes":[{"alg":"SHA-512","content":"c51738a04853e9e681a54d5717b023a4e143fb14265cd0793952b0a78b6a0ae0691cb4bf65b043adcd3b9984c3a95320e8f7f15238cda7ce4ee8277667fe4758"}],"licenses":[{"license":{"id":"MIT","url":"https://opensource.org/licenses/MIT"}}],"purl":"pkg:npm/mime-types@3.0.1","type":"library","bom-ref":"pkg:npm/mime-types@3.0.1","properties":[{"name":"SrcFile","value":"azdo-workspace/UseItFlow/package-lock.json"},{"name":"ResolvedUrl","value":"https://cegid.jfrog.io/cegid/api/npm/all-npm/mime-types/-/mime-types-3.0.1.tgz"}],"evidence":{"identity":[{"field":"purl","confidence":1,"methods":[{"technique":"manifest-analysis","confidence":1,"value":"azdo-workspace/UseItFlow/package-lock.json"}],"concludedValue":"azdo-workspace/UseItFlow/package-lock.json"}]}},{"group":"","name":"mime-db","version":"1.54.0","scope":"optional","hashes":[{"alg":"SHA-512","content":"694e4426e20dd960de982700a76bc505fa7f9b810085626750d492c348b1b3bfe45db77a3e0eb8126c0990d745841f1a5add6c1f60935eb2f1a3f880195de83d"}],"licenses":[{"license":{"id":"MIT","url":"https://opensource.org/licenses/MIT"}}],"purl":"pkg:npm/mime-db@1.54.0","type":"library","bom-ref":"pkg:npm/mime-db@1.54.0","properties":[{"name":"SrcFile","value":"azdo-workspace/UseItFlow/package-lock.json"},{"name":"ResolvedUrl","value":"https://cegid.jfrog.io/cegid/api/npm/all-npm/mime-db/-/mime-db-1.54.0.tgz"}],"evidence":{"identity":[{"field":"purl","confidence":1,"methods":[{"technique":"manifest-analysis","confidence":1,"value":"azdo-workspace/UseItFlow/package-lock.json"}],"concludedValue":"azdo-workspace/UseItFlow/package-lock.json"}]}},{"group":"","name":"negotiator","version":"1.0.0","scope":"optional","hashes":[{"alg":"SHA-512","content":"f0e7ecfc051087c31a11cae5ab9c4e5f4090f72a53179765efc9a394c35f38ad3c7f3a604c741140f07170f944b48c34c91a70b3e668ff7afee5645bcbbbb71a"}],"licenses":[{"license":{"id":"MIT","url":"https://opensource.org/licenses/MIT"}}],"purl":"pkg:npm/negotiator@1.0.0","type":"library","bom-ref":"pkg:npm/negotiator@1.0.0","properties":[{"name":"SrcFile","value":"azdo-workspace/UseItFlow/package-lock.json"},{"name":"ResolvedUrl","value":"https://cegid.jfrog.io/cegid/api/npm/all-npm/negotiator/-/negotiator-1.0.0.tgz"}],"evidence":{"identity":[{"field":"purl","confidence":1,"methods":[{"technique":"manifest-analysis","confidence":1,"value":"azdo-workspace/UseItFlow/package-lock.json"}],"concludedValue":"azdo-workspace/UseItFlow/package-lock.json"}]}},{"group":"","name":"body-parser","version":"2.2.0","scope":"optional","hashes":[{"alg":"SHA-512","content":"d36aaf01ac6ff2da7b7c16bf9b0d606bdf0e1a6f9e09bab324e2a846def4b0b99f1048be8f20585530c67c22ff934ebfe04324ff3d358027bb1e8087fdfd8b4e"}],"licenses":[{"license":{"id":"MIT","url":"https://opensource.org/licenses/MIT"}}],"purl":"pkg:npm/body-parser@2.2.0","type":"library","bom-ref":"pkg:npm/body-parser@2.2.0","properties":[{"name":"SrcFile","value":"azdo-workspace/UseItFlow/package-lock.json"},{"name":"ResolvedUrl","value":"https://cegid.jfrog.io/cegid/api/npm/all-npm/body-parser/-/body-parser-2.2.0.tgz"}],"evidence":{"identity":[{"field":"purl","confidence":1,"methods":[{"technique":"manifest-analysis","confidence":1,"value":"azdo-workspace/UseItFlow/package-lock.json"}],"concludedValue":"azdo-workspace/UseItFlow/package-lock.json"}]},"tags":["parse"]},{"group":"","name":"bytes","version":"3.1.2","scope":"optional","hashes":[{"alg":"SHA-512","content":"fcd7fb4f2cd3c7a4b7c9124e6ce015efde7aafc72bdbe3a3f000b976df3048fdc1400a1e5f9f0da07c8253c3fccc690d5d2b634d28ba7f33ba174a4175c61b12"}],"licenses":[{"license":{"id":"MIT","url":"https://opensource.org/licenses/MIT"}}],"purl":"pkg:npm/bytes@3.1.2","type":"library","bom-ref":"pkg:npm/bytes@3.1.2","properties":[{"name":"SrcFile","value":"azdo-workspace/UseItFlow/package-lock.json"},{"name":"ResolvedUrl","value":"https://cegid.jfrog.io/cegid/api/npm/all-npm/bytes/-/bytes-3.1.2.tgz"}],"evidence":{"identity":[{"field":"purl","confidence":1,"methods":[{"technique":"manifest-analysis","confidence":1,"value":"azdo-workspace/UseItFlow/package-lock.json"}],"concludedValue":"azdo-workspace/UseItFlow/package-lock.json"}]}},{"group":"","name":"content-type","version":"1.0.5","scope":"optional","hashes":[{"alg":"SHA-512","content":"9d38ea7dc045122a4a7570afe180d05827e670b64a9bcd65745d29028a53bf2ac51956dc47a3ff54001de46ecdfb4b53afc42a894d2d15a743e852b836d27038"}],"purl":"pkg:npm/content-type@1.0.5","type":"library","bom-ref":"pkg:npm/content-type@1.0.5","properties":[{"name":"SrcFile","value":"azdo-workspace/UseItFlow/package-lock.json"},{"name":"ResolvedUrl","value":"https://cegid.jfrog.io/cegid/api/npm/all-npm/content-type/-/content-type-1.0.5.tgz"}],"evidence":{"identity":[{"field":"purl","confidence":1,"methods":[{"technique":"manifest-analysis","confidence":1,"value":"azdo-workspace/UseItFlow/package-lock.json"}],"concludedValue":"azdo-workspace/UseItFlow/package-lock.json"}]}},{"group":"","name":"debug","version":"4.4.0","scope":"optional","hashes":[{"alg":"SHA-512","content":"e964d9fc8c4263f4fa0402e8647684e1cb69f719be679918fe9cd86821d115ec958688f196b9bee3acbaf0703a86bd1373012cb28c4d8831142508df3d9fd160"}],"licenses":[{"license":{"id":"MIT","url":"https://opensource.org/licenses/MIT"}}],"purl":"pkg:npm/debug@4.4.0","type":"library","bom-ref":"pkg:npm/debug@4.4.0","properties":[{"name":"SrcFile","value":"azdo-workspace/UseItFlow/package-lock.json"},{"name":"ResolvedUrl","value":"https://cegid.jfrog.io/cegid/api/npm/all-npm/debug/-/debug-4.4.0.tgz"}],"evidence":{"identity":[{"field":"purl","confidence":1,"methods":[{"technique":"manifest-analysis","confidence":1,"value":"azdo-workspace/UseItFlow/package-lock.json"}],"concludedValue":"azdo-workspace/UseItFlow/package-lock.json"}]}},{"group":"","name":"ms","version":"2.1.3","scope":"optional","hashes":[{"alg":"SHA-512","content":"e85973b9b4cb646dc9d9afcd542025784863ceae68c601f268253dc985ef70bb2fa1568726afece715c8ebf5d73fab73ed1f7100eb479d23bfb57b45dd645394"}],"licenses":[{"license":{"id":"MIT","url":"https://opensource.org/licenses/MIT"}}],"purl":"pkg:npm/ms@2.1.3","type":"library","bom-ref":"pkg:npm/ms@2.1.3","properties":[{"name":"SrcFile","value":"azdo-workspace/UseItFlow/package-lock.json"},{"name":"ResolvedUrl","value":"https://cegid.jfrog.io/cegid/api/npm/all-npm/ms/-/ms-2.1.3.tgz"}],"evidence":{"identity":[{"field":"purl","confidence":1,"methods":[{"technique":"manifest-analysis","confidence":1,"value":"azdo-workspace/UseItFlow/package-lock.json"}],"concludedValue":"azdo-workspace/UseItFlow/package-lock.json"}]}},{"group":"","name":"http-errors","version":"2.0.0","scope":"optional","hashes":[{"alg":"SHA-512","content":"16dc2b1bf7ae0736848d8791a8e825cbb1b4aaf8a25e82569ef107d99d6994175781bca3bf7e291d349bf73a1e1ccc83cb7dfe0d6cb95adf56a3e4d446d39849"}],"purl":"pkg:npm/http-errors@2.0.0","type":"library","bom-ref":"pkg:npm/http-errors@2.0.0","properties":[{"name":"SrcFile","value":"azdo-workspace/UseItFlow/package-lock.json"},{"name":"ResolvedUrl","value":"https://cegid.jfrog.io/cegid/api/npm/all-npm/http-errors/-/http-errors-2.0.0.tgz"}],"evidence":{"identity":[{"field":"purl","confidence":1,"methods":[{"technique":"manifest-analysis","confidence":1,"value":"azdo-workspace/UseItFlow/package-lock.json"}],"concludedValue":"azdo-workspace/UseItFlow/package-lock.json"}]}},{"group":"","name":"depd","version":"2.0.0","scope":"optional","hashes":[{"alg":"SHA-512","content":"83b9c7e8fe9dc838a8268800006a6b1a90ad5489898693e4feba02cdd6f77c887ad7fb3f9cfb1f47aa27c8cc2408047f3a50b7c810b49444af52840402cb08af"}],"purl":"pkg:npm/depd@2.0.0","type":"library","bom-ref":"pkg:npm/depd@2.0.0","properties":[{"name":"SrcFile","value":"azdo-workspace/UseItFlow/package-lock.json"},{"name":"ResolvedUrl","value":"https://cegid.jfrog.io/cegid/api/npm/all-npm/depd/-/depd-2.0.0.tgz"}],"evidence":{"identity":[{"field":"purl","confidence":1,"methods":[{"technique":"manifest-analysis","confidence":1,"value":"azdo-workspace/UseItFlow/package-lock.json"}],"concludedValue":"azdo-workspace/UseItFlow/package-lock.json"}]}},{"group":"","name":"inherits","version":"2.0.4","scope":"optional","hashes":[{"alg":"SHA-512","content":"93fbc6697e3f6256b75b3c8c0af4d039761e207bea38ab67a8176ecd31e9ce9419cc0b2428c859d8af849c189233dcc64a820578ca572b16b8758799210a9ec1"}],"purl":"pkg:npm/inherits@2.0.4","type":"library","bom-ref":"pkg:npm/inherits@2.0.4","properties":[{"name":"SrcFile","value":"azdo-workspace/UseItFlow/package-lock.json"},{"name":"ResolvedUrl","value":"https://cegid.jfrog.io/cegid/api/npm/all-npm/inherits/-/inherits-2.0.4.tgz"}],"evidence":{"identity":[{"field":"purl","confidence":1,"methods":[{"technique":"manifest-analysis","confidence":1,"value":"azdo-workspace/UseItFlow/package-lock.json"}],"concludedValue":"azdo-workspace/UseItFlow/package-lock.json"}]}},{"group":"","name":"setprototypeof","version":"1.2.0","scope":"optional","hashes":[{"alg":"SHA-512","content":"1392c35fb5aba7ce4a8a5e5b859bf8ea3f2339e6e82aae4932660cde05467461fcc45a4f59750cb0dae53830ab928c4c11e362fd7648c2e46f6385cdc18309a7"}],"purl":"pkg:npm/setprototypeof@1.2.0","type":"library","bom-ref":"pkg:npm/setprototypeof@1.2.0","properties":[{"name":"SrcFile","value":"azdo-workspace/UseItFlow/package-lock.json"},{"name":"ResolvedUrl","value":"https://cegid.jfrog.io/cegid/api/npm/all-npm/setprototypeof/-/setprototypeof-1.2.0.tgz"}],"evidence":{"identity":[{"field":"purl","confidence":1,"methods":[{"technique":"manifest-analysis","confidence":1,"value":"azdo-workspace/UseItFlow/package-lock.json"}],"concludedValue":"azdo-workspace/UseItFlow/package-lock.json"}]}},{"group":"","name":"statuses","version":"2.0.1","scope":"optional","hashes":[{"alg":"SHA-512","content":"470340f59ffb3eb2b4eab60b23314c95a17e97bde2c29ceca9120581b30b6d370b0fa70e6a8f364da59e7cf5d0bc1d9f382e008ee612127752ecdfe64c26e475"}],"purl":"pkg:npm/statuses@2.0.1","type":"library","bom-ref":"pkg:npm/statuses@2.0.1","properties":[{"name":"SrcFile","value":"azdo-workspace/UseItFlow/package-lock.json"},{"name":"ResolvedUrl","value":"https://cegid.jfrog.io/cegid/api/npm/all-npm/statuses/-/statuses-2.0.1.tgz"}],"evidence":{"identity":[{"field":"purl","confidence":1,"methods":[{"technique":"manifest-analysis","confidence":1,"value":"azdo-workspace/UseItFlow/package-lock.json"}],"concludedValue":"azdo-workspace/UseItFlow/package-lock.json"}]}},{"group":"","name":"toidentifier","version":"1.0.1","scope":"optional","hashes":[{"alg":"SHA-512","content":"a39b123ca12483f0c840d987e37574fee7ab2eba7355e764521f2d18dbda797a5fa6ec2329e9e54a8c7fd8efc14e5654b447be246eece58844cfad3c3e500744"}],"purl":"pkg:npm/toidentifier@1.0.1","type":"library","bom-ref":"pkg:npm/toidentifier@1.0.1","properties":[{"name":"SrcFile","value":"azdo-workspace/UseItFlow/package-lock.json"},{"name":"ResolvedUrl","value":"https://cegid.jfrog.io/cegid/api/npm/all-npm/toidentifier/-/toidentifier-1.0.1.tgz"}],"evidence":{"identity":[{"field":"purl","confidence":1,"methods":[{"technique":"manifest-analysis","confidence":1,"value":"azdo-workspace/UseItFlow/package-lock.json"}],"concludedValue":"azdo-workspace/UseItFlow/package-lock.json"}]}},{"group":"","name":"iconv-lite","version":"0.6.3","scope":"optional","hashes":[{"alg":"SHA-512","content":"e1f0a4efdc2c84c773329dab1f4eaa5ab244e22a25a8b842507f8e8ae22053ef91074fbde0d9432fcd5ab4eec65f9e6e50ab9ea34b711cdb6f13223a0fb59d33"}],"licenses":[{"license":{"id":"MIT","url":"https://opensource.org/licenses/MIT"}}],"purl":"pkg:npm/iconv-lite@0.6.3","type":"library","bom-ref":"pkg:npm/iconv-lite@0.6.3","properties":[{"name":"SrcFile","value":"azdo-workspace/UseItFlow/package-lock.json"},{"name":"ResolvedUrl","value":"https://cegid.jfrog.io/cegid/api/npm/all-npm/iconv-lite/-/iconv-lite-0.6.3.tgz"}],"evidence":{"identity":[{"field":"purl","confidence":1,"methods":[{"technique":"manifest-analysis","confidence":1,"value":"azdo-workspace/UseItFlow/package-lock.json"}],"concludedValue":"azdo-workspace/UseItFlow/package-lock.json"}]}},{"group":"","name":"safer-buffer","version":"2.1.2","scope":"optional","hashes":[{"alg":"SHA-512","content":"619a372bcd920fb462ca2d04d4440fa232f3ee4a5ea6749023d2323db1c78355d75debdbe5d248eeda72376003c467106c71bbbdcc911e4d1c6f0a9c42b894b6"}],"licenses":[{"license":{"id":"MIT","url":"https://opensource.org/licenses/MIT"}}],"purl":"pkg:npm/safer-buffer@2.1.2","type":"library","bom-ref":"pkg:npm/safer-buffer@2.1.2","properties":[{"name":"SrcFile","value":"azdo-workspace/UseItFlow/package-lock.json"},{"name":"ResolvedUrl","value":"https://cegid.jfrog.io/cegid/api/npm/all-npm/safer-buffer/-/safer-buffer-2.1.2.tgz"}],"evidence":{"identity":[{"field":"purl","confidence":1,"methods":[{"technique":"manifest-analysis","confidence":1,"value":"azdo-workspace/UseItFlow/package-lock.json"}],"concludedValue":"azdo-workspace/UseItFlow/package-lock.json"}]}},{"group":"","name":"on-finished","version":"2.4.1","scope":"optional","hashes":[{"alg":"SHA-512","content":"a15973920dc4340842936cddbfb209c1dfd0503e33d91c51c2991c198f29b0255c09864dab8c189d55802c733e6ebb6e26378f5a2605fc2966b83afc0a1e7e92"}],"purl":"pkg:npm/on-finished@2.4.1","type":"library","bom-ref":"pkg:npm/on-finished@2.4.1","properties":[{"name":"SrcFile","value":"azdo-workspace/UseItFlow/package-lock.json"},{"name":"ResolvedUrl","value":"https://cegid.jfrog.io/cegid/api/npm/all-npm/on-finished/-/on-finished-2.4.1.tgz"}],"evidence":{"identity":[{"field":"purl","confidence":1,"methods":[{"technique":"manifest-analysis","confidence":1,"value":"azdo-workspace/UseItFlow/package-lock.json"}],"concludedValue":"azdo-workspace/UseItFlow/package-lock.json"}]}},{"group":"","name":"ee-first","version":"1.1.1","scope":"optional","hashes":[{"alg":"SHA-512","content":"58cc26f4b851528f9651a44dfaf46e113a86f3d22066985548d91d16079beac4bf1383ab0c837bb78f0201ec121d773a0bc95e7c3f0a29faf9bd8eb56eb425a3"}],"purl":"pkg:npm/ee-first@1.1.1","type":"library","bom-ref":"pkg:npm/ee-first@1.1.1","properties":[{"name":"SrcFile","value":"azdo-workspace/UseItFlow/package-lock.json"},{"name":"ResolvedUrl","value":"https://cegid.jfrog.io/cegid/api/npm/all-npm/ee-first/-/ee-first-1.1.1.tgz"}],"evidence":{"identity":[{"field":"purl","confidence":1,"methods":[{"technique":"manifest-analysis","confidence":1,"value":"azdo-workspace/UseItFlow/package-lock.json"}],"concludedValue":"azdo-workspace/UseItFlow/package-lock.json"}]}},{"group":"","name":"qs","version":"6.14.0","scope":"optional","hashes":[{"alg":"SHA-512","content":"6165938e000148a72fb3f9d6062f4fc9c63f2623c9a8e0f8240ea8f527a3d80b6f4866ab5f1282dce412938a406ab6dd4252808790f814242424d916f86027df"}],"licenses":[{"license":{"id":"BSD-3-Clause","url":"https://opensource.org/licenses/BSD-3-Clause"}}],"purl":"pkg:npm/qs@6.14.0","type":"library","bom-ref":"pkg:npm/qs@6.14.0","properties":[{"name":"SrcFile","value":"azdo-workspace/UseItFlow/package-lock.json"},{"name":"ResolvedUrl","value":"https://cegid.jfrog.io/cegid/api/npm/all-npm/qs/-/qs-6.14.0.tgz"}],"evidence":{"identity":[{"field":"purl","confidence":1,"methods":[{"technique":"manifest-analysis","confidence":1,"value":"azdo-workspace/UseItFlow/package-lock.json"}],"concludedValue":"azdo-workspace/UseItFlow/package-lock.json"}]}},{"group":"","name":"side-channel","version":"1.1.0","scope":"optional","hashes":[{"alg":"SHA-512","content":"657f7d7bab51c1ea145ea47e541aec96175ae75361e4c4d0c28bb9b6750381bb723347418268440ed5863ffc5b2a7ea1a9f3d11ee8d4370cf97f2ff06db867a7"}],"licenses":[{"license":{"id":"MIT","url":"https://opensource.org/licenses/MIT"}}],"purl":"pkg:npm/side-channel@1.1.0","type":"library","bom-ref":"pkg:npm/side-channel@1.1.0","properties":[{"name":"SrcFile","value":"azdo-workspace/UseItFlow/package-lock.json"},{"name":"ResolvedUrl","value":"https://cegid.jfrog.io/cegid/api/npm/all-npm/side-channel/-/side-channel-1.1.0.tgz"}],"evidence":{"identity":[{"field":"purl","confidence":1,"methods":[{"technique":"manifest-analysis","confidence":1,"value":"azdo-workspace/UseItFlow/package-lock.json"}],"concludedValue":"azdo-workspace/UseItFlow/package-lock.json"}]}},{"group":"","name":"es-errors","version":"1.3.0","scope":"optional","hashes":[{"alg":"SHA-512","content":"65fe47d8ac6ddb18d3bdb26f3f66562c4202c40ea3fa1026333225ca9cb8c5c060d6f2959f1f3d5b2d066d2fa47f9730095145cdd0858765d20853542d2e9cb3"}],"licenses":[{"license":{"id":"MIT","url":"https://opensource.org/licenses/MIT"}}],"purl":"pkg:npm/es-errors@1.3.0","type":"library","bom-ref":"pkg:npm/es-errors@1.3.0","properties":[{"name":"SrcFile","value":"azdo-workspace/UseItFlow/package-lock.json"},{"name":"ResolvedUrl","value":"https://cegid.jfrog.io/cegid/api/npm/all-npm/es-errors/-/es-errors-1.3.0.tgz"}],"evidence":{"identity":[{"field":"purl","confidence":1,"methods":[{"technique":"manifest-analysis","confidence":1,"value":"azdo-workspace/UseItFlow/package-lock.json"}],"concludedValue":"azdo-workspace/UseItFlow/package-lock.json"}]}},{"group":"","name":"object-inspect","version":"1.13.4","scope":"optional","hashes":[{"alg":"SHA-512","content":"5baee22e5e09d845c41936df78709f7eb8c37e2b6f2c0360d14957df01545124f1f762974457a0307515812a84fb0be101b8b85aa8c683d733cac4d5d84a5b7b"}],"licenses":[{"license":{"id":"MIT","url":"https://opensource.org/licenses/MIT"}}],"purl":"pkg:npm/object-inspect@1.13.4","type":"library","bom-ref":"pkg:npm/object-inspect@1.13.4","properties":[{"name":"SrcFile","value":"azdo-workspace/UseItFlow/package-lock.json"},{"name":"ResolvedUrl","value":"https://cegid.jfrog.io/cegid/api/npm/all-npm/object-inspect/-/object-inspect-1.13.4.tgz"}],"evidence":{"identity":[{"field":"purl","confidence":1,"methods":[{"technique":"manifest-analysis","confidence":1,"value":"azdo-workspace/UseItFlow/package-lock.json"}],"concludedValue":"azdo-workspace/UseItFlow/package-lock.json"}]}},{"group":"","name":"side-channel-list","version":"1.0.0","scope":"optional","hashes":[{"alg":"SHA-512","content":"1422c7b510ff827a428821c48892cec1d9853fec330a60c491cf72ecdb18c5e178bbb06db27d59bb0830246c4898898789c240acb3f8474c97e1cd8a0ab32b4c"}],"licenses":[{"license":{"id":"MIT","url":"https://opensource.org/licenses/MIT"}}],"purl":"pkg:npm/side-channel-list@1.0.0","type":"library","bom-ref":"pkg:npm/side-channel-list@1.0.0","properties":[{"name":"SrcFile","value":"azdo-workspace/UseItFlow/package-lock.json"},{"name":"ResolvedUrl","value":"https://cegid.jfrog.io/cegid/api/npm/all-npm/side-channel-list/-/side-channel-list-1.0.0.tgz"}],"evidence":{"identity":[{"field":"purl","confidence":1,"methods":[{"technique":"manifest-analysis","confidence":1,"value":"azdo-workspace/UseItFlow/package-lock.json"}],"concludedValue":"azdo-workspace/UseItFlow/package-lock.json"}]}},{"group":"","name":"side-channel-map","version":"1.0.1","scope":"optional","hashes":[{"alg":"SHA-512","content":"5428c235f80cb1bcb7b53768d369db8ed33f7b0adaea33c79a94e17a7913621f291bdb9c67fd4ff12a38bb814605e93f063a4e56c0c23282c0fe2b8128815744"}],"licenses":[{"license":{"id":"MIT","url":"https://opensource.org/licenses/MIT"}}],"purl":"pkg:npm/side-channel-map@1.0.1","type":"library","bom-ref":"pkg:npm/side-channel-map@1.0.1","properties":[{"name":"SrcFile","value":"azdo-workspace/UseItFlow/package-lock.json"},{"name":"ResolvedUrl","value":"https://cegid.jfrog.io/cegid/api/npm/all-npm/side-channel-map/-/side-channel-map-1.0.1.tgz"}],"evidence":{"identity":[{"field":"purl","confidence":1,"methods":[{"technique":"manifest-analysis","confidence":1,"value":"azdo-workspace/UseItFlow/package-lock.json"}],"concludedValue":"azdo-workspace/UseItFlow/package-lock.json"}]}},{"group":"","name":"call-bound","version":"1.0.4","scope":"optional","hashes":[{"alg":"SHA-512","content":"fb2b3df7b53dea9a382b1fc0069042aa103d12ec49690583420ef6f791f8841a61bf72198346e804abb0629b78617a7a319e4099942753fb72313951a5a49e8e"}],"licenses":[{"license":{"id":"MIT","url":"https://opensource.org/licenses/MIT"}}],"purl":"pkg:npm/call-bound@1.0.4","type":"library","bom-ref":"pkg:npm/call-bound@1.0.4","properties":[{"name":"SrcFile","value":"azdo-workspace/UseItFlow/package-lock.json"},{"name":"ResolvedUrl","value":"https://cegid.jfrog.io/cegid/api/npm/all-npm/call-bound/-/call-bound-1.0.4.tgz"}],"evidence":{"identity":[{"field":"purl","confidence":1,"methods":[{"technique":"manifest-analysis","confidence":1,"value":"azdo-workspace/UseItFlow/package-lock.json"}],"concludedValue":"azdo-workspace/UseItFlow/package-lock.json"}]}},{"group":"","name":"call-bind-apply-helpers","version":"1.0.2","scope":"optional","hashes":[{"alg":"SHA-512","content":"4a9d5a6e52748af0e44b38dc68977112e9cde7f5ef92c149dac30115fabac74af285057fd9bfcac057b6d5c329987b4f3928a3f0af7dff049fa04b9339b9ae31"}],"licenses":[{"license":{"id":"MIT","url":"https://opensource.org/licenses/MIT"}}],"purl":"pkg:npm/call-bind-apply-helpers@1.0.2","type":"library","bom-ref":"pkg:npm/call-bind-apply-helpers@1.0.2","properties":[{"name":"SrcFile","value":"azdo-workspace/UseItFlow/package-lock.json"},{"name":"ResolvedUrl","value":"https://cegid.jfrog.io/cegid/api/npm/all-npm/call-bind-apply-helpers/-/call-bind-apply-helpers-1.0.2.tgz"}],"evidence":{"identity":[{"field":"purl","confidence":1,"methods":[{"technique":"manifest-analysis","confidence":1,"value":"azdo-workspace/UseItFlow/package-lock.json"}],"concludedValue":"azdo-workspace/UseItFlow/package-lock.json"}]}},{"group":"","name":"function-bind","version":"1.1.2","scope":"optional","hashes":[{"alg":"SHA-512","content":"ed71cdc47eea5fdc46e66230c6486e993a31fcc21135c3a00ebc56b0cb76a40af6dd61e9e8cad194dec50521690a9afea153b417be38894811f369c931f1b648"}],"licenses":[{"license":{"id":"MIT","url":"https://opensource.org/licenses/MIT"}}],"purl":"pkg:npm/function-bind@1.1.2","type":"library","bom-ref":"pkg:npm/function-bind@1.1.2","properties":[{"name":"SrcFile","value":"azdo-workspace/UseItFlow/package-lock.json"},{"name":"ResolvedUrl","value":"https://cegid.jfrog.io/cegid/api/npm/all-npm/function-bind/-/function-bind-1.1.2.tgz"}],"evidence":{"identity":[{"field":"purl","confidence":1,"methods":[{"technique":"manifest-analysis","confidence":1,"value":"azdo-workspace/UseItFlow/package-lock.json"}],"concludedValue":"azdo-workspace/UseItFlow/package-lock.json"}]}},{"group":"","name":"get-intrinsic","version":"1.3.0","scope":"optional","hashes":[{"alg":"SHA-512","content":"f5f4a349aa2cfdf448548a7ec5226513a95fc21112ecb36d29a08121a987b23af69dad418800493e8d263a38f3f062435116ab9823c6a9a89583999f8dbf7c09"}],"licenses":[{"license":{"id":"MIT","url":"https://opensource.org/licenses/MIT"}}],"purl":"pkg:npm/get-intrinsic@1.3.0","type":"library","bom-ref":"pkg:npm/get-intrinsic@1.3.0","properties":[{"name":"SrcFile","value":"azdo-workspace/UseItFlow/package-lock.json"},{"name":"ResolvedUrl","value":"https://cegid.jfrog.io/cegid/api/npm/all-npm/get-intrinsic/-/get-intrinsic-1.3.0.tgz"}],"evidence":{"identity":[{"field":"purl","confidence":1,"methods":[{"technique":"manifest-analysis","confidence":1,"value":"azdo-workspace/UseItFlow/package-lock.json"}],"concludedValue":"azdo-workspace/UseItFlow/package-lock.json"}]}},{"group":"","name":"es-define-property","version":"1.0.1","scope":"optional","hashes":[{"alg":"SHA-512","content":"7b79d17e07d4678acd18bdb7da05205f4e90372c9ecf4e0a76316b17e2d34683979ab3a014a0e0e0109db235bc1274faf5ea9d606991a49c223d560dac2696de"}],"licenses":[{"license":{"id":"MIT","url":"https://opensource.org/licenses/MIT"}}],"purl":"pkg:npm/es-define-property@1.0.1","type":"library","bom-ref":"pkg:npm/es-define-property@1.0.1","properties":[{"name":"SrcFile","value":"azdo-workspace/UseItFlow/package-lock.json"},{"name":"ResolvedUrl","value":"https://cegid.jfrog.io/cegid/api/npm/all-npm/es-define-property/-/es-define-property-1.0.1.tgz"}],"evidence":{"identity":[{"field":"purl","confidence":1,"methods":[{"technique":"manifest-analysis","confidence":1,"value":"azdo-workspace/UseItFlow/package-lock.json"}],"concludedValue":"azdo-workspace/UseItFlow/package-lock.json"}]}},{"group":"","name":"es-object-atoms","version":"1.1.1","scope":"optional","hashes":[{"alg":"SHA-512","content":"146807da1f3328d8a6f658e3edd6a79053dc20220af42a796e6f9cda041261e3e1a5a1b9f9eb2b2ce0e2848a2b9fe3dee85189cd6857428b4fbfbde34da95d5c"}],"licenses":[{"license":{"id":"MIT","url":"https://opensource.org/licenses/MIT"}}],"purl":"pkg:npm/es-object-atoms@1.1.1","type":"library","bom-ref":"pkg:npm/es-object-atoms@1.1.1","properties":[{"name":"SrcFile","value":"azdo-workspace/UseItFlow/package-lock.json"},{"name":"ResolvedUrl","value":"https://cegid.jfrog.io/cegid/api/npm/all-npm/es-object-atoms/-/es-object-atoms-1.1.1.tgz"}],"evidence":{"identity":[{"field":"purl","confidence":1,"methods":[{"technique":"manifest-analysis","confidence":1,"value":"azdo-workspace/UseItFlow/package-lock.json"}],"concludedValue":"azdo-workspace/UseItFlow/package-lock.json"}]}},{"group":"","name":"get-proto","version":"1.0.1","scope":"optional","hashes":[{"alg":"SHA-512","content":"b1349f063a17069f3d26f20a21e7eac3b53608279bb1cef892263a6b0886a202ada1219b823604fc6ffe97db05dcc5853cd73d21ca0e0b83837ca1dfc459a9d2"}],"licenses":[{"license":{"id":"MIT","url":"https://opensource.org/licenses/MIT"}}],"purl":"pkg:npm/get-proto@1.0.1","type":"library","bom-ref":"pkg:npm/get-proto@1.0.1","properties":[{"name":"SrcFile","value":"azdo-workspace/UseItFlow/package-lock.json"},{"name":"ResolvedUrl","value":"https://cegid.jfrog.io/cegid/api/npm/all-npm/get-proto/-/get-proto-1.0.1.tgz"}],"evidence":{"identity":[{"field":"purl","confidence":1,"methods":[{"technique":"manifest-analysis","confidence":1,"value":"azdo-workspace/UseItFlow/package-lock.json"}],"concludedValue":"azdo-workspace/UseItFlow/package-lock.json"}]}},{"group":"","name":"dunder-proto","version":"1.0.1","scope":"optional","hashes":[{"alg":"SHA-512","content":"28837f9c3241411717c3430b561644f62407986ebca80548060f42aa65188e64088608a3f54e4c16faea9142f915bb72cb366e39e3add3375e45ee1463b72df8"}],"licenses":[{"license":{"id":"MIT","url":"https://opensource.org/licenses/MIT"}}],"purl":"pkg:npm/dunder-proto@1.0.1","type":"library","bom-ref":"pkg:npm/dunder-proto@1.0.1","properties":[{"name":"SrcFile","value":"azdo-workspace/UseItFlow/package-lock.json"},{"name":"ResolvedUrl","value":"https://cegid.jfrog.io/cegid/api/npm/all-npm/dunder-proto/-/dunder-proto-1.0.1.tgz"}],"evidence":{"identity":[{"field":"purl","confidence":1,"methods":[{"technique":"manifest-analysis","confidence":1,"value":"azdo-workspace/UseItFlow/package-lock.json"}],"concludedValue":"azdo-workspace/UseItFlow/package-lock.json"}]}},{"group":"","name":"gopd","version":"1.2.0","scope":"optional","hashes":[{"alg":"SHA-512","content":"65429187afe4505a0089302d4d83d9277870f70371c7e04804e8a39e51bd3e7ac9b027128ecd70cb20fabc9a5a62d827cc3aca6114aa7f738ee917daf77c6c46"}],"licenses":[{"license":{"id":"MIT","url":"https://opensource.org/licenses/MIT"}}],"purl":"pkg:npm/gopd@1.2.0","type":"library","bom-ref":"pkg:npm/gopd@1.2.0","properties":[{"name":"SrcFile","value":"azdo-workspace/UseItFlow/package-lock.json"},{"name":"ResolvedUrl","value":"https://cegid.jfrog.io/cegid/api/npm/all-npm/gopd/-/gopd-1.2.0.tgz"}],"evidence":{"identity":[{"field":"purl","confidence":1,"methods":[{"technique":"manifest-analysis","confidence":1,"value":"azdo-workspace/UseItFlow/package-lock.json"}],"concludedValue":"azdo-workspace/UseItFlow/package-lock.json"}]}},{"group":"","name":"has-symbols","version":"1.1.0","scope":"optional","hashes":[{"alg":"SHA-512","content":"d5c0cd77027625aa2199bdec8383a629a301c2e0b8f2c6278b91d4c360efb02f0b8c64cb2bd87e79bd57e91cae3877b8853d142c25baf22a26863528294aa53d"}],"licenses":[{"license":{"id":"MIT","url":"https://opensource.org/licenses/MIT"}}],"purl":"pkg:npm/has-symbols@1.1.0","type":"library","bom-ref":"pkg:npm/has-symbols@1.1.0","properties":[{"name":"SrcFile","value":"azdo-workspace/UseItFlow/package-lock.json"},{"name":"ResolvedUrl","value":"https://cegid.jfrog.io/cegid/api/npm/all-npm/has-symbols/-/has-symbols-1.1.0.tgz"}],"evidence":{"identity":[{"field":"purl","confidence":1,"methods":[{"technique":"manifest-analysis","confidence":1,"value":"azdo-workspace/UseItFlow/package-lock.json"}],"concludedValue":"azdo-workspace/UseItFlow/package-lock.json"}]}},{"group":"","name":"hasown","version":"2.0.2","scope":"optional","hashes":[{"alg":"SHA-512","content":"d21254f5208fbe633320175916a34f5d66ba76a87b59d1f470823dcbe0b24bcac6de72f8f01725adaf4798a8555541f23d6347e58ef10f0001edb7e04a391431"}],"licenses":[{"license":{"id":"MIT","url":"https://opensource.org/licenses/MIT"}}],"purl":"pkg:npm/hasown@2.0.2","type":"library","bom-ref":"pkg:npm/hasown@2.0.2","properties":[{"name":"SrcFile","value":"azdo-workspace/UseItFlow/package-lock.json"},{"name":"ResolvedUrl","value":"https://cegid.jfrog.io/cegid/api/npm/all-npm/hasown/-/hasown-2.0.2.tgz"}],"evidence":{"identity":[{"field":"purl","confidence":1,"methods":[{"technique":"manifest-analysis","confidence":1,"value":"azdo-workspace/UseItFlow/package-lock.json"}],"concludedValue":"azdo-workspace/UseItFlow/package-lock.json"}]}},{"group":"","name":"math-intrinsics","version":"1.1.0","scope":"optional","hashes":[{"alg":"SHA-512","content":"fc85ed6f0124e474cfc84c32297ea11a4617c4cf676e3eb807e8a55499c2fd1e81d291f91b85776f4a556cbec3063e2d921040a696d05257fa17a5e5f4b1eed6"}],"licenses":[{"license":{"id":"MIT","url":"https://opensource.org/licenses/MIT"}}],"purl":"pkg:npm/math-intrinsics@1.1.0","type":"library","bom-ref":"pkg:npm/math-intrinsics@1.1.0","properties":[{"name":"SrcFile","value":"azdo-workspace/UseItFlow/package-lock.json"},{"name":"ResolvedUrl","value":"https://cegid.jfrog.io/cegid/api/npm/all-npm/math-intrinsics/-/math-intrinsics-1.1.0.tgz"}],"evidence":{"identity":[{"field":"purl","confidence":1,"methods":[{"technique":"manifest-analysis","confidence":1,"value":"azdo-workspace/UseItFlow/package-lock.json"}],"concludedValue":"azdo-workspace/UseItFlow/package-lock.json"}]}},{"group":"","name":"side-channel-weakmap","version":"1.0.2","scope":"optional","hashes":[{"alg":"SHA-512","content":"58f4bf1ef1d04d89c78ac2e8f4c72a0473899361641cefed969be5772ae77a6e1a790a7885a8b7832b61b3083aa74d684a84e5e7cadca621408c5d9baf6024d8"}],"licenses":[{"license":{"id":"MIT","url":"https://opensource.org/licenses/MIT"}}],"purl":"pkg:npm/side-channel-weakmap@1.0.2","type":"library","bom-ref":"pkg:npm/side-channel-weakmap@1.0.2","properties":[{"name":"SrcFile","value":"azdo-workspace/UseItFlow/package-lock.json"},{"name":"ResolvedUrl","value":"https://cegid.jfrog.io/cegid/api/npm/all-npm/side-channel-weakmap/-/side-channel-weakmap-1.0.2.tgz"}],"evidence":{"identity":[{"field":"purl","confidence":1,"methods":[{"technique":"manifest-analysis","confidence":1,"value":"azdo-workspace/UseItFlow/package-lock.json"}],"concludedValue":"azdo-workspace/UseItFlow/package-lock.json"}]}},{"group":"","name":"raw-body","version":"3.0.0","scope":"optional","hashes":[{"alg":"SHA-512","content":"4669212fc080c8244f5c2136f0c307d33d8f356401364d90d3d65dc4cf4838e5f0c7065b37ea9b59a6ad3e476458828bd99543226acdfe92b91d3473d8f712e2"}],"licenses":[{"license":{"id":"MIT","url":"https://opensource.org/licenses/MIT"}}],"purl":"pkg:npm/raw-body@3.0.0","type":"library","bom-ref":"pkg:npm/raw-body@3.0.0","properties":[{"name":"SrcFile","value":"azdo-workspace/UseItFlow/package-lock.json"},{"name":"ResolvedUrl","value":"https://cegid.jfrog.io/cegid/api/npm/all-npm/raw-body/-/raw-body-3.0.0.tgz"}],"evidence":{"identity":[{"field":"purl","confidence":1,"methods":[{"technique":"manifest-analysis","confidence":1,"value":"azdo-workspace/UseItFlow/package-lock.json"}],"concludedValue":"azdo-workspace/UseItFlow/package-lock.json"}]}},{"group":"","name":"unpipe","version":"1.0.0","scope":"optional","hashes":[{"alg":"SHA-512","content":"a63cb66d8852b2e7f05a52b03dcfa5ddc37bfb0b8994aeaecf461d2443a54036e5ea3a3f6253e2e266fc6a0524542f0117b57c36ecdec8f36a464b00de1ced29"}],"licenses":[{"license":{"id":"MIT","url":"https://opensource.org/licenses/MIT"}}],"purl":"pkg:npm/unpipe@1.0.0","type":"library","bom-ref":"pkg:npm/unpipe@1.0.0","properties":[{"name":"SrcFile","value":"azdo-workspace/UseItFlow/package-lock.json"},{"name":"ResolvedUrl","value":"https://cegid.jfrog.io/cegid/api/npm/all-npm/unpipe/-/unpipe-1.0.0.tgz"}],"evidence":{"identity":[{"field":"purl","confidence":1,"methods":[{"technique":"manifest-analysis","confidence":1,"value":"azdo-workspace/UseItFlow/package-lock.json"}],"concludedValue":"azdo-workspace/UseItFlow/package-lock.json"}]}},{"group":"","name":"type-is","version":"2.0.1","scope":"optional","hashes":[{"alg":"SHA-512","content":"399b3a82c8c5e2f329df6aab09b8954a4ac5997b46fc0661637b7488032b30188067257da002ed5cef21b2b1db31717dc7a2f782b945bb05b6a00cfb71abfe1b"}],"licenses":[{"license":{"id":"MIT","url":"https://opensource.org/licenses/MIT"}}],"purl":"pkg:npm/type-is@2.0.1","type":"library","bom-ref":"pkg:npm/type-is@2.0.1","properties":[{"name":"SrcFile","value":"azdo-workspace/UseItFlow/package-lock.json"},{"name":"ResolvedUrl","value":"https://cegid.jfrog.io/cegid/api/npm/all-npm/type-is/-/type-is-2.0.1.tgz"}],"evidence":{"identity":[{"field":"purl","confidence":1,"methods":[{"technique":"manifest-analysis","confidence":1,"value":"azdo-workspace/UseItFlow/package-lock.json"}],"concludedValue":"azdo-workspace/UseItFlow/package-lock.json"}]}},{"group":"","name":"media-typer","version":"1.1.0","scope":"optional","hashes":[{"alg":"SHA-512","content":"6a2b27ac33f818d7b4e9470a1675796df30d3c1530e23b0b19a5b059f9c7defd361a706e5d7d8c0959f945bad6a348f7a5ccd48a561b96aedf43b370dade572b"}],"licenses":[{"license":{"id":"MIT","url":"https://opensource.org/licenses/MIT"}}],"purl":"pkg:npm/media-typer@1.1.0","type":"library","bom-ref":"pkg:npm/media-typer@1.1.0","properties":[{"name":"SrcFile","value":"azdo-workspace/UseItFlow/package-lock.json"},{"name":"ResolvedUrl","value":"https://cegid.jfrog.io/cegid/api/npm/all-npm/media-typer/-/media-typer-1.1.0.tgz"}],"evidence":{"identity":[{"field":"purl","confidence":1,"methods":[{"technique":"manifest-analysis","confidence":1,"value":"azdo-workspace/UseItFlow/package-lock.json"}],"concludedValue":"azdo-workspace/UseItFlow/package-lock.json"}]}},{"group":"","name":"content-disposition","version":"1.0.0","scope":"optional","hashes":[{"alg":"SHA-512","content":"02ef6744bf15354badfd74b36d0037f3e33bf1dccfe03f9eaa0de07c91cc2071d86b76e0d3aef18f52b13145a3f9550b6e264ca302a780515b29ccd4acd2759a"}],"licenses":[{"license":{"id":"MIT","url":"https://opensource.org/licenses/MIT"}}],"purl":"pkg:npm/content-disposition@1.0.0","type":"library","bom-ref":"pkg:npm/content-disposition@1.0.0","properties":[{"name":"SrcFile","value":"azdo-workspace/UseItFlow/package-lock.json"},{"name":"ResolvedUrl","value":"https://cegid.jfrog.io/cegid/api/npm/all-npm/content-disposition/-/content-disposition-1.0.0.tgz"}],"evidence":{"identity":[{"field":"purl","confidence":1,"methods":[{"technique":"manifest-analysis","confidence":1,"value":"azdo-workspace/UseItFlow/package-lock.json"}],"concludedValue":"azdo-workspace/UseItFlow/package-lock.json"}]}},{"group":"","name":"safe-buffer","version":"5.2.1","scope":"optional","hashes":[{"alg":"SHA-512","content":"ae9dd2a34eca71d9a629b1af81a37141226bedb1954959394bd12ad45fa9a5b468ef4f9879a0f1930e4377c34f37e183e9b8e7626d95b8fb825e6a6e62f9825d"}],"purl":"pkg:npm/safe-buffer@5.2.1","type":"library","bom-ref":"pkg:npm/safe-buffer@5.2.1","properties":[{"name":"SrcFile","value":"azdo-workspace/UseItFlow/package-lock.json"},{"name":"ResolvedUrl","value":"https://cegid.jfrog.io/cegid/api/npm/all-npm/safe-buffer/-/safe-buffer-5.2.1.tgz"}],"evidence":{"identity":[{"field":"purl","confidence":1,"methods":[{"technique":"manifest-analysis","confidence":1,"value":"azdo-workspace/UseItFlow/package-lock.json"}],"concludedValue":"azdo-workspace/UseItFlow/package-lock.json"}]}},{"group":"","name":"cookie","version":"0.7.1","scope":"optional","hashes":[{"alg":"SHA-512","content":"e839c89e9c7b489d802b7f824d413f64cd2f59351ba1909e831842db1888c9d1d1f6336e4c001206b7c4a4786218e670fe75f9d5b1ede98425f23b06a38cbfd3"}],"licenses":[{"license":{"id":"MIT","url":"https://opensource.org/licenses/MIT"}}],"purl":"pkg:npm/cookie@0.7.1","type":"library","bom-ref":"pkg:npm/cookie@0.7.1","properties":[{"name":"SrcFile","value":"azdo-workspace/UseItFlow/package-lock.json"},{"name":"ResolvedUrl","value":"https://cegid.jfrog.io/cegid/api/npm/all-npm/cookie/-/cookie-0.7.1.tgz"}],"evidence":{"identity":[{"field":"purl","confidence":1,"methods":[{"technique":"manifest-analysis","confidence":1,"value":"azdo-workspace/UseItFlow/package-lock.json"}],"concludedValue":"azdo-workspace/UseItFlow/package-lock.json"}]}},{"group":"","name":"cookie-signature","version":"1.2.2","scope":"optional","hashes":[{"alg":"SHA-512","content":"0fbeae53bdee9525eb0f5517178284d93331555c21b270a07c0c9383d93c3fa2866639572ab38b7b874940a2370718b9c237ac6681572561253560633d931b86"}],"licenses":[{"license":{"id":"MIT","url":"https://opensource.org/licenses/MIT"}}],"purl":"pkg:npm/cookie-signature@1.2.2","type":"library","bom-ref":"pkg:npm/cookie-signature@1.2.2","properties":[{"name":"SrcFile","value":"azdo-workspace/UseItFlow/package-lock.json"},{"name":"ResolvedUrl","value":"https://cegid.jfrog.io/cegid/api/npm/all-npm/cookie-signature/-/cookie-signature-1.2.2.tgz"}],"evidence":{"identity":[{"field":"purl","confidence":1,"methods":[{"technique":"manifest-analysis","confidence":1,"value":"azdo-workspace/UseItFlow/package-lock.json"}],"concludedValue":"azdo-workspace/UseItFlow/package-lock.json"}]}},{"group":"","name":"encodeurl","version":"2.0.0","scope":"optional","hashes":[{"alg":"SHA-512","content":"4349fd1d18b89ba26e188575785966bc907b644571bbddc8accca232c182d25acc24c5b3460c7a586aaec9f4206556f7d6f8468179df98f34d5e6c673a4441ae"}],"purl":"pkg:npm/encodeurl@2.0.0","type":"library","bom-ref":"pkg:npm/encodeurl@2.0.0","properties":[{"name":"SrcFile","value":"azdo-workspace/UseItFlow/package-lock.json"},{"name":"ResolvedUrl","value":"https://cegid.jfrog.io/cegid/api/npm/all-npm/encodeurl/-/encodeurl-2.0.0.tgz"}],"evidence":{"identity":[{"field":"purl","confidence":1,"methods":[{"technique":"manifest-analysis","confidence":1,"value":"azdo-workspace/UseItFlow/package-lock.json"}],"concludedValue":"azdo-workspace/UseItFlow/package-lock.json"}]}},{"group":"","name":"escape-html","version":"1.0.3","scope":"optional","hashes":[{"alg":"SHA-512","content":"3624aea59e0e7ae1b0afaf251887b29bf92c219309a1d506392099fc54a74f172b7a46efaab81d53194938ca628da299563009ad6ac6b3fe89cbc38cbb28fda3"}],"purl":"pkg:npm/escape-html@1.0.3","type":"library","bom-ref":"pkg:npm/escape-html@1.0.3","properties":[{"name":"SrcFile","value":"azdo-workspace/UseItFlow/package-lock.json"},{"name":"ResolvedUrl","value":"https://cegid.jfrog.io/cegid/api/npm/all-npm/escape-html/-/escape-html-1.0.3.tgz"}],"evidence":{"identity":[{"field":"purl","confidence":1,"methods":[{"technique":"manifest-analysis","confidence":1,"value":"azdo-workspace/UseItFlow/package-lock.json"}],"concludedValue":"azdo-workspace/UseItFlow/package-lock.json"}]}},{"group":"","name":"etag","version":"1.8.1","scope":"optional","hashes":[{"alg":"SHA-512","content":"6882f9171ee66b055adf4d1a976067104e2236fa35a844f12eb3c8fe8d392fbcfa828edf0b0d49e844266cae05989d804bb920545fca1195ae7c17dd0a531c3e"}],"purl":"pkg:npm/etag@1.8.1","type":"library","bom-ref":"pkg:npm/etag@1.8.1","properties":[{"name":"SrcFile","value":"azdo-workspace/UseItFlow/package-lock.json"},{"name":"ResolvedUrl","value":"https://cegid.jfrog.io/cegid/api/npm/all-npm/etag/-/etag-1.8.1.tgz"}],"evidence":{"identity":[{"field":"purl","confidence":1,"methods":[{"technique":"manifest-analysis","confidence":1,"value":"azdo-workspace/UseItFlow/package-lock.json"}],"concludedValue":"azdo-workspace/UseItFlow/package-lock.json"}]}},{"group":"","name":"finalhandler","version":"2.1.0","scope":"optional","hashes":[{"alg":"SHA-512","content":"fedf3c4f2ddde495906d662068e1820987d7470575f9b7b4d96a986252fa87494489400c3ccf28f2a2863b4d58224387ce46b6ba9d3cc2f8180f4983888faadd"}],"licenses":[{"license":{"id":"MIT","url":"https://opensource.org/licenses/MIT"}}],"purl":"pkg:npm/finalhandler@2.1.0","type":"library","bom-ref":"pkg:npm/finalhandler@2.1.0","properties":[{"name":"SrcFile","value":"azdo-workspace/UseItFlow/package-lock.json"},{"name":"ResolvedUrl","value":"https://cegid.jfrog.io/cegid/api/npm/all-npm/finalhandler/-/finalhandler-2.1.0.tgz"}],"evidence":{"identity":[{"field":"purl","confidence":1,"methods":[{"technique":"manifest-analysis","confidence":1,"value":"azdo-workspace/UseItFlow/package-lock.json"}],"concludedValue":"azdo-workspace/UseItFlow/package-lock.json"}]}},{"group":"","name":"parseurl","version":"1.3.3","scope":"optional","hashes":[{"alg":"SHA-512","content":"0a2c9e3b1153fc96723799b4cfd3df5f0e1208127a4b2833d43a65d30aa39610c418604fd469ec51510bd29eb78681b57dc8f77c7ca75e2f4d60ee2758e2fea9"}],"purl":"pkg:npm/parseurl@1.3.3","type":"library","bom-ref":"pkg:npm/parseurl@1.3.3","properties":[{"name":"SrcFile","value":"azdo-workspace/UseItFlow/package-lock.json"},{"name":"ResolvedUrl","value":"https://cegid.jfrog.io/cegid/api/npm/all-npm/parseurl/-/parseurl-1.3.3.tgz"}],"evidence":{"identity":[{"field":"purl","confidence":1,"methods":[{"technique":"manifest-analysis","confidence":1,"value":"azdo-workspace/UseItFlow/package-lock.json"}],"concludedValue":"azdo-workspace/UseItFlow/package-lock.json"}]}},{"group":"","name":"fresh","version":"2.0.0","scope":"optional","hashes":[{"alg":"SHA-512","content":"471fd6c9c67ad0739aa8b2808ba70744a288ef3c566c9df53219ed9adc0ca1a4de17b5c51fd861069f2f21368c89d7e58d143a7985822a46932beca45491cfd8"}],"licenses":[{"license":{"id":"MIT","url":"https://opensource.org/licenses/MIT"}}],"purl":"pkg:npm/fresh@2.0.0","type":"library","bom-ref":"pkg:npm/fresh@2.0.0","properties":[{"name":"SrcFile","value":"azdo-workspace/UseItFlow/package-lock.json"},{"name":"ResolvedUrl","value":"https://cegid.jfrog.io/cegid/api/npm/all-npm/fresh/-/fresh-2.0.0.tgz"}],"evidence":{"identity":[{"field":"purl","confidence":1,"methods":[{"technique":"manifest-analysis","confidence":1,"value":"azdo-workspace/UseItFlow/package-lock.json"}],"concludedValue":"azdo-workspace/UseItFlow/package-lock.json"}]}},{"group":"","name":"merge-descriptors","version":"2.0.0","scope":"optional","hashes":[{"alg":"SHA-512","content":"4a7937d785796b214b869ddf914444b9be96b6305f3dd08f6352e7f3ff26ba7b8bba2621b000600555aca33006f8c58c6d512f71d7296e2f51ef0c36da5f50de"}],"licenses":[{"license":{"id":"MIT","url":"https://opensource.org/licenses/MIT"}}],"purl":"pkg:npm/merge-descriptors@2.0.0","type":"library","bom-ref":"pkg:npm/merge-descriptors@2.0.0","properties":[{"name":"SrcFile","value":"azdo-workspace/UseItFlow/package-lock.json"},{"name":"ResolvedUrl","value":"https://cegid.jfrog.io/cegid/api/npm/all-npm/merge-descriptors/-/merge-descriptors-2.0.0.tgz"}],"evidence":{"identity":[{"field":"purl","confidence":1,"methods":[{"technique":"manifest-analysis","confidence":1,"value":"azdo-workspace/UseItFlow/package-lock.json"}],"concludedValue":"azdo-workspace/UseItFlow/package-lock.json"}]}},{"group":"","name":"once","version":"1.4.0","scope":"optional","hashes":[{"alg":"SHA-512","content":"94d689808fb643951140191c7042874d038f697754c67659125413658d0c15402e684a9ed44f8dcaf81dcff688c8d8ba67d3333b976fd47f27e7cfc610ba77fb"}],"licenses":[{"license":{"id":"ISC","url":"https://opensource.org/licenses/ISC"}}],"purl":"pkg:npm/once@1.4.0","type":"library","bom-ref":"pkg:npm/once@1.4.0","properties":[{"name":"SrcFile","value":"azdo-workspace/UseItFlow/package-lock.json"},{"name":"ResolvedUrl","value":"https://cegid.jfrog.io/cegid/api/npm/all-npm/once/-/once-1.4.0.tgz"}],"evidence":{"identity":[{"field":"purl","confidence":1,"methods":[{"technique":"manifest-analysis","confidence":1,"value":"azdo-workspace/UseItFlow/package-lock.json"}],"concludedValue":"azdo-workspace/UseItFlow/package-lock.json"}]}},{"group":"","name":"wrappy","version":"1.0.2","scope":"optional","hashes":[{"alg":"SHA-512","content":"9784a9fc346c7a8afdc0be84bd5dbe4ee427eb774c90f8d9feca7d5e48214c46d5f4a94f4b5c54b19deeeff2103b8c31b5c141e1b82940f45c477402bdeccf71"}],"licenses":[{"license":{"id":"ISC","url":"https://opensource.org/licenses/ISC"}}],"purl":"pkg:npm/wrappy@1.0.2","type":"library","bom-ref":"pkg:npm/wrappy@1.0.2","properties":[{"name":"SrcFile","value":"azdo-workspace/UseItFlow/package-lock.json"},{"name":"ResolvedUrl","value":"https://cegid.jfrog.io/cegid/api/npm/all-npm/wrappy/-/wrappy-1.0.2.tgz"}],"evidence":{"identity":[{"field":"purl","confidence":1,"methods":[{"technique":"manifest-analysis","confidence":1,"value":"azdo-workspace/UseItFlow/package-lock.json"}],"concludedValue":"azdo-workspace/UseItFlow/package-lock.json"}]}},{"group":"","name":"proxy-addr","version":"2.0.7","scope":"optional","hashes":[{"alg":"SHA-512","content":"96542c30b4940d43d3e388ddad4fcedfbaa59e27e2b433fe670ae699972848ac8b2afb59c69c95d27dbf6c3fcde2d040019fe024475953b28cadaa0ad7e5d802"}],"purl":"pkg:npm/proxy-addr@2.0.7","type":"library","bom-ref":"pkg:npm/proxy-addr@2.0.7","properties":[{"name":"SrcFile","value":"azdo-workspace/UseItFlow/package-lock.json"},{"name":"ResolvedUrl","value":"https://cegid.jfrog.io/cegid/api/npm/all-npm/proxy-addr/-/proxy-addr-2.0.7.tgz"}],"evidence":{"identity":[{"field":"purl","confidence":1,"methods":[{"technique":"manifest-analysis","confidence":1,"value":"azdo-workspace/UseItFlow/package-lock.json"}],"concludedValue":"azdo-workspace/UseItFlow/package-lock.json"}]}},{"group":"","name":"forwarded","version":"0.2.0","scope":"optional","hashes":[{"alg":"SHA-512","content":"6ee446d1fa41b511d24c238049eea10f6e7cb44b9b16844b6f864d03a3713151cdc3680e7301e8f70c9a6e5ccccce039cfdc40f4bd4a36393f36de8c4fd698a3"}],"purl":"pkg:npm/forwarded@0.2.0","type":"library","bom-ref":"pkg:npm/forwarded@0.2.0","properties":[{"name":"SrcFile","value":"azdo-workspace/UseItFlow/package-lock.json"},{"name":"ResolvedUrl","value":"https://cegid.jfrog.io/cegid/api/npm/all-npm/forwarded/-/forwarded-0.2.0.tgz"}],"evidence":{"identity":[{"field":"purl","confidence":1,"methods":[{"technique":"manifest-analysis","confidence":1,"value":"azdo-workspace/UseItFlow/package-lock.json"}],"concludedValue":"azdo-workspace/UseItFlow/package-lock.json"}]}},{"group":"","name":"ipaddr.js","version":"1.9.1","scope":"optional","hashes":[{"alg":"SHA-512","content":"d0a23feb4ef1a31493a07ec68cdd457d26cba14d3e6ed4e2723b1049642587f859ca437c2a998c7fbb98c0f5b747e6a467a47fc35f199574870585e26143cede"}],"purl":"pkg:npm/ipaddr.js@1.9.1","type":"library","bom-ref":"pkg:npm/ipaddr.js@1.9.1","properties":[{"name":"SrcFile","value":"azdo-workspace/UseItFlow/package-lock.json"},{"name":"ResolvedUrl","value":"https://cegid.jfrog.io/cegid/api/npm/all-npm/ipaddr.js/-/ipaddr.js-1.9.1.tgz"}],"evidence":{"identity":[{"field":"purl","confidence":1,"methods":[{"technique":"manifest-analysis","confidence":1,"value":"azdo-workspace/UseItFlow/package-lock.json"}],"concludedValue":"azdo-workspace/UseItFlow/package-lock.json"}]}},{"group":"","name":"range-parser","version":"1.2.1","scope":"optional","hashes":[{"alg":"SHA-512","content":"1eb82cc7ea2baa8ca09e68456ca68713a736f7a27e1d30105e8c4417a80dba944e9a6189468cb37c6ddc700bdea8206bc2bff6cb143905577f1939796a03b04a"}],"purl":"pkg:npm/range-parser@1.2.1","type":"library","bom-ref":"pkg:npm/range-parser@1.2.1","properties":[{"name":"SrcFile","value":"azdo-workspace/UseItFlow/package-lock.json"},{"name":"ResolvedUrl","value":"https://cegid.jfrog.io/cegid/api/npm/all-npm/range-parser/-/range-parser-1.2.1.tgz"}],"evidence":{"identity":[{"field":"purl","confidence":1,"methods":[{"technique":"manifest-analysis","confidence":1,"value":"azdo-workspace/UseItFlow/package-lock.json"}],"concludedValue":"azdo-workspace/UseItFlow/package-lock.json"}]},"tags":["parse"]},{"group":"","name":"router","version":"2.2.0","scope":"optional","hashes":[{"alg":"SHA-512","content":"9cb4eb50a9b653288beeb9616a9bbf665e3917036091919a0a965b2076a30d883094908eccb4a4f9c20f027b04a95f79e468c82c99ca6dd402d6754fcfe80061"}],"licenses":[{"license":{"id":"MIT","url":"https://opensource.org/licenses/MIT"}}],"purl":"pkg:npm/router@2.2.0","type":"library","bom-ref":"pkg:npm/router@2.2.0","properties":[{"name":"SrcFile","value":"azdo-workspace/UseItFlow/package-lock.json"},{"name":"ResolvedUrl","value":"https://cegid.jfrog.io/cegid/api/npm/all-npm/router/-/router-2.2.0.tgz"}],"evidence":{"identity":[{"field":"purl","confidence":1,"methods":[{"technique":"manifest-analysis","confidence":1,"value":"azdo-workspace/UseItFlow/package-lock.json"}],"concludedValue":"azdo-workspace/UseItFlow/package-lock.json"}]}},{"group":"","name":"is-promise","version":"4.0.0","scope":"optional","hashes":[{"alg":"SHA-512","content":"86fa6823a928ae124c9de8f6f3975283a9eed7e7babb1b3bcc6dc16009b96f2a83b2024d5b0c7333acfa8998808104784c9df42660533b0a99530dd69721f701"}],"licenses":[{"license":{"id":"MIT","url":"https://opensource.org/licenses/MIT"}}],"purl":"pkg:npm/is-promise@4.0.0","type":"library","bom-ref":"pkg:npm/is-promise@4.0.0","properties":[{"name":"SrcFile","value":"azdo-workspace/UseItFlow/package-lock.json"},{"name":"ResolvedUrl","value":"https://cegid.jfrog.io/cegid/api/npm/all-npm/is-promise/-/is-promise-4.0.0.tgz"}],"evidence":{"identity":[{"field":"purl","confidence":1,"methods":[{"technique":"manifest-analysis","confidence":1,"value":"azdo-workspace/UseItFlow/package-lock.json"}],"concludedValue":"azdo-workspace/UseItFlow/package-lock.json"}]}},{"group":"","name":"path-to-regexp","version":"8.2.0","scope":"optional","hashes":[{"alg":"SHA-512","content":"4ddac5edf5bd469863ab8463ad6d0aa76016d00870bbdb11193912e9bbc38b4482c1994465899c7c36c4b13cfc455934107212fd57756efdc9846fb5c59b80c9"}],"licenses":[{"license":{"id":"MIT","url":"https://opensource.org/licenses/MIT"}}],"purl":"pkg:npm/path-to-regexp@8.2.0","type":"library","bom-ref":"pkg:npm/path-to-regexp@8.2.0","properties":[{"name":"SrcFile","value":"azdo-workspace/UseItFlow/package-lock.json"},{"name":"ResolvedUrl","value":"https://cegid.jfrog.io/cegid/api/npm/all-npm/path-to-regexp/-/path-to-regexp-8.2.0.tgz"}],"evidence":{"identity":[{"field":"purl","confidence":1,"methods":[{"technique":"manifest-analysis","confidence":1,"value":"azdo-workspace/UseItFlow/package-lock.json"}],"concludedValue":"azdo-workspace/UseItFlow/package-lock.json"}]}},{"group":"","name":"send","version":"1.2.0","scope":"optional","hashes":[{"alg":"SHA-512","content":"b9a5b45b05caa4bf5b957136a346d18682f61065c8ad9c50d994389a071fa01c5d16642895dfaa5ac0f68cbadf674b6b8ca2fabcec348fffde0307002c58ca4b"}],"licenses":[{"license":{"id":"MIT","url":"https://opensource.org/licenses/MIT"}}],"purl":"pkg:npm/send@1.2.0","type":"library","bom-ref":"pkg:npm/send@1.2.0","properties":[{"name":"SrcFile","value":"azdo-workspace/UseItFlow/package-lock.json"},{"name":"ResolvedUrl","value":"https://cegid.jfrog.io/cegid/api/npm/all-npm/send/-/send-1.2.0.tgz"}],"evidence":{"identity":[{"field":"purl","confidence":1,"methods":[{"technique":"manifest-analysis","confidence":1,"value":"azdo-workspace/UseItFlow/package-lock.json"}],"concludedValue":"azdo-workspace/UseItFlow/package-lock.json"}]}},{"group":"","name":"serve-static","version":"2.2.0","scope":"optional","hashes":[{"alg":"SHA-512","content":"eb583da4287456787b22eb598ed2c61a94c0df9e7e38f9f64f20efffa8af3f687f01d0155fd6b3b28c66836fccea765e419358044c0872c9ded6625df68408b5"}],"licenses":[{"license":{"id":"MIT","url":"https://opensource.org/licenses/MIT"}}],"purl":"pkg:npm/serve-static@2.2.0","type":"library","bom-ref":"pkg:npm/serve-static@2.2.0","properties":[{"name":"SrcFile","value":"azdo-workspace/UseItFlow/package-lock.json"},{"name":"ResolvedUrl","value":"https://cegid.jfrog.io/cegid/api/npm/all-npm/serve-static/-/serve-static-2.2.0.tgz"}],"evidence":{"identity":[{"field":"purl","confidence":1,"methods":[{"technique":"manifest-analysis","confidence":1,"value":"azdo-workspace/UseItFlow/package-lock.json"}],"concludedValue":"azdo-workspace/UseItFlow/package-lock.json"}]}},{"group":"","name":"vary","version":"1.1.2","scope":"optional","hashes":[{"alg":"SHA-512","content":"04d19b58b7ddd1e50f69b8645d4566d23f2ebaf444c93879a2f45afddca8c3f06a01b649c82fb97d4f88cd03b39802b362a6110084a8461750af778867f3d7aa"}],"purl":"pkg:npm/vary@1.1.2","type":"library","bom-ref":"pkg:npm/vary@1.1.2","properties":[{"name":"SrcFile","value":"azdo-workspace/UseItFlow/package-lock.json"},{"name":"ResolvedUrl","value":"https://cegid.jfrog.io/cegid/api/npm/all-npm/vary/-/vary-1.1.2.tgz"}],"evidence":{"identity":[{"field":"purl","confidence":1,"methods":[{"technique":"manifest-analysis","confidence":1,"value":"azdo-workspace/UseItFlow/package-lock.json"}],"concludedValue":"azdo-workspace/UseItFlow/package-lock.json"}]}}],"services":[],"dependencies":[{"ref":"pkg:npm/mime-db@1.54.0","dependsOn":[]},{"ref":"pkg:npm/mime-types@3.0.1","dependsOn":["pkg:npm/mime-db@1.54.0"]},{"ref":"pkg:npm/negotiator@1.0.0","dependsOn":[]},{"ref":"pkg:npm/accepts@2.0.0","dependsOn":["pkg:npm/mime-types@3.0.1","pkg:npm/negotiator@1.0.0"]},{"ref":"pkg:npm/bytes@3.1.2","dependsOn":[]},{"ref":"pkg:npm/content-type@1.0.5","dependsOn":[]},{"ref":"pkg:npm/ms@2.1.3","dependsOn":[]},{"ref":"pkg:npm/debug@4.4.0","dependsOn":["pkg:npm/ms@2.1.3"]},{"ref":"pkg:npm/depd@2.0.0","dependsOn":[]},{"ref":"pkg:npm/inherits@2.0.4","dependsOn":[]},{"ref":"pkg:npm/setprototypeof@1.2.0","dependsOn":[]},{"ref":"pkg:npm/statuses@2.0.1","dependsOn":[]},{"ref":"pkg:npm/toidentifier@1.0.1","dependsOn":[]},{"ref":"pkg:npm/http-errors@2.0.0","dependsOn":["pkg:npm/depd@2.0.0","pkg:npm/inherits@2.0.4","pkg:npm/setprototypeof@1.2.0","pkg:npm/statuses@2.0.1","pkg:npm/toidentifier@1.0.1"]},{"ref":"pkg:npm/safer-buffer@2.1.2","dependsOn":[]},{"ref":"pkg:npm/iconv-lite@0.6.3","dependsOn":["pkg:npm/safer-buffer@2.1.2"]},{"ref":"pkg:npm/ee-first@1.1.1","dependsOn":[]},{"ref":"pkg:npm/on-finished@2.4.1","dependsOn":["pkg:npm/ee-first@1.1.1"]},{"ref":"pkg:npm/es-errors@1.3.0","dependsOn":[]},{"ref":"pkg:npm/object-inspect@1.13.4","dependsOn":[]},{"ref":"pkg:npm/side-channel-list@1.0.0","dependsOn":["pkg:npm/es-errors@1.3.0","pkg:npm/object-inspect@1.13.4"]},{"ref":"pkg:npm/function-bind@1.1.2","dependsOn":[]},{"ref":"pkg:npm/call-bind-apply-helpers@1.0.2","dependsOn":["pkg:npm/es-errors@1.3.0","pkg:npm/function-bind@1.1.2"]},{"ref":"pkg:npm/es-define-property@1.0.1","dependsOn":[]},{"ref":"pkg:npm/es-object-atoms@1.1.1","dependsOn":["pkg:npm/es-errors@1.3.0"]},{"ref":"pkg:npm/gopd@1.2.0","dependsOn":[]},{"ref":"pkg:npm/dunder-proto@1.0.1","dependsOn":["pkg:npm/call-bind-apply-helpers@1.0.2","pkg:npm/es-errors@1.3.0","pkg:npm/gopd@1.2.0"]},{"ref":"pkg:npm/get-proto@1.0.1","dependsOn":["pkg:npm/dunder-proto@1.0.1","pkg:npm/es-object-atoms@1.1.1"]},{"ref":"pkg:npm/has-symbols@1.1.0","dependsOn":[]},{"ref":"pkg:npm/hasown@2.0.2","dependsOn":["pkg:npm/function-bind@1.1.2"]},{"ref":"pkg:npm/math-intrinsics@1.1.0","dependsOn":[]},{"ref":"pkg:npm/get-intrinsic@1.3.0","dependsOn":["pkg:npm/call-bind-apply-helpers@1.0.2","pkg:npm/es-define-property@1.0.1","pkg:npm/es-errors@1.3.0","pkg:npm/es-object-atoms@1.1.1","pkg:npm/function-bind@1.1.2","pkg:npm/get-proto@1.0.1","pkg:npm/gopd@1.2.0","pkg:npm/has-symbols@1.1.0","pkg:npm/hasown@2.0.2","pkg:npm/math-intrinsics@1.1.0"]},{"ref":"pkg:npm/call-bound@1.0.4","dependsOn":["pkg:npm/call-bind-apply-helpers@1.0.2","pkg:npm/get-intrinsic@1.3.0"]},{"ref":"pkg:npm/side-channel-map@1.0.1","dependsOn":["pkg:npm/call-bound@1.0.4","pkg:npm/es-errors@1.3.0","pkg:npm/get-intrinsic@1.3.0","pkg:npm/object-inspect@1.13.4"]},{"ref":"pkg:npm/side-channel-weakmap@1.0.2","dependsOn":["pkg:npm/call-bound@1.0.4","pkg:npm/es-errors@1.3.0","pkg:npm/get-intrinsic@1.3.0","pkg:npm/object-inspect@1.13.4","pkg:npm/side-channel-map@1.0.1"]},{"ref":"pkg:npm/side-channel@1.1.0","dependsOn":["pkg:npm/es-errors@1.3.0","pkg:npm/object-inspect@1.13.4","pkg:npm/side-channel-list@1.0.0","pkg:npm/side-channel-map@1.0.1","pkg:npm/side-channel-weakmap@1.0.2"]},{"ref":"pkg:npm/qs@6.14.0","dependsOn":["pkg:npm/side-channel@1.1.0"]},{"ref":"pkg:npm/unpipe@1.0.0","dependsOn":[]},{"ref":"pkg:npm/raw-body@3.0.0","dependsOn":["pkg:npm/bytes@3.1.2","pkg:npm/http-errors@2.0.0","pkg:npm/iconv-lite@0.6.3","pkg:npm/unpipe@1.0.0"]},{"ref":"pkg:npm/media-typer@1.1.0","dependsOn":[]},{"ref":"pkg:npm/type-is@2.0.1","dependsOn":["pkg:npm/content-type@1.0.5","pkg:npm/media-typer@1.1.0","pkg:npm/mime-types@3.0.1"]},{"ref":"pkg:npm/body-parser@2.2.0","dependsOn":["pkg:npm/bytes@3.1.2","pkg:npm/content-type@1.0.5","pkg:npm/debug@4.4.0","pkg:npm/http-errors@2.0.0","pkg:npm/iconv-lite@0.6.3","pkg:npm/on-finished@2.4.1","pkg:npm/qs@6.14.0","pkg:npm/raw-body@3.0.0","pkg:npm/type-is@2.0.1"]},{"ref":"pkg:npm/safe-buffer@5.2.1","dependsOn":[]},{"ref":"pkg:npm/content-disposition@1.0.0","dependsOn":["pkg:npm/safe-buffer@5.2.1"]},{"ref":"pkg:npm/cookie@0.7.1","dependsOn":[]},{"ref":"pkg:npm/cookie-signature@1.2.2","dependsOn":[]},{"ref":"pkg:npm/encodeurl@2.0.0","dependsOn":[]},{"ref":"pkg:npm/escape-html@1.0.3","dependsOn":[]},{"ref":"pkg:npm/etag@1.8.1","dependsOn":[]},{"ref":"pkg:npm/parseurl@1.3.3","dependsOn":[]},{"ref":"pkg:npm/finalhandler@2.1.0","dependsOn":["pkg:npm/debug@4.4.0","pkg:npm/encodeurl@2.0.0","pkg:npm/escape-html@1.0.3","pkg:npm/on-finished@2.4.1","pkg:npm/parseurl@1.3.3","pkg:npm/statuses@2.0.1"]},{"ref":"pkg:npm/fresh@2.0.0","dependsOn":[]},{"ref":"pkg:npm/merge-descriptors@2.0.0","dependsOn":[]},{"ref":"pkg:npm/wrappy@1.0.2","dependsOn":[]},{"ref":"pkg:npm/once@1.4.0","dependsOn":["pkg:npm/wrappy@1.0.2"]},{"ref":"pkg:npm/forwarded@0.2.0","dependsOn":[]},{"ref":"pkg:npm/ipaddr.js@1.9.1","dependsOn":[]},{"ref":"pkg:npm/proxy-addr@2.0.7","dependsOn":["pkg:npm/forwarded@0.2.0","pkg:npm/ipaddr.js@1.9.1"]},{"ref":"pkg:npm/range-parser@1.2.1","dependsOn":[]},{"ref":"pkg:npm/is-promise@4.0.0","dependsOn":[]},{"ref":"pkg:npm/path-to-regexp@8.2.0","dependsOn":[]},{"ref":"pkg:npm/router@2.2.0","dependsOn":["pkg:npm/debug@4.4.0","pkg:npm/depd@2.0.0","pkg:npm/is-promise@4.0.0","pkg:npm/parseurl@1.3.3","pkg:npm/path-to-regexp@8.2.0"]},{"ref":"pkg:npm/send@1.2.0","dependsOn":["pkg:npm/debug@4.4.0","pkg:npm/encodeurl@2.0.0","pkg:npm/escape-html@1.0.3","pkg:npm/etag@1.8.1","pkg:npm/fresh@2.0.0","pkg:npm/http-errors@2.0.0","pkg:npm/mime-types@3.0.1","pkg:npm/ms@2.1.3","pkg:npm/on-finished@2.4.1","pkg:npm/range-parser@1.2.1","pkg:npm/statuses@2.0.1"]},{"ref":"pkg:npm/serve-static@2.2.0","dependsOn":["pkg:npm/encodeurl@2.0.0","pkg:npm/escape-html@1.0.3","pkg:npm/parseurl@1.3.3","pkg:npm/send@1.2.0"]},{"ref":"pkg:npm/vary@1.1.2","dependsOn":[]},{"ref":"pkg:npm/express@5.1.0","dependsOn":["pkg:npm/accepts@2.0.0","pkg:npm/body-parser@2.2.0","pkg:npm/content-disposition@1.0.0","pkg:npm/content-type@1.0.5","pkg:npm/cookie-signature@1.2.2","pkg:npm/cookie@0.7.1","pkg:npm/debug@4.4.0","pkg:npm/encodeurl@2.0.0","pkg:npm/escape-html@1.0.3","pkg:npm/etag@1.8.1","pkg:npm/finalhandler@2.1.0","pkg:npm/fresh@2.0.0","pkg:npm/http-errors@2.0.0","pkg:npm/merge-descriptors@2.0.0","pkg:npm/mime-types@3.0.1","pkg:npm/on-finished@2.4.1","pkg:npm/once@1.4.0","pkg:npm/parseurl@1.3.3","pkg:npm/proxy-addr@2.0.7","pkg:npm/qs@6.14.0","pkg:npm/range-parser@1.2.1","pkg:npm/router@2.2.0","pkg:npm/send@1.2.0","pkg:npm/serve-static@2.2.0","pkg:npm/statuses@2.0.1","pkg:npm/type-is@2.0.1","pkg:npm/vary@1.1.2"]},{"ref":"pkg:npm/UseItFlow@4.0.11","dependsOn":["pkg:npm/express@5.1.0"]}],"annotations":[{"bom-ref":"metadata-annotations","subjects":["pkg:npm/UseItFlow@4.0.11"],"annotator":{"component":{"group":"@cyclonedx","name":"cdxgen","version":"11.7.0","purl":"pkg:npm/%40cyclonedx/cdxgen@11.7.0","type":"application","bom-ref":"pkg:npm/@cyclonedx/cdxgen@11.7.0","publisher":"OWASP Foundation","authors":[{"name":"OWASP Foundation"}]}},"timestamp":"2025-09-22T17:08:06Z","text":"This Software Bill-of-Materials (SBOM) document was created on Monday, September 22, 2025 with cdxgen. The data was captured during the build lifecycle phase. The document describes an application named 'UseItFlow' with version '4.0.11'. There are 66 components."}]}