{"bomFormat":"CycloneDX","specVersion":"1.6","serialNumber":"urn:uuid:42c08c22-bc6e-43c2-9321-dfa25e1732c6","version":1,"metadata":{"timestamp":"2025-09-22T19:27:11Z","tools":{"components":[{"group":"@cyclonedx","name":"cdxgen","version":"11.7.0","purl":"pkg:npm/%40cyclonedx/cdxgen@11.7.0","type":"application","bom-ref":"pkg:npm/@cyclonedx/cdxgen@11.7.0","publisher":"OWASP Foundation","authors":[{"name":"OWASP Foundation"}]}]},"authors":[{"name":"OWASP Foundation"}],"lifecycles":[{"phase":"build"}],"properties":[]},"components":[],"services":[],"dependencies":[],"annotations":[]}