{"bomFormat":"CycloneDX","specVersion":"1.6","serialNumber":"urn:uuid:932def8e-1c2e-4c2e-8dd2-eff59d14ac61","version":1,"metadata":{"timestamp":"2025-09-22T19:29:28Z","tools":{"components":[{"group":"@cyclonedx","name":"cdxgen","version":"11.7.0","purl":"pkg:npm/%40cyclonedx/cdxgen@11.7.0","type":"application","bom-ref":"pkg:npm/@cyclonedx/cdxgen@11.7.0","publisher":"OWASP Foundation","authors":[{"name":"OWASP Foundation"}]}]},"authors":[{"name":"OWASP Foundation"}],"lifecycles":[{"phase":"build"}],"component":{"name":"loopfixsharepoint","group":"","version":"1.5.60","description":"","purl":"pkg:npm/loopfixsharepoint@1.5.60","bom-ref":"pkg:npm/loopfixsharepoint@1.5.60","author":"","type":"application","licenses":[{"license":{"id":"ISC","url":"https://opensource.org/licenses/ISC"}}]},"properties":[{"name":"cdx:bom:componentTypes","value":"npm"},{"name":"cdx:bom:componentNamespaces","value":"@colors\\n@dabh\\n@loop\\n@mongodb-js\\n@types"},{"name":"cdx:bom:componentSrcFiles","value":"azdo-workspace/loopfixsharepointrights/package-lock.json"}]},"components":[{"group":"@types","name":"dotenv","version":"8.2.0","scope":"optional","hashes":[{"alg":"SHA-512","content":"ca5482f4685f447ee6d44517057a1f860c789545a615e40320d5b9a0bb92fa0c5675f51e5b8cc975e55361591ec445be7b6554be5651da41a71868a901647b93"}],"purl":"pkg:npm/%40types/dotenv@8.2.0","type":"library","bom-ref":"pkg:npm/@types/dotenv@8.2.0","properties":[{"name":"SrcFile","value":"azdo-workspace/loopfixsharepointrights/package-lock.json"},{"name":"ResolvedUrl","value":"https://registry.npmjs.org/@types/dotenv/-/dotenv-8.2.0.tgz"},{"name":"cdx:npm:deprecated","value":"This is a stub types definition. dotenv provides its own type definitions, so you do not need this installed."}],"evidence":{"identity":[{"field":"purl","confidence":1,"methods":[{"technique":"manifest-analysis","confidence":1,"value":"azdo-workspace/loopfixsharepointrights/package-lock.json"}],"concludedValue":"azdo-workspace/loopfixsharepointrights/package-lock.json"}]},"tags":["registry"]},{"group":"","name":"dotenv","version":"17.0.0","scope":"required","hashes":[{"alg":"SHA-512","content":"034049e65ae925549f9cc3178e678ed31527a31aac047582a2aa939c6c0661576772da975d412124e3bb2f19a0c49a27f6d119146a5ed313d15f4876bf700035"}],"licenses":[{"license":{"id":"BSD-2-Clause","url":"https://opensource.org/licenses/BSD-2-Clause"}}],"purl":"pkg:npm/dotenv@17.0.0","type":"library","bom-ref":"pkg:npm/dotenv@17.0.0","properties":[{"name":"SrcFile","value":"azdo-workspace/loopfixsharepointrights/package-lock.json"},{"name":"ResolvedUrl","value":"https://cegid.jfrog.io/cegid/api/npm/all-npm/dotenv/-/dotenv-17.0.0.tgz"},{"name":"ImportedModules","value":"dotenv"}],"evidence":{"identity":[{"field":"purl","confidence":1,"methods":[{"technique":"manifest-analysis","confidence":1,"value":"azdo-workspace/loopfixsharepointrights/package-lock.json"}],"concludedValue":"azdo-workspace/loopfixsharepointrights/package-lock.json"}],"occurrences":[{"location":"src/index.ts#4"},{"location":"src/index.ts#8"}]}},{"group":"@types","name":"es6-promise","version":"3.3.0","scope":"optional","hashes":[{"alg":"SHA-512","content":"8b108800490b50abfd9a8be71ca0b3c76af30098049d200b0d73eb3924b03a35b05c5b34b2c49929a9fe3b67b7144c4f3c26d7f837c0f4d70ab1bbcbbb252534"}],"purl":"pkg:npm/%40types/es6-promise@3.3.0","type":"library","bom-ref":"pkg:npm/@types/es6-promise@3.3.0","properties":[{"name":"SrcFile","value":"azdo-workspace/loopfixsharepointrights/package-lock.json"},{"name":"ResolvedUrl","value":"https://registry.npmjs.org/@types/es6-promise/-/es6-promise-3.3.0.tgz"},{"name":"cdx:npm:deprecated","value":"This is a stub types definition for es6-promise (https://github.com/jakearchibald/ES6-Promise). es6-promise provides its own type definitions, so you don't need @types/es6-promise installed!"}],"evidence":{"identity":[{"field":"purl","confidence":1,"methods":[{"technique":"manifest-analysis","confidence":1,"value":"azdo-workspace/loopfixsharepointrights/package-lock.json"}],"concludedValue":"azdo-workspace/loopfixsharepointrights/package-lock.json"}]},"tags":["registry"]},{"group":"","name":"es6-promise","version":"4.2.8","scope":"optional","hashes":[{"alg":"SHA-512","content":"1c90c6c7975ac5e22fc5d071bc6d9c6fd838b44bf0224de2f3e9e15f4c86ad89995336e4760f106c37af85e0c1f20774fffb8f8f8735110b9af10f8c5624f4ff"}],"purl":"pkg:npm/es6-promise@4.2.8","type":"library","bom-ref":"pkg:npm/es6-promise@4.2.8","properties":[{"name":"SrcFile","value":"azdo-workspace/loopfixsharepointrights/package-lock.json"},{"name":"ResolvedUrl","value":"https://registry.npmjs.org/es6-promise/-/es6-promise-4.2.8.tgz"}],"evidence":{"identity":[{"field":"purl","confidence":1,"methods":[{"technique":"manifest-analysis","confidence":1,"value":"azdo-workspace/loopfixsharepointrights/package-lock.json"}],"concludedValue":"azdo-workspace/loopfixsharepointrights/package-lock.json"}]},"tags":["registry"]},{"group":"@types","name":"node","version":"22.13.4","scope":"optional","hashes":[{"alg":"SHA-512","content":"cb03f65f40d8b57df2d3c785571e5f348c3bfee22ff216142a05e82bca1ac8994b9ca7117c4602c563151355da814755b42265653d405382d7100056f8bd4f7a"}],"licenses":[{"license":{"id":"MIT","url":"https://opensource.org/licenses/MIT"}}],"purl":"pkg:npm/%40types/node@22.13.4","type":"library","bom-ref":"pkg:npm/@types/node@22.13.4","properties":[{"name":"SrcFile","value":"azdo-workspace/loopfixsharepointrights/package-lock.json"},{"name":"ResolvedUrl","value":"https://cegid.jfrog.io/cegid/api/npm/all-npm/@types/node/-/node-22.13.4.tgz"}],"evidence":{"identity":[{"field":"purl","confidence":1,"methods":[{"technique":"manifest-analysis","confidence":1,"value":"azdo-workspace/loopfixsharepointrights/package-lock.json"}],"concludedValue":"azdo-workspace/loopfixsharepointrights/package-lock.json"}]}},{"group":"","name":"undici-types","version":"6.20.0","scope":"optional","hashes":[{"alg":"SHA-512","content":"372e90676363bb6d2fc354911dedddf6356eea027ee1edfe30ca6abbba6a1391d3e96b134a571efbe19098ae545d2f26cd5f034981eb407f97adfda355cb8a36"}],"licenses":[{"license":{"id":"MIT","url":"https://opensource.org/licenses/MIT"}}],"purl":"pkg:npm/undici-types@6.20.0","type":"library","bom-ref":"pkg:npm/undici-types@6.20.0","properties":[{"name":"SrcFile","value":"azdo-workspace/loopfixsharepointrights/package-lock.json"},{"name":"ResolvedUrl","value":"https://cegid.jfrog.io/cegid/api/npm/all-npm/undici-types/-/undici-types-6.20.0.tgz"}],"evidence":{"identity":[{"field":"purl","confidence":1,"methods":[{"technique":"manifest-analysis","confidence":1,"value":"azdo-workspace/loopfixsharepointrights/package-lock.json"}],"concludedValue":"azdo-workspace/loopfixsharepointrights/package-lock.json"}]}},{"group":"@types","name":"node-fetch","version":"2.6.11","scope":"optional","hashes":[{"alg":"SHA-512","content":"db8c458fd479fab7d024b472339eaa87ec27552621c970b6b64a019ddb58d14fafb9ba8db185c68ee7c1da79fc43a82dd0bac04702fa501b4c092542c25e01d6"}],"purl":"pkg:npm/%40types/node-fetch@2.6.11","type":"library","bom-ref":"pkg:npm/@types/node-fetch@2.6.11","properties":[{"name":"SrcFile","value":"azdo-workspace/loopfixsharepointrights/package-lock.json"},{"name":"ResolvedUrl","value":"https://cegid.jfrog.io/cegid/api/npm/all-npm/@types/node-fetch/-/node-fetch-2.6.11.tgz"}],"evidence":{"identity":[{"field":"purl","confidence":1,"methods":[{"technique":"manifest-analysis","confidence":1,"value":"azdo-workspace/loopfixsharepointrights/package-lock.json"}],"concludedValue":"azdo-workspace/loopfixsharepointrights/package-lock.json"}]}},{"group":"","name":"form-data","version":"4.0.0","scope":"optional","hashes":[{"alg":"SHA-512","content":"1131249521a2e6dd10319ba25e803f43abdc9f170b40fe6f76e812a6e0328ba4951a2d9c94f3e9fb180486e31a1c2fb31a09f7d4a776df95b7e5fec7ca491ac3"}],"purl":"pkg:npm/form-data@4.0.0","type":"library","bom-ref":"pkg:npm/form-data@4.0.0","properties":[{"name":"SrcFile","value":"azdo-workspace/loopfixsharepointrights/package-lock.json"},{"name":"ResolvedUrl","value":"https://cegid.jfrog.io/cegid/api/npm/all-npm/form-data/-/form-data-4.0.0.tgz"}],"evidence":{"identity":[{"field":"purl","confidence":1,"methods":[{"technique":"manifest-analysis","confidence":1,"value":"azdo-workspace/loopfixsharepointrights/package-lock.json"}],"concludedValue":"azdo-workspace/loopfixsharepointrights/package-lock.json"}]}},{"group":"","name":"asynckit","version":"0.4.0","scope":"optional","hashes":[{"alg":"SHA-1","content":"c79ed97f7f34cb8f2ba1bc9790bcc366474b4b79"}],"purl":"pkg:npm/asynckit@0.4.0","type":"library","bom-ref":"pkg:npm/asynckit@0.4.0","properties":[{"name":"SrcFile","value":"azdo-workspace/loopfixsharepointrights/package-lock.json"},{"name":"ResolvedUrl","value":"https://registry.npmjs.org/asynckit/-/asynckit-0.4.0.tgz"}],"evidence":{"identity":[{"field":"purl","confidence":1,"methods":[{"technique":"manifest-analysis","confidence":1,"value":"azdo-workspace/loopfixsharepointrights/package-lock.json"}],"concludedValue":"azdo-workspace/loopfixsharepointrights/package-lock.json"}]},"tags":["registry"]},{"group":"","name":"combined-stream","version":"1.0.8","scope":"optional","hashes":[{"alg":"SHA-512","content":"1503783117ee25e1dfedc05b04c2455e12920eafb690002b06599106f72f144e410751d9297b5214048385d973f73398c3187c943767be630e7bffb971da0476"}],"purl":"pkg:npm/combined-stream@1.0.8","type":"library","bom-ref":"pkg:npm/combined-stream@1.0.8","properties":[{"name":"SrcFile","value":"azdo-workspace/loopfixsharepointrights/package-lock.json"},{"name":"ResolvedUrl","value":"https://registry.npmjs.org/combined-stream/-/combined-stream-1.0.8.tgz"}],"evidence":{"identity":[{"field":"purl","confidence":1,"methods":[{"technique":"manifest-analysis","confidence":1,"value":"azdo-workspace/loopfixsharepointrights/package-lock.json"}],"concludedValue":"azdo-workspace/loopfixsharepointrights/package-lock.json"}]},"tags":["registry"]},{"group":"","name":"delayed-stream","version":"1.0.0","scope":"optional","hashes":[{"alg":"SHA-1","content":"df3ae199acadfb7d440aaae0b29e2272b24ec619"}],"purl":"pkg:npm/delayed-stream@1.0.0","type":"library","bom-ref":"pkg:npm/delayed-stream@1.0.0","properties":[{"name":"SrcFile","value":"azdo-workspace/loopfixsharepointrights/package-lock.json"},{"name":"ResolvedUrl","value":"https://registry.npmjs.org/delayed-stream/-/delayed-stream-1.0.0.tgz"}],"evidence":{"identity":[{"field":"purl","confidence":1,"methods":[{"technique":"manifest-analysis","confidence":1,"value":"azdo-workspace/loopfixsharepointrights/package-lock.json"}],"concludedValue":"azdo-workspace/loopfixsharepointrights/package-lock.json"}]},"tags":["registry"]},{"group":"","name":"mime-types","version":"2.1.27","scope":"optional","hashes":[{"alg":"SHA-512","content":"24886a9c26ac23dc83f92b2692ab870714d212e65d417e41b909d2d9573ba6e41043ef3288fe40639b9686976fe182f854ce5cea296289858f809fe72502e9ef"}],"purl":"pkg:npm/mime-types@2.1.27","type":"library","bom-ref":"pkg:npm/mime-types@2.1.27","properties":[{"name":"SrcFile","value":"azdo-workspace/loopfixsharepointrights/package-lock.json"},{"name":"ResolvedUrl","value":"https://registry.npmjs.org/mime-types/-/mime-types-2.1.27.tgz"}],"evidence":{"identity":[{"field":"purl","confidence":1,"methods":[{"technique":"manifest-analysis","confidence":1,"value":"azdo-workspace/loopfixsharepointrights/package-lock.json"}],"concludedValue":"azdo-workspace/loopfixsharepointrights/package-lock.json"}]},"tags":["registry"]},{"group":"","name":"mime-db","version":"1.44.0","scope":"optional","hashes":[{"alg":"SHA-512","content":"fcd3937cbaec3c155e1fb62d14f82c556bdeb8bfb84a38d8c5a435c6d33528c163ec77719419717b234bce1c89571eebe2b64624067fea590a0a2b5273f366a6"}],"purl":"pkg:npm/mime-db@1.44.0","type":"library","bom-ref":"pkg:npm/mime-db@1.44.0","properties":[{"name":"SrcFile","value":"azdo-workspace/loopfixsharepointrights/package-lock.json"},{"name":"ResolvedUrl","value":"https://registry.npmjs.org/mime-db/-/mime-db-1.44.0.tgz"}],"evidence":{"identity":[{"field":"purl","confidence":1,"methods":[{"technique":"manifest-analysis","confidence":1,"value":"azdo-workspace/loopfixsharepointrights/package-lock.json"}],"concludedValue":"azdo-workspace/loopfixsharepointrights/package-lock.json"}]},"tags":["registry"]},{"group":"","name":"axios","version":"1.6.8","scope":"optional","hashes":[{"alg":"SHA-512","content":"bff647b490d4dfd983a720681559044dc77fb8d771ad646b8376caa4e2b35c503a06faa8a6db3a00b48c537cba8a36316f0d81fb03eb22fe3a7a04f325708b19"}],"purl":"pkg:npm/axios@1.6.8","type":"library","bom-ref":"pkg:npm/axios@1.6.8","properties":[{"name":"SrcFile","value":"azdo-workspace/loopfixsharepointrights/package-lock.json"},{"name":"ResolvedUrl","value":"https://cegid.jfrog.io/cegid/api/npm/all-npm/axios/-/axios-1.6.8.tgz"}],"evidence":{"identity":[{"field":"purl","confidence":1,"methods":[{"technique":"manifest-analysis","confidence":1,"value":"azdo-workspace/loopfixsharepointrights/package-lock.json"}],"concludedValue":"azdo-workspace/loopfixsharepointrights/package-lock.json"}]}},{"group":"","name":"follow-redirects","version":"1.15.6","scope":"optional","hashes":[{"alg":"SHA-512","content":"c1637ad9821311a3a948ae7ce0465725a7c7d401a93bc45580495f92e5db4ceacf5f87c87cec84a56fc2b2235df09758ac0a0ebda7d14ce127bec3befaa0aa14"}],"purl":"pkg:npm/follow-redirects@1.15.6","type":"library","bom-ref":"pkg:npm/follow-redirects@1.15.6","properties":[{"name":"SrcFile","value":"azdo-workspace/loopfixsharepointrights/package-lock.json"},{"name":"ResolvedUrl","value":"https://cegid.jfrog.io/cegid/api/npm/all-npm/follow-redirects/-/follow-redirects-1.15.6.tgz"}],"evidence":{"identity":[{"field":"purl","confidence":1,"methods":[{"technique":"manifest-analysis","confidence":1,"value":"azdo-workspace/loopfixsharepointrights/package-lock.json"}],"concludedValue":"azdo-workspace/loopfixsharepointrights/package-lock.json"}]}},{"group":"","name":"proxy-from-env","version":"1.1.0","scope":"optional","hashes":[{"alg":"SHA-512","content":"0fece439109b03d7f5b5d5912b445a091dc63efe7470cc5caf3e17f24e4b4d2503d43930e3b98a24465036e9c8b514e45b082d6944a8d515454481bd65788562"}],"purl":"pkg:npm/proxy-from-env@1.1.0","type":"library","bom-ref":"pkg:npm/proxy-from-env@1.1.0","properties":[{"name":"SrcFile","value":"azdo-workspace/loopfixsharepointrights/package-lock.json"},{"name":"ResolvedUrl","value":"https://cegid.jfrog.io/cegid/api/npm/all-npm/proxy-from-env/-/proxy-from-env-1.1.0.tgz"}],"evidence":{"identity":[{"field":"purl","confidence":1,"methods":[{"technique":"manifest-analysis","confidence":1,"value":"azdo-workspace/loopfixsharepointrights/package-lock.json"}],"concludedValue":"azdo-workspace/loopfixsharepointrights/package-lock.json"}]}},{"group":"","name":"crypto","version":"1.0.1","scope":"required","hashes":[{"alg":"SHA-512","content":"57104a99e35ca90762510516d93cead2ddfbedbe783766ccb573bfaa22dafba791466982e2a4f70f83a74c6a13fd4e8ef5a92543f8d3c1b3ad44c4d363c1b422"}],"purl":"pkg:npm/crypto@1.0.1","type":"library","bom-ref":"pkg:npm/crypto@1.0.1","properties":[{"name":"SrcFile","value":"azdo-workspace/loopfixsharepointrights/package-lock.json"},{"name":"ResolvedUrl","value":"https://cegid.jfrog.io/cegid/api/npm/all-npm/crypto/-/crypto-1.0.1.tgz"},{"name":"cdx:npm:deprecated","value":"This package is no longer supported. It's now a built-in Node module. If you've depended on crypto, you should switch to the one that's built-in."},{"name":"ImportedModules","value":"crypto"}],"evidence":{"identity":[{"field":"purl","confidence":1,"methods":[{"technique":"manifest-analysis","confidence":1,"value":"azdo-workspace/loopfixsharepointrights/package-lock.json"}],"concludedValue":"azdo-workspace/loopfixsharepointrights/package-lock.json"}],"occurrences":[{"location":"src/encryption.ts#1"}]},"tags":["crypto"]},{"group":"","name":"moment","version":"2.30.1","scope":"required","hashes":[{"alg":"SHA-512","content":"b849ad3616c33ab58f152fa176314205fcbd7f6628cb3469c1c97e0eaa42ead697db5173b132d055b315fd6ecfccd497eb1fdb842d73037736510e4dcc7ea1a3"}],"purl":"pkg:npm/moment@2.30.1","type":"library","bom-ref":"pkg:npm/moment@2.30.1","properties":[{"name":"SrcFile","value":"azdo-workspace/loopfixsharepointrights/package-lock.json"},{"name":"ResolvedUrl","value":"https://cegid.jfrog.io/cegid/api/npm/all-npm/moment/-/moment-2.30.1.tgz"},{"name":"ImportedModules","value":"moment"}],"evidence":{"identity":[{"field":"purl","confidence":1,"methods":[{"technique":"manifest-analysis","confidence":1,"value":"azdo-workspace/loopfixsharepointrights/package-lock.json"}],"concludedValue":"azdo-workspace/loopfixsharepointrights/package-lock.json"}],"occurrences":[{"location":"src/index.ts#7"}]}},{"group":"","name":"mongodb","version":"6.5.0","scope":"required","hashes":[{"alg":"SHA-512","content":"168ceaebc2274fe24a00118ba9cb60b5bf0fe7aa51ac91646e15b4bb1fb1d667477b28a7a2bf2837326ac0b8d5fede57e672467d3965bb17f232739736080850"}],"purl":"pkg:npm/mongodb@6.5.0","type":"library","bom-ref":"pkg:npm/mongodb@6.5.0","properties":[{"name":"SrcFile","value":"azdo-workspace/loopfixsharepointrights/package-lock.json"},{"name":"ResolvedUrl","value":"https://cegid.jfrog.io/cegid/api/npm/all-npm/mongodb/-/mongodb-6.5.0.tgz"},{"name":"ImportedModules","value":"mongodb"}],"evidence":{"identity":[{"field":"purl","confidence":1,"methods":[{"technique":"manifest-analysis","confidence":1,"value":"azdo-workspace/loopfixsharepointrights/package-lock.json"}],"concludedValue":"azdo-workspace/loopfixsharepointrights/package-lock.json"}],"occurrences":[{"location":"src/index.ts#9"}]}},{"group":"@mongodb-js","name":"saslprep","version":"1.1.5","scope":"optional","hashes":[{"alg":"SHA-512","content":"5cb34e307eba2a12735093704ffaa53274b85ac343583e4049dc9a487dc4b4af85e2bfc21466b78d3e06362e267ce8ad1af597b5d2e04099108f1495ae2a3e8c"}],"purl":"pkg:npm/%40mongodb-js/saslprep@1.1.5","type":"library","bom-ref":"pkg:npm/@mongodb-js/saslprep@1.1.5","properties":[{"name":"SrcFile","value":"azdo-workspace/loopfixsharepointrights/package-lock.json"},{"name":"ResolvedUrl","value":"https://cegid.jfrog.io/cegid/api/npm/all-npm/@mongodb-js/saslprep/-/saslprep-1.1.5.tgz"}],"evidence":{"identity":[{"field":"purl","confidence":1,"methods":[{"technique":"manifest-analysis","confidence":1,"value":"azdo-workspace/loopfixsharepointrights/package-lock.json"}],"concludedValue":"azdo-workspace/loopfixsharepointrights/package-lock.json"}]}},{"group":"","name":"sparse-bitfield","version":"3.0.3","scope":"optional","hashes":[{"alg":"SHA-1","content":"ff4ae6e68656056ba4b3e792ab3334d38273ca11"}],"purl":"pkg:npm/sparse-bitfield@3.0.3","type":"library","bom-ref":"pkg:npm/sparse-bitfield@3.0.3","properties":[{"name":"SrcFile","value":"azdo-workspace/loopfixsharepointrights/package-lock.json"},{"name":"ResolvedUrl","value":"https://cegid.jfrog.io/cegid/api/npm/all-npm/sparse-bitfield/-/sparse-bitfield-3.0.3.tgz"}],"evidence":{"identity":[{"field":"purl","confidence":1,"methods":[{"technique":"manifest-analysis","confidence":1,"value":"azdo-workspace/loopfixsharepointrights/package-lock.json"}],"concludedValue":"azdo-workspace/loopfixsharepointrights/package-lock.json"}]}},{"group":"","name":"memory-pager","version":"1.5.0","scope":"optional","hashes":[{"alg":"SHA-512","content":"652e01a78aff6687aaebe34b2693fed19ce6d2947cc21b463dfd5713128b24101ccc63274a2dc8b75e0e88d092b6342333a354d689234064b180464df1e0582a"}],"purl":"pkg:npm/memory-pager@1.5.0","type":"library","bom-ref":"pkg:npm/memory-pager@1.5.0","properties":[{"name":"SrcFile","value":"azdo-workspace/loopfixsharepointrights/package-lock.json"},{"name":"ResolvedUrl","value":"https://cegid.jfrog.io/cegid/api/npm/all-npm/memory-pager/-/memory-pager-1.5.0.tgz"}],"evidence":{"identity":[{"field":"purl","confidence":1,"methods":[{"technique":"manifest-analysis","confidence":1,"value":"azdo-workspace/loopfixsharepointrights/package-lock.json"}],"concludedValue":"azdo-workspace/loopfixsharepointrights/package-lock.json"}]}},{"group":"","name":"bson","version":"6.4.0","scope":"optional","hashes":[{"alg":"SHA-512","content":"ebf81248475b92e16549bfae7e3e63512538fb0a3cc503b09b66c34aac26c623c4d7b253a6c3fadde030a0df2217c3b2e202588fe3c02f7cdd4424dd6b0e58d6"}],"purl":"pkg:npm/bson@6.4.0","type":"library","bom-ref":"pkg:npm/bson@6.4.0","properties":[{"name":"SrcFile","value":"azdo-workspace/loopfixsharepointrights/package-lock.json"},{"name":"ResolvedUrl","value":"https://cegid.jfrog.io/cegid/api/npm/all-npm/bson/-/bson-6.4.0.tgz"}],"evidence":{"identity":[{"field":"purl","confidence":1,"methods":[{"technique":"manifest-analysis","confidence":1,"value":"azdo-workspace/loopfixsharepointrights/package-lock.json"}],"concludedValue":"azdo-workspace/loopfixsharepointrights/package-lock.json"}]}},{"group":"","name":"mongodb-connection-string-url","version":"3.0.0","scope":"optional","hashes":[{"alg":"SHA-512","content":"b7555ffa6d48e610b6339449c7fec0b71800072d5c66620f411317c3e80420f9ff719345dce8b2fa5d14232a54c15079b6b7161eaddcae0da0dee011f5a030b1"}],"purl":"pkg:npm/mongodb-connection-string-url@3.0.0","type":"library","bom-ref":"pkg:npm/mongodb-connection-string-url@3.0.0","properties":[{"name":"SrcFile","value":"azdo-workspace/loopfixsharepointrights/package-lock.json"},{"name":"ResolvedUrl","value":"https://cegid.jfrog.io/cegid/api/npm/all-npm/mongodb-connection-string-url/-/mongodb-connection-string-url-3.0.0.tgz"}],"evidence":{"identity":[{"field":"purl","confidence":1,"methods":[{"technique":"manifest-analysis","confidence":1,"value":"azdo-workspace/loopfixsharepointrights/package-lock.json"}],"concludedValue":"azdo-workspace/loopfixsharepointrights/package-lock.json"}]}},{"group":"@types","name":"whatwg-url","version":"11.0.3","scope":"optional","hashes":[{"alg":"SHA-512","content":"cf510bbcc8a344bd50994ed0bb30e47985d2176f9d5c8d084caa10b08a1529c3413a22b944c996cbea586312531c5b7cbe4a597bb52cbd112b4307316648e853"}],"purl":"pkg:npm/%40types/whatwg-url@11.0.3","type":"library","bom-ref":"pkg:npm/@types/whatwg-url@11.0.3","properties":[{"name":"SrcFile","value":"azdo-workspace/loopfixsharepointrights/package-lock.json"},{"name":"ResolvedUrl","value":"https://cegid.jfrog.io/cegid/api/npm/all-npm/@types/whatwg-url/-/whatwg-url-11.0.3.tgz"}],"evidence":{"identity":[{"field":"purl","confidence":1,"methods":[{"technique":"manifest-analysis","confidence":1,"value":"azdo-workspace/loopfixsharepointrights/package-lock.json"}],"concludedValue":"azdo-workspace/loopfixsharepointrights/package-lock.json"}]}},{"group":"@types","name":"webidl-conversions","version":"7.0.3","scope":"optional","hashes":[{"alg":"SHA-512","content":"0a2249bdc46d220cda7470985f0edda849cc3518e11999582b4e4c8fd3b292da95f2e553f1f0f6045381ed2d6ec011372a3d99fb85323e6170fc8c60c3f2c094"}],"purl":"pkg:npm/%40types/webidl-conversions@7.0.3","type":"library","bom-ref":"pkg:npm/@types/webidl-conversions@7.0.3","properties":[{"name":"SrcFile","value":"azdo-workspace/loopfixsharepointrights/package-lock.json"},{"name":"ResolvedUrl","value":"https://cegid.jfrog.io/cegid/api/npm/all-npm/@types/webidl-conversions/-/webidl-conversions-7.0.3.tgz"}],"evidence":{"identity":[{"field":"purl","confidence":1,"methods":[{"technique":"manifest-analysis","confidence":1,"value":"azdo-workspace/loopfixsharepointrights/package-lock.json"}],"concludedValue":"azdo-workspace/loopfixsharepointrights/package-lock.json"}]}},{"group":"","name":"whatwg-url","version":"13.0.0","scope":"optional","hashes":[{"alg":"SHA-512","content":"f5659bca69ea8f9efe5c4baa0031eb089d9e497ce7f165c85bf61219a66d6f658a0089d0e821df69451c4f2caf7abd29f010e0e52b4b42af21d6fb59bb098e8a"}],"purl":"pkg:npm/whatwg-url@13.0.0","type":"library","bom-ref":"pkg:npm/whatwg-url@13.0.0","properties":[{"name":"SrcFile","value":"azdo-workspace/loopfixsharepointrights/package-lock.json"},{"name":"ResolvedUrl","value":"https://cegid.jfrog.io/cegid/api/npm/all-npm/whatwg-url/-/whatwg-url-13.0.0.tgz"}],"evidence":{"identity":[{"field":"purl","confidence":1,"methods":[{"technique":"manifest-analysis","confidence":1,"value":"azdo-workspace/loopfixsharepointrights/package-lock.json"}],"concludedValue":"azdo-workspace/loopfixsharepointrights/package-lock.json"}]}},{"group":"","name":"tr46","version":"4.1.1","scope":"optional","hashes":[{"alg":"SHA-512","content":"da5bffeba4fb7b9c8dca10000b835a29ee6755abf3b86250555b5160bc90d8e23cb6c27ad4f30b95e95e85bd308b61f1ebe853fce254599730f0c8e54919f1bf"}],"purl":"pkg:npm/tr46@4.1.1","type":"library","bom-ref":"pkg:npm/tr46@4.1.1","properties":[{"name":"SrcFile","value":"azdo-workspace/loopfixsharepointrights/package-lock.json"},{"name":"ResolvedUrl","value":"https://cegid.jfrog.io/cegid/api/npm/all-npm/tr46/-/tr46-4.1.1.tgz"}],"evidence":{"identity":[{"field":"purl","confidence":1,"methods":[{"technique":"manifest-analysis","confidence":1,"value":"azdo-workspace/loopfixsharepointrights/package-lock.json"}],"concludedValue":"azdo-workspace/loopfixsharepointrights/package-lock.json"}]}},{"group":"","name":"punycode","version":"2.3.1","scope":"optional","hashes":[{"alg":"SHA-512","content":"bd8b7b503d54f5683ad77f2c84bb4b3af740bbef03b02fe2945b44547707fb0c9d712a4d136d007d239db9fe8c91115a84be4563b5f5a14ee7295645b5fabc16"}],"purl":"pkg:npm/punycode@2.3.1","type":"library","bom-ref":"pkg:npm/punycode@2.3.1","properties":[{"name":"SrcFile","value":"azdo-workspace/loopfixsharepointrights/package-lock.json"},{"name":"ResolvedUrl","value":"https://cegid.jfrog.io/cegid/api/npm/all-npm/punycode/-/punycode-2.3.1.tgz"}],"evidence":{"identity":[{"field":"purl","confidence":1,"methods":[{"technique":"manifest-analysis","confidence":1,"value":"azdo-workspace/loopfixsharepointrights/package-lock.json"}],"concludedValue":"azdo-workspace/loopfixsharepointrights/package-lock.json"}]}},{"group":"","name":"webidl-conversions","version":"7.0.0","scope":"optional","hashes":[{"alg":"SHA-512","content":"57075d06e903ceeef5a1f7c0411f7be6e9c1206a9f299a4cfbc657eb24a4f27621568a39098699cb3b77601bd8b51b4ef9aa0696ac4f83f07cecd19567f7eeea"}],"purl":"pkg:npm/webidl-conversions@7.0.0","type":"library","bom-ref":"pkg:npm/webidl-conversions@7.0.0","properties":[{"name":"SrcFile","value":"azdo-workspace/loopfixsharepointrights/package-lock.json"},{"name":"ResolvedUrl","value":"https://cegid.jfrog.io/cegid/api/npm/all-npm/webidl-conversions/-/webidl-conversions-7.0.0.tgz"}],"evidence":{"identity":[{"field":"purl","confidence":1,"methods":[{"technique":"manifest-analysis","confidence":1,"value":"azdo-workspace/loopfixsharepointrights/package-lock.json"}],"concludedValue":"azdo-workspace/loopfixsharepointrights/package-lock.json"}]}},{"group":"","name":"node-fetch","version":"3.3.2","scope":"required","hashes":[{"alg":"SHA-512","content":"75107bf2cacdfe5ea0a96ba56a1f52af17989f179d7481b7d3e18ea8affd3a52d5c8b8371cf9ebe92a8e59358e5ca4700b6786602919e7d34db9282f4aba6038"}],"purl":"pkg:npm/node-fetch@3.3.2","type":"library","bom-ref":"pkg:npm/node-fetch@3.3.2","properties":[{"name":"SrcFile","value":"azdo-workspace/loopfixsharepointrights/package-lock.json"},{"name":"ResolvedUrl","value":"https://cegid.jfrog.io/cegid/api/npm/all-npm/node-fetch/-/node-fetch-3.3.2.tgz"},{"name":"ImportedModules","value":"node-fetch"}],"evidence":{"identity":[{"field":"purl","confidence":1,"methods":[{"technique":"manifest-analysis","confidence":1,"value":"azdo-workspace/loopfixsharepointrights/package-lock.json"}],"concludedValue":"azdo-workspace/loopfixsharepointrights/package-lock.json"}],"occurrences":[{"location":"src/LOOPAuthentication.ts#1"},{"location":"src/SharepointAPI.ts#3"}]}},{"group":"","name":"data-uri-to-buffer","version":"4.0.1","scope":"optional","hashes":[{"alg":"SHA-512","content":"d11f629116faebc1c1ed00f14f5be4a6e501b6a739dd8c80c0cc0679414a4688d8fcd58abdd67ef5462d45f1a686a35b4644d256931b9b28578a9145bf671bfc"}],"purl":"pkg:npm/data-uri-to-buffer@4.0.1","type":"library","bom-ref":"pkg:npm/data-uri-to-buffer@4.0.1","properties":[{"name":"SrcFile","value":"azdo-workspace/loopfixsharepointrights/package-lock.json"},{"name":"ResolvedUrl","value":"https://cegid.jfrog.io/cegid/api/npm/all-npm/data-uri-to-buffer/-/data-uri-to-buffer-4.0.1.tgz"}],"evidence":{"identity":[{"field":"purl","confidence":1,"methods":[{"technique":"manifest-analysis","confidence":1,"value":"azdo-workspace/loopfixsharepointrights/package-lock.json"}],"concludedValue":"azdo-workspace/loopfixsharepointrights/package-lock.json"}]}},{"group":"","name":"fetch-blob","version":"3.2.0","scope":"optional","hashes":[{"alg":"SHA-512","content":"ef2010a43d94309ccb8b50eabfba856273db68fc7b65f14ae8f888c50e0f7e418fc8dca5d94831f9afee994a2798aaa384ce039df6ccbdd5faa2d5eaf37b2841"}],"purl":"pkg:npm/fetch-blob@3.2.0","type":"library","bom-ref":"pkg:npm/fetch-blob@3.2.0","properties":[{"name":"SrcFile","value":"azdo-workspace/loopfixsharepointrights/package-lock.json"},{"name":"ResolvedUrl","value":"https://cegid.jfrog.io/cegid/api/npm/all-npm/fetch-blob/-/fetch-blob-3.2.0.tgz"}],"evidence":{"identity":[{"field":"purl","confidence":1,"methods":[{"technique":"manifest-analysis","confidence":1,"value":"azdo-workspace/loopfixsharepointrights/package-lock.json"}],"concludedValue":"azdo-workspace/loopfixsharepointrights/package-lock.json"}]}},{"group":"","name":"node-domexception","version":"1.0.0","scope":"optional","hashes":[{"alg":"SHA-512","content":"fe3299a0ca70d05f06470978fde2d138f03771f717b4b0293f44332e6513fc7b8f0995b207b218f59acc78ac363bf9c522a3d00773d533d6989b4177d760170d"}],"purl":"pkg:npm/node-domexception@1.0.0","type":"library","bom-ref":"pkg:npm/node-domexception@1.0.0","properties":[{"name":"SrcFile","value":"azdo-workspace/loopfixsharepointrights/package-lock.json"},{"name":"ResolvedUrl","value":"https://cegid.jfrog.io/cegid/api/npm/all-npm/node-domexception/-/node-domexception-1.0.0.tgz"}],"evidence":{"identity":[{"field":"purl","confidence":1,"methods":[{"technique":"manifest-analysis","confidence":1,"value":"azdo-workspace/loopfixsharepointrights/package-lock.json"}],"concludedValue":"azdo-workspace/loopfixsharepointrights/package-lock.json"}]}},{"group":"","name":"web-streams-polyfill","version":"3.2.1","scope":"optional","hashes":[{"alg":"SHA-512","content":"7b430edf075758aacb6cbd038069d457b58756ec3d394bcbe218e09cf908784bc44a4ef88002138b91bad3a26d64fa77f5c77c1c0f55433088bc0e3d2e93cde5"}],"purl":"pkg:npm/web-streams-polyfill@3.2.1","type":"library","bom-ref":"pkg:npm/web-streams-polyfill@3.2.1","properties":[{"name":"SrcFile","value":"azdo-workspace/loopfixsharepointrights/package-lock.json"},{"name":"ResolvedUrl","value":"https://cegid.jfrog.io/cegid/api/npm/all-npm/web-streams-polyfill/-/web-streams-polyfill-3.2.1.tgz"}],"evidence":{"identity":[{"field":"purl","confidence":1,"methods":[{"technique":"manifest-analysis","confidence":1,"value":"azdo-workspace/loopfixsharepointrights/package-lock.json"}],"concludedValue":"azdo-workspace/loopfixsharepointrights/package-lock.json"}]}},{"group":"","name":"formdata-polyfill","version":"4.0.10","scope":"optional","hashes":[{"alg":"SHA-512","content":"6ee7b01f332f60bdbd8dd7904d520b79c49a64a9edfd12568e8642179396eb467aeff1a648b06438533baa1d4f237cc536d25b6992f9790bb5bcb7daccec23e2"}],"purl":"pkg:npm/formdata-polyfill@4.0.10","type":"library","bom-ref":"pkg:npm/formdata-polyfill@4.0.10","properties":[{"name":"SrcFile","value":"azdo-workspace/loopfixsharepointrights/package-lock.json"},{"name":"ResolvedUrl","value":"https://cegid.jfrog.io/cegid/api/npm/all-npm/formdata-polyfill/-/formdata-polyfill-4.0.10.tgz"}],"evidence":{"identity":[{"field":"purl","confidence":1,"methods":[{"technique":"manifest-analysis","confidence":1,"value":"azdo-workspace/loopfixsharepointrights/package-lock.json"}],"concludedValue":"azdo-workspace/loopfixsharepointrights/package-lock.json"}]}},{"group":"","name":"sxml","version":"1.0.4","scope":"required","hashes":[{"alg":"SHA-512","content":"387f9eb207f0b5b2d46ec4cb084d5b92e39fc480ece6bfa7b8d1784cc546049bf4759c4cbd4d48699f72894c27717dc6ec045b76e8324a55ac1727622f99cfcc"}],"purl":"pkg:npm/sxml@1.0.4","type":"library","bom-ref":"pkg:npm/sxml@1.0.4","properties":[{"name":"SrcFile","value":"azdo-workspace/loopfixsharepointrights/package-lock.json"},{"name":"ResolvedUrl","value":"https://registry.npmjs.org/sxml/-/sxml-1.0.4.tgz"},{"name":"ImportedModules","value":"sxml,sxml/XML,XMLList,sxml/XMLList"}],"evidence":{"identity":[{"field":"purl","confidence":1,"methods":[{"technique":"manifest-analysis","confidence":1,"value":"azdo-workspace/loopfixsharepointrights/package-lock.json"}],"concludedValue":"azdo-workspace/loopfixsharepointrights/package-lock.json"}],"occurrences":[{"location":"src/SharepointAPI.ts#4"}]},"tags":["registry","xml"]},{"group":"","name":"tstl","version":"2.4.11","scope":"optional","hashes":[{"alg":"SHA-512","content":"eb3bf82100bf983e85e04b93784ebbf3e6c44957640ee0e84b3e011146a76a8b4d3e6f748f33725a5ddc38d42390e74549363cbc9027c8c612eaae108507f6ad"}],"purl":"pkg:npm/tstl@2.4.11","type":"library","bom-ref":"pkg:npm/tstl@2.4.11","properties":[{"name":"SrcFile","value":"azdo-workspace/loopfixsharepointrights/package-lock.json"},{"name":"ResolvedUrl","value":"https://registry.npmjs.org/tstl/-/tstl-2.4.11.tgz"}],"evidence":{"identity":[{"field":"purl","confidence":1,"methods":[{"technique":"manifest-analysis","confidence":1,"value":"azdo-workspace/loopfixsharepointrights/package-lock.json"}],"concludedValue":"azdo-workspace/loopfixsharepointrights/package-lock.json"}]},"tags":["registry"]},{"group":"","name":"typescript","version":"5.4.3","scope":"optional","hashes":[{"alg":"SHA-512","content":"2ab3dddcf29a08bafbf0c6a5822c099c0db9366f070267703779985186601bfc22cc8a3d11a8a7355408f7fc836afb5515137687793cb9fdc62c7ba10cc8041e"}],"purl":"pkg:npm/typescript@5.4.3","type":"library","bom-ref":"pkg:npm/typescript@5.4.3","properties":[{"name":"SrcFile","value":"azdo-workspace/loopfixsharepointrights/package-lock.json"},{"name":"ResolvedUrl","value":"https://cegid.jfrog.io/cegid/api/npm/all-npm/typescript/-/typescript-5.4.3.tgz"},{"name":"cdx:npm:binPaths","value":"/Users/etienne/Developer/clients/shai_hulud/azdo-workspace/loopfixsharepointrights/node_modules/.bin/tsc, /Users/etienne/Developer/clients/shai_hulud/azdo-workspace/loopfixsharepointrights/node_modules/.bin/tsserver"}],"evidence":{"identity":[{"field":"purl","confidence":1,"methods":[{"technique":"manifest-analysis","confidence":1,"value":"azdo-workspace/loopfixsharepointrights/package-lock.json"}],"concludedValue":"azdo-workspace/loopfixsharepointrights/package-lock.json"}]}},{"group":"","name":"uuid","version":"13.0.0","scope":"required","hashes":[{"alg":"SHA-512","content":"5d07a021a0535548d21e588aa9c9c5a98ca901de12f96098b79348791b3ac3f500af2ef3f18f63e59c1144be24ceaf54dec0fabfef397abf45be411a0698e2db"}],"licenses":[{"license":{"id":"MIT","url":"https://opensource.org/licenses/MIT"}}],"purl":"pkg:npm/uuid@13.0.0","type":"library","bom-ref":"pkg:npm/uuid@13.0.0","properties":[{"name":"SrcFile","value":"azdo-workspace/loopfixsharepointrights/package-lock.json"},{"name":"ResolvedUrl","value":"https://cegid.jfrog.io/cegid/api/npm/all-npm/uuid/-/uuid-13.0.0.tgz"},{"name":"cdx:npm:binPaths","value":"/Users/etienne/Developer/clients/shai_hulud/azdo-workspace/loopfixsharepointrights/node_modules/.bin/uuid"},{"name":"ImportedModules","value":"uuid,uuid/v4"}],"evidence":{"identity":[{"field":"purl","confidence":1,"methods":[{"technique":"manifest-analysis","confidence":1,"value":"azdo-workspace/loopfixsharepointrights/package-lock.json"}],"concludedValue":"azdo-workspace/loopfixsharepointrights/package-lock.json"}],"occurrences":[{"location":"src/index.ts#5"}]}},{"group":"@loop","name":"logger","version":"3.0.16","scope":"required","hashes":[{"alg":"SHA-1","content":"1f11e3ade59b79255df2d3a8d4845959849c9131"}],"purl":"pkg:npm/%40loop/logger@3.0.16","type":"library","bom-ref":"pkg:npm/@loop/logger@3.0.16","properties":[{"name":"SrcFile","value":"azdo-workspace/loopfixsharepointrights/package-lock.json"},{"name":"ResolvedUrl","value":"https://cegid.jfrog.io/cegid/api/npm/all-npm/@loop/logger/-/logger-3.0.16.tgz"},{"name":"ImportedModules","value":"@loop/logger,Logger,@loop/logger/Logger"}],"evidence":{"identity":[{"field":"purl","confidence":1,"methods":[{"technique":"manifest-analysis","confidence":1,"value":"azdo-workspace/loopfixsharepointrights/package-lock.json"}],"concludedValue":"azdo-workspace/loopfixsharepointrights/package-lock.json"}],"occurrences":[{"location":"src/Logger.ts#2"}]}},{"group":"","name":"triple-beam","version":"1.4.1","scope":"optional","hashes":[{"alg":"SHA-512","content":"6996e056266b83540d706f8b50b6bb9e16692536522e6fe65e71d79db01b8e63796926b4cbb57ec2fbfafb859a06da48489cd384acbe3c83f173536ad4427d9a"}],"purl":"pkg:npm/triple-beam@1.4.1","type":"library","bom-ref":"pkg:npm/triple-beam@1.4.1","properties":[{"name":"SrcFile","value":"azdo-workspace/loopfixsharepointrights/package-lock.json"},{"name":"ResolvedUrl","value":"https://cegid.jfrog.io/cegid/api/npm/all-npm/triple-beam/-/triple-beam-1.4.1.tgz"}],"evidence":{"identity":[{"field":"purl","confidence":1,"methods":[{"technique":"manifest-analysis","confidence":1,"value":"azdo-workspace/loopfixsharepointrights/package-lock.json"}],"concludedValue":"azdo-workspace/loopfixsharepointrights/package-lock.json"}]}},{"group":"","name":"winston","version":"3.11.0","scope":"optional","hashes":[{"alg":"SHA-512","content":"2f7c91ebf3336403a5d03b32b145c75633b0bfc98a67bd53ac0ff8d4421db86a4e395e4b415a1da8df90750e814ba3c9fd1748b21661abce0ffdf4ad119924ee"}],"purl":"pkg:npm/winston@3.11.0","type":"library","bom-ref":"pkg:npm/winston@3.11.0","properties":[{"name":"SrcFile","value":"azdo-workspace/loopfixsharepointrights/package-lock.json"},{"name":"ResolvedUrl","value":"https://cegid.jfrog.io/cegid/api/npm/all-npm/winston/-/winston-3.11.0.tgz"}],"evidence":{"identity":[{"field":"purl","confidence":1,"methods":[{"technique":"manifest-analysis","confidence":1,"value":"azdo-workspace/loopfixsharepointrights/package-lock.json"}],"concludedValue":"azdo-workspace/loopfixsharepointrights/package-lock.json"}]}},{"group":"@colors","name":"colors","version":"1.6.0","scope":"optional","hashes":[{"alg":"SHA-512","content":"22bf803a26eaceb22c2fa6a3b77473dcbb2407b3a23151ea96d666b296d6fd326e4d5bb238c8ab56a0248df63a2484a22c783236a89c002f00c871c6ccd77f74"}],"purl":"pkg:npm/%40colors/colors@1.6.0","type":"library","bom-ref":"pkg:npm/@colors/colors@1.6.0","properties":[{"name":"SrcFile","value":"azdo-workspace/loopfixsharepointrights/package-lock.json"},{"name":"ResolvedUrl","value":"https://cegid.jfrog.io/cegid/api/npm/all-npm/@colors/colors/-/colors-1.6.0.tgz"}],"evidence":{"identity":[{"field":"purl","confidence":1,"methods":[{"technique":"manifest-analysis","confidence":1,"value":"azdo-workspace/loopfixsharepointrights/package-lock.json"}],"concludedValue":"azdo-workspace/loopfixsharepointrights/package-lock.json"}]}},{"group":"@dabh","name":"diagnostics","version":"2.0.3","scope":"optional","hashes":[{"alg":"SHA-512","content":"86b9503888bb8407f3b0caa519217256e72bc77f0efa3eb088639ffff1f679cbc812a60de000c1492da22cc879505c83ba708d9e25083e4feadeb885bf8e7144"}],"purl":"pkg:npm/%40dabh/diagnostics@2.0.3","type":"library","bom-ref":"pkg:npm/@dabh/diagnostics@2.0.3","properties":[{"name":"SrcFile","value":"azdo-workspace/loopfixsharepointrights/package-lock.json"},{"name":"ResolvedUrl","value":"https://cegid.jfrog.io/cegid/api/npm/all-npm/@dabh/diagnostics/-/diagnostics-2.0.3.tgz"}],"evidence":{"identity":[{"field":"purl","confidence":1,"methods":[{"technique":"manifest-analysis","confidence":1,"value":"azdo-workspace/loopfixsharepointrights/package-lock.json"}],"concludedValue":"azdo-workspace/loopfixsharepointrights/package-lock.json"}]}},{"group":"","name":"colorspace","version":"1.1.4","scope":"optional","hashes":[{"alg":"SHA-512","content":"060bca262b95bb58a00541769048d10995e897ac228866d8e62a4bfe854fc26d012fdb08a4c23333c20aeefc2ec48233397315dc4cb9c3ebf1866d2b47f4cdf3"}],"purl":"pkg:npm/colorspace@1.1.4","type":"library","bom-ref":"pkg:npm/colorspace@1.1.4","properties":[{"name":"SrcFile","value":"azdo-workspace/loopfixsharepointrights/package-lock.json"},{"name":"ResolvedUrl","value":"https://cegid.jfrog.io/cegid/api/npm/all-npm/colorspace/-/colorspace-1.1.4.tgz"}],"evidence":{"identity":[{"field":"purl","confidence":1,"methods":[{"technique":"manifest-analysis","confidence":1,"value":"azdo-workspace/loopfixsharepointrights/package-lock.json"}],"concludedValue":"azdo-workspace/loopfixsharepointrights/package-lock.json"}]}},{"group":"","name":"color","version":"3.2.1","scope":"optional","hashes":[{"alg":"SHA-512","content":"68197b75923d10d37a7d4182ee65a93133cd1e659448d6a7f6db9637a6a187964b364f5b68b24e9d2325ad090772b7c5833dbf462823515023771dfa55c7a628"}],"purl":"pkg:npm/color@3.2.1","type":"library","bom-ref":"pkg:npm/color@3.2.1","properties":[{"name":"SrcFile","value":"azdo-workspace/loopfixsharepointrights/package-lock.json"},{"name":"ResolvedUrl","value":"https://cegid.jfrog.io/cegid/api/npm/all-npm/color/-/color-3.2.1.tgz"}],"evidence":{"identity":[{"field":"purl","confidence":1,"methods":[{"technique":"manifest-analysis","confidence":1,"value":"azdo-workspace/loopfixsharepointrights/package-lock.json"}],"concludedValue":"azdo-workspace/loopfixsharepointrights/package-lock.json"}]}},{"group":"","name":"color-convert","version":"1.9.3","scope":"optional","hashes":[{"alg":"SHA-512","content":"41f014b5dfaf15d02d150702f020b262dd5f616c52a8088ad9c483eb30c1f0dddca6c10102f471a7dcce1a0e86fd21c7258013f3cfdacff22e0c600bb0d55b1a"}],"purl":"pkg:npm/color-convert@1.9.3","type":"library","bom-ref":"pkg:npm/color-convert@1.9.3","properties":[{"name":"SrcFile","value":"azdo-workspace/loopfixsharepointrights/package-lock.json"},{"name":"ResolvedUrl","value":"https://cegid.jfrog.io/cegid/api/npm/all-npm/color-convert/-/color-convert-1.9.3.tgz"}],"evidence":{"identity":[{"field":"purl","confidence":1,"methods":[{"technique":"manifest-analysis","confidence":1,"value":"azdo-workspace/loopfixsharepointrights/package-lock.json"}],"concludedValue":"azdo-workspace/loopfixsharepointrights/package-lock.json"}]}},{"group":"","name":"color-name","version":"1.1.3","scope":"optional","hashes":[{"alg":"SHA-1","content":"a7d0558bd89c42f795dd42328f740831ca53bc25"}],"purl":"pkg:npm/color-name@1.1.3","type":"library","bom-ref":"pkg:npm/color-name@1.1.3","properties":[{"name":"SrcFile","value":"azdo-workspace/loopfixsharepointrights/package-lock.json"},{"name":"ResolvedUrl","value":"https://cegid.jfrog.io/cegid/api/npm/all-npm/color-name/-/color-name-1.1.3.tgz"}],"evidence":{"identity":[{"field":"purl","confidence":1,"methods":[{"technique":"manifest-analysis","confidence":1,"value":"azdo-workspace/loopfixsharepointrights/package-lock.json"}],"concludedValue":"azdo-workspace/loopfixsharepointrights/package-lock.json"}]}},{"group":"","name":"color-string","version":"1.9.0","scope":"optional","hashes":[{"alg":"SHA-512","content":"f4caf3d8040b79f907d54bc048a8fabfa863ffb7968239d3fdc56c47c0ae9a278ba13fa0f74d1ec5678da20aadc1e23c7719685cdf410d04d8ae8d685aeff909"}],"purl":"pkg:npm/color-string@1.9.0","type":"library","bom-ref":"pkg:npm/color-string@1.9.0","properties":[{"name":"SrcFile","value":"azdo-workspace/loopfixsharepointrights/package-lock.json"},{"name":"ResolvedUrl","value":"https://cegid.jfrog.io/cegid/api/npm/all-npm/color-string/-/color-string-1.9.0.tgz"}],"evidence":{"identity":[{"field":"purl","confidence":1,"methods":[{"technique":"manifest-analysis","confidence":1,"value":"azdo-workspace/loopfixsharepointrights/package-lock.json"}],"concludedValue":"azdo-workspace/loopfixsharepointrights/package-lock.json"}]}},{"group":"","name":"simple-swizzle","version":"0.2.2","scope":"optional","hashes":[{"alg":"SHA-1","content":"a4da6b635ffcccca33f70d17cb92592de95e557a"}],"purl":"pkg:npm/simple-swizzle@0.2.2","type":"library","bom-ref":"pkg:npm/simple-swizzle@0.2.2","properties":[{"name":"SrcFile","value":"azdo-workspace/loopfixsharepointrights/package-lock.json"},{"name":"ResolvedUrl","value":"https://cegid.jfrog.io/cegid/api/npm/all-npm/simple-swizzle/-/simple-swizzle-0.2.2.tgz"}],"evidence":{"identity":[{"field":"purl","confidence":1,"methods":[{"technique":"manifest-analysis","confidence":1,"value":"azdo-workspace/loopfixsharepointrights/package-lock.json"}],"concludedValue":"azdo-workspace/loopfixsharepointrights/package-lock.json"}]}},{"group":"","name":"is-arrayish","version":"0.3.2","scope":"optional","hashes":[{"alg":"SHA-512","content":"79546a0af56565bbb0dc6acceb7a2f352340780d4ad7a91a47f2d163ff76c34cf1439ff5633c1b9545fae768b85ecf51c001a35bd77dcba5fcf2df0e68025f59"}],"purl":"pkg:npm/is-arrayish@0.3.2","type":"library","bom-ref":"pkg:npm/is-arrayish@0.3.2","properties":[{"name":"SrcFile","value":"azdo-workspace/loopfixsharepointrights/package-lock.json"},{"name":"ResolvedUrl","value":"https://cegid.jfrog.io/cegid/api/npm/all-npm/is-arrayish/-/is-arrayish-0.3.2.tgz"}],"evidence":{"identity":[{"field":"purl","confidence":1,"methods":[{"technique":"manifest-analysis","confidence":1,"value":"azdo-workspace/loopfixsharepointrights/package-lock.json"}],"concludedValue":"azdo-workspace/loopfixsharepointrights/package-lock.json"}]}},{"group":"","name":"text-hex","version":"1.0.0","scope":"optional","hashes":[{"alg":"SHA-512","content":"bae546356ce0278ca145a3528ae6cf63b3a3212c38b30e04e54bf4c1b8e9f8ecdc6e6554febb13f2e8e07172619fdca9cec82be6f973a4fa8ff8c04129c1af6e"}],"purl":"pkg:npm/text-hex@1.0.0","type":"library","bom-ref":"pkg:npm/text-hex@1.0.0","properties":[{"name":"SrcFile","value":"azdo-workspace/loopfixsharepointrights/package-lock.json"},{"name":"ResolvedUrl","value":"https://cegid.jfrog.io/cegid/api/npm/all-npm/text-hex/-/text-hex-1.0.0.tgz"}],"evidence":{"identity":[{"field":"purl","confidence":1,"methods":[{"technique":"manifest-analysis","confidence":1,"value":"azdo-workspace/loopfixsharepointrights/package-lock.json"}],"concludedValue":"azdo-workspace/loopfixsharepointrights/package-lock.json"}]}},{"group":"","name":"enabled","version":"2.0.0","scope":"optional","hashes":[{"alg":"SHA-512","content":"00aacdf7c92ec0eccc21d022cd7188f3a505068a36e822f6d5433beb7cb587f18c489e3f38753d936625b26069c92705a3fc1b2f35902413025b8f883b7ffe39"}],"purl":"pkg:npm/enabled@2.0.0","type":"library","bom-ref":"pkg:npm/enabled@2.0.0","properties":[{"name":"SrcFile","value":"azdo-workspace/loopfixsharepointrights/package-lock.json"},{"name":"ResolvedUrl","value":"https://cegid.jfrog.io/cegid/api/npm/all-npm/enabled/-/enabled-2.0.0.tgz"}],"evidence":{"identity":[{"field":"purl","confidence":1,"methods":[{"technique":"manifest-analysis","confidence":1,"value":"azdo-workspace/loopfixsharepointrights/package-lock.json"}],"concludedValue":"azdo-workspace/loopfixsharepointrights/package-lock.json"}]}},{"group":"","name":"kuler","version":"2.0.0","scope":"optional","hashes":[{"alg":"SHA-512","content":"5eaf671fb2a559999702da1d5c30d113bbece8353581353ccd80c70e258b4a2a78e44830ab7a652c7ccf9f6ecd82fccbdabd4b30f0b5bddaa1f7cb10c6daa3e0"}],"purl":"pkg:npm/kuler@2.0.0","type":"library","bom-ref":"pkg:npm/kuler@2.0.0","properties":[{"name":"SrcFile","value":"azdo-workspace/loopfixsharepointrights/package-lock.json"},{"name":"ResolvedUrl","value":"https://cegid.jfrog.io/cegid/api/npm/all-npm/kuler/-/kuler-2.0.0.tgz"}],"evidence":{"identity":[{"field":"purl","confidence":1,"methods":[{"technique":"manifest-analysis","confidence":1,"value":"azdo-workspace/loopfixsharepointrights/package-lock.json"}],"concludedValue":"azdo-workspace/loopfixsharepointrights/package-lock.json"}]}},{"group":"","name":"async","version":"3.2.3","scope":"optional","hashes":[{"alg":"SHA-512","content":"b29651cb328be65e41650aebffa9bf4aa15d04dd2adce088d1ff6b8df07308c0483f8a7be4feb6d2b47781399a92c34e866ce077171ac5d35f332e9a9eb6ccd2"}],"purl":"pkg:npm/async@3.2.3","type":"library","bom-ref":"pkg:npm/async@3.2.3","properties":[{"name":"SrcFile","value":"azdo-workspace/loopfixsharepointrights/package-lock.json"},{"name":"ResolvedUrl","value":"https://cegid.jfrog.io/cegid/api/npm/all-npm/async/-/async-3.2.3.tgz"}],"evidence":{"identity":[{"field":"purl","confidence":1,"methods":[{"technique":"manifest-analysis","confidence":1,"value":"azdo-workspace/loopfixsharepointrights/package-lock.json"}],"concludedValue":"azdo-workspace/loopfixsharepointrights/package-lock.json"}]}},{"group":"","name":"is-stream","version":"2.0.1","scope":"optional","hashes":[{"alg":"SHA-512","content":"845a222624e5eb79e7fa4b2d1c606d7b05922a740ba726f5e7928785e035977f6ebed3bd9d6228a75a77b9da8f71477fc5b17554b30ee27ece23aa7b45b9e00e"}],"purl":"pkg:npm/is-stream@2.0.1","type":"library","bom-ref":"pkg:npm/is-stream@2.0.1","properties":[{"name":"SrcFile","value":"azdo-workspace/loopfixsharepointrights/package-lock.json"},{"name":"ResolvedUrl","value":"https://cegid.jfrog.io/cegid/api/npm/all-npm/is-stream/-/is-stream-2.0.1.tgz"}],"evidence":{"identity":[{"field":"purl","confidence":1,"methods":[{"technique":"manifest-analysis","confidence":1,"value":"azdo-workspace/loopfixsharepointrights/package-lock.json"}],"concludedValue":"azdo-workspace/loopfixsharepointrights/package-lock.json"}]}},{"group":"","name":"logform","version":"2.4.0","scope":"optional","hashes":[{"alg":"SHA-512","content":"08f489c387ed8dfe75ec48576461af4c71e46286e8ed909cd24bf05283987237d1d9456b23ae911e3f0c0ab7c07448ad76616a6eed8161d62cf051c76526fa8b"}],"purl":"pkg:npm/logform@2.4.0","type":"library","bom-ref":"pkg:npm/logform@2.4.0","properties":[{"name":"SrcFile","value":"azdo-workspace/loopfixsharepointrights/package-lock.json"},{"name":"ResolvedUrl","value":"https://cegid.jfrog.io/cegid/api/npm/all-npm/logform/-/logform-2.4.0.tgz"}],"evidence":{"identity":[{"field":"purl","confidence":1,"methods":[{"technique":"manifest-analysis","confidence":1,"value":"azdo-workspace/loopfixsharepointrights/package-lock.json"}],"concludedValue":"azdo-workspace/loopfixsharepointrights/package-lock.json"}]}},{"group":"@colors","name":"colors","version":"1.5.0","scope":"optional","hashes":[{"alg":"SHA-512","content":"a28582ae564fd758bc1889928d31d81cb92f1433f8f274b8fb6d389c66f54625ff59760798903620823dfded8359569b08449d5bb841004cc746a527f4e515bd"}],"purl":"pkg:npm/%40colors/colors@1.5.0","type":"library","bom-ref":"pkg:npm/@colors/colors@1.5.0","properties":[{"name":"SrcFile","value":"azdo-workspace/loopfixsharepointrights/package-lock.json"},{"name":"ResolvedUrl","value":"https://cegid.jfrog.io/cegid/api/npm/all-npm/@colors/colors/-/colors-1.5.0.tgz"}],"evidence":{"identity":[{"field":"purl","confidence":1,"methods":[{"technique":"manifest-analysis","confidence":1,"value":"azdo-workspace/loopfixsharepointrights/package-lock.json"}],"concludedValue":"azdo-workspace/loopfixsharepointrights/package-lock.json"}]}},{"group":"","name":"fecha","version":"4.2.1","scope":"optional","hashes":[{"alg":"SHA-512","content":"30c310d25b9dcbf9c1b35fe8d3354e88a4e91bba8c6e89ca5338c9810144bafaba20d6753ab68a3d1016901ab9be528b39432998d606d49a0dde80cf510f66dd"}],"purl":"pkg:npm/fecha@4.2.1","type":"library","bom-ref":"pkg:npm/fecha@4.2.1","properties":[{"name":"SrcFile","value":"azdo-workspace/loopfixsharepointrights/package-lock.json"},{"name":"ResolvedUrl","value":"https://cegid.jfrog.io/cegid/api/npm/all-npm/fecha/-/fecha-4.2.1.tgz"}],"evidence":{"identity":[{"field":"purl","confidence":1,"methods":[{"technique":"manifest-analysis","confidence":1,"value":"azdo-workspace/loopfixsharepointrights/package-lock.json"}],"concludedValue":"azdo-workspace/loopfixsharepointrights/package-lock.json"}]}},{"group":"","name":"ms","version":"2.1.3","scope":"optional","hashes":[{"alg":"SHA-512","content":"e85973b9b4cb646dc9d9afcd542025784863ceae68c601f268253dc985ef70bb2fa1568726afece715c8ebf5d73fab73ed1f7100eb479d23bfb57b45dd645394"}],"purl":"pkg:npm/ms@2.1.3","type":"library","bom-ref":"pkg:npm/ms@2.1.3","properties":[{"name":"SrcFile","value":"azdo-workspace/loopfixsharepointrights/package-lock.json"},{"name":"ResolvedUrl","value":"https://cegid.jfrog.io/cegid/api/npm/all-npm/ms/-/ms-2.1.3.tgz"}],"evidence":{"identity":[{"field":"purl","confidence":1,"methods":[{"technique":"manifest-analysis","confidence":1,"value":"azdo-workspace/loopfixsharepointrights/package-lock.json"}],"concludedValue":"azdo-workspace/loopfixsharepointrights/package-lock.json"}]}},{"group":"","name":"safe-stable-stringify","version":"2.3.1","scope":"optional","hashes":[{"alg":"SHA-512","content":"9180527d3fadae80fd70303ce550e71d9d6ba470b9d0ed20d5ee969461d50b3fe0f894bef5628b8fe5f0158c91f146eb64df2597d1d4a4300075d639f0c1a2b2"}],"purl":"pkg:npm/safe-stable-stringify@2.3.1","type":"library","bom-ref":"pkg:npm/safe-stable-stringify@2.3.1","properties":[{"name":"SrcFile","value":"azdo-workspace/loopfixsharepointrights/package-lock.json"},{"name":"ResolvedUrl","value":"https://cegid.jfrog.io/cegid/api/npm/all-npm/safe-stable-stringify/-/safe-stable-stringify-2.3.1.tgz"}],"evidence":{"identity":[{"field":"purl","confidence":1,"methods":[{"technique":"manifest-analysis","confidence":1,"value":"azdo-workspace/loopfixsharepointrights/package-lock.json"}],"concludedValue":"azdo-workspace/loopfixsharepointrights/package-lock.json"}]}},{"group":"","name":"one-time","version":"1.0.0","scope":"optional","hashes":[{"alg":"SHA-512","content":"e435ce8912b0b9211c43f974906085e90de37000c5bf9b52991689724fceaa454570eceeb41d77e0a4527c5d310eb2f7f4c367ab16c705b51472364885381bda"}],"purl":"pkg:npm/one-time@1.0.0","type":"library","bom-ref":"pkg:npm/one-time@1.0.0","properties":[{"name":"SrcFile","value":"azdo-workspace/loopfixsharepointrights/package-lock.json"},{"name":"ResolvedUrl","value":"https://cegid.jfrog.io/cegid/api/npm/all-npm/one-time/-/one-time-1.0.0.tgz"}],"evidence":{"identity":[{"field":"purl","confidence":1,"methods":[{"technique":"manifest-analysis","confidence":1,"value":"azdo-workspace/loopfixsharepointrights/package-lock.json"}],"concludedValue":"azdo-workspace/loopfixsharepointrights/package-lock.json"}]}},{"group":"","name":"fn.name","version":"1.1.0","scope":"optional","hashes":[{"alg":"SHA-512","content":"1919e607980fc89a4085341d4994d2a7db9a3d2be5d3d2a861c310b6c07dad0a0e9b3b3d747e9f7de71c1fe67e72fe8febc1eee5b0ba263461e0087f98748d47"}],"purl":"pkg:npm/fn.name@1.1.0","type":"library","bom-ref":"pkg:npm/fn.name@1.1.0","properties":[{"name":"SrcFile","value":"azdo-workspace/loopfixsharepointrights/package-lock.json"},{"name":"ResolvedUrl","value":"https://cegid.jfrog.io/cegid/api/npm/all-npm/fn.name/-/fn.name-1.1.0.tgz"}],"evidence":{"identity":[{"field":"purl","confidence":1,"methods":[{"technique":"manifest-analysis","confidence":1,"value":"azdo-workspace/loopfixsharepointrights/package-lock.json"}],"concludedValue":"azdo-workspace/loopfixsharepointrights/package-lock.json"}]}},{"group":"","name":"readable-stream","version":"3.6.0","scope":"optional","hashes":[{"alg":"SHA-512","content":"055887cbb2ca793cf8a0d9e470b27e95548beafa6215e5fafddde8487f33096ed4c4fda89dc864faf4c6075e37c6e1631d2ddd7938242a85d7ca65eaca688874"}],"purl":"pkg:npm/readable-stream@3.6.0","type":"library","bom-ref":"pkg:npm/readable-stream@3.6.0","properties":[{"name":"SrcFile","value":"azdo-workspace/loopfixsharepointrights/package-lock.json"},{"name":"ResolvedUrl","value":"https://cegid.jfrog.io/cegid/api/npm/all-npm/readable-stream/-/readable-stream-3.6.0.tgz"}],"evidence":{"identity":[{"field":"purl","confidence":1,"methods":[{"technique":"manifest-analysis","confidence":1,"value":"azdo-workspace/loopfixsharepointrights/package-lock.json"}],"concludedValue":"azdo-workspace/loopfixsharepointrights/package-lock.json"}]}},{"group":"","name":"inherits","version":"2.0.4","scope":"optional","hashes":[{"alg":"SHA-512","content":"93fbc6697e3f6256b75b3c8c0af4d039761e207bea38ab67a8176ecd31e9ce9419cc0b2428c859d8af849c189233dcc64a820578ca572b16b8758799210a9ec1"}],"purl":"pkg:npm/inherits@2.0.4","type":"library","bom-ref":"pkg:npm/inherits@2.0.4","properties":[{"name":"SrcFile","value":"azdo-workspace/loopfixsharepointrights/package-lock.json"},{"name":"ResolvedUrl","value":"https://cegid.jfrog.io/cegid/api/npm/all-npm/inherits/-/inherits-2.0.4.tgz"}],"evidence":{"identity":[{"field":"purl","confidence":1,"methods":[{"technique":"manifest-analysis","confidence":1,"value":"azdo-workspace/loopfixsharepointrights/package-lock.json"}],"concludedValue":"azdo-workspace/loopfixsharepointrights/package-lock.json"}]}},{"group":"","name":"string_decoder","version":"1.1.1","scope":"optional","hashes":[{"alg":"SHA-512","content":"9ff4a19ef0e2e851db6d57ef8aba3e5a88e2173bfeb3c30f30705ccd578f7d4a4324bc282d3d21b759786300426e2f29240bde104767907c8fc933ff9b345fc2"}],"purl":"pkg:npm/string_decoder@1.1.1","type":"library","bom-ref":"pkg:npm/string_decoder@1.1.1","properties":[{"name":"SrcFile","value":"azdo-workspace/loopfixsharepointrights/package-lock.json"},{"name":"ResolvedUrl","value":"https://cegid.jfrog.io/cegid/api/npm/all-npm/string_decoder/-/string_decoder-1.1.1.tgz"}],"evidence":{"identity":[{"field":"purl","confidence":1,"methods":[{"technique":"manifest-analysis","confidence":1,"value":"azdo-workspace/loopfixsharepointrights/package-lock.json"}],"concludedValue":"azdo-workspace/loopfixsharepointrights/package-lock.json"}]}},{"group":"","name":"safe-buffer","version":"5.1.2","scope":"optional","hashes":[{"alg":"SHA-512","content":"19dd94641243917958ec66c9c5fb04f3f9ef2a45045351b7f1cd6c88de903fa6bd3d3f4c98707c1a7a6c71298c252a05f0b388aedf2e77fc0fb688f2b381bafa"}],"purl":"pkg:npm/safe-buffer@5.1.2","type":"library","bom-ref":"pkg:npm/safe-buffer@5.1.2","properties":[{"name":"SrcFile","value":"azdo-workspace/loopfixsharepointrights/package-lock.json"},{"name":"ResolvedUrl","value":"https://cegid.jfrog.io/cegid/api/npm/all-npm/safe-buffer/-/safe-buffer-5.1.2.tgz"}],"evidence":{"identity":[{"field":"purl","confidence":1,"methods":[{"technique":"manifest-analysis","confidence":1,"value":"azdo-workspace/loopfixsharepointrights/package-lock.json"}],"concludedValue":"azdo-workspace/loopfixsharepointrights/package-lock.json"}]}},{"group":"","name":"util-deprecate","version":"1.0.2","scope":"optional","hashes":[{"alg":"SHA-1","content":"450d4dc9fa70de732762fbd2d4a28981419a0ccf"}],"purl":"pkg:npm/util-deprecate@1.0.2","type":"library","bom-ref":"pkg:npm/util-deprecate@1.0.2","properties":[{"name":"SrcFile","value":"azdo-workspace/loopfixsharepointrights/package-lock.json"},{"name":"ResolvedUrl","value":"https://cegid.jfrog.io/cegid/api/npm/all-npm/util-deprecate/-/util-deprecate-1.0.2.tgz"}],"evidence":{"identity":[{"field":"purl","confidence":1,"methods":[{"technique":"manifest-analysis","confidence":1,"value":"azdo-workspace/loopfixsharepointrights/package-lock.json"}],"concludedValue":"azdo-workspace/loopfixsharepointrights/package-lock.json"}]}},{"group":"","name":"stack-trace","version":"0.0.10","scope":"optional","hashes":[{"alg":"SHA-1","content":"547c70b347e8d32b4e108ea1a2a159e5fdde19c0"}],"purl":"pkg:npm/stack-trace@0.0.10","type":"library","bom-ref":"pkg:npm/stack-trace@0.0.10","properties":[{"name":"SrcFile","value":"azdo-workspace/loopfixsharepointrights/package-lock.json"},{"name":"ResolvedUrl","value":"https://cegid.jfrog.io/cegid/api/npm/all-npm/stack-trace/-/stack-trace-0.0.10.tgz"}],"evidence":{"identity":[{"field":"purl","confidence":1,"methods":[{"technique":"manifest-analysis","confidence":1,"value":"azdo-workspace/loopfixsharepointrights/package-lock.json"}],"concludedValue":"azdo-workspace/loopfixsharepointrights/package-lock.json"}]}},{"group":"","name":"winston-transport","version":"4.5.0","scope":"optional","hashes":[{"alg":"SHA-512","content":"629673714cc179d8654c07c983abc90e5c846a2fc814c21571a119672977517225e209aa46953b004f3d0072e46f32d4b2fd0d566c3bb6cfa2ceda8ac713d6d5"}],"purl":"pkg:npm/winston-transport@4.5.0","type":"library","bom-ref":"pkg:npm/winston-transport@4.5.0","properties":[{"name":"SrcFile","value":"azdo-workspace/loopfixsharepointrights/package-lock.json"},{"name":"ResolvedUrl","value":"https://cegid.jfrog.io/cegid/api/npm/all-npm/winston-transport/-/winston-transport-4.5.0.tgz"}],"evidence":{"identity":[{"field":"purl","confidence":1,"methods":[{"technique":"manifest-analysis","confidence":1,"value":"azdo-workspace/loopfixsharepointrights/package-lock.json"}],"concludedValue":"azdo-workspace/loopfixsharepointrights/package-lock.json"}]}},{"group":"@types","name":"uuid","version":"11.0.0","scope":"optional","hashes":[{"alg":"SHA-512","content":"1d5ca4f278f69be8dc15135acf3ab254a8997b3ca10caac6500de3944720fe767a32cfaa1f0a1c6dad58fc06956b39c94c033dc697454a1fa9b5b36b84e1af64"}],"licenses":[{"license":{"id":"MIT","url":"https://opensource.org/licenses/MIT"}}],"purl":"pkg:npm/%40types/uuid@11.0.0","type":"library","bom-ref":"pkg:npm/@types/uuid@11.0.0","properties":[{"name":"SrcFile","value":"azdo-workspace/loopfixsharepointrights/package-lock.json"},{"name":"ResolvedUrl","value":"https://cegid.jfrog.io/cegid/api/npm/all-npm/@types/uuid/-/uuid-11.0.0.tgz"},{"name":"cdx:npm:deprecated","value":"This is a stub types definition. uuid provides its own type definitions, so you do not need this installed."}],"evidence":{"identity":[{"field":"purl","confidence":1,"methods":[{"technique":"manifest-analysis","confidence":1,"value":"azdo-workspace/loopfixsharepointrights/package-lock.json"}],"concludedValue":"azdo-workspace/loopfixsharepointrights/package-lock.json"}]}}],"services":[],"dependencies":[{"ref":"pkg:npm/dotenv@17.0.0","dependsOn":[]},{"ref":"pkg:npm/@types/dotenv@8.2.0","dependsOn":["pkg:npm/dotenv@17.0.0"]},{"ref":"pkg:npm/es6-promise@4.2.8","dependsOn":[]},{"ref":"pkg:npm/@types/es6-promise@3.3.0","dependsOn":["pkg:npm/es6-promise@4.2.8"]},{"ref":"pkg:npm/undici-types@6.20.0","dependsOn":[]},{"ref":"pkg:npm/@types/node@22.13.4","dependsOn":["pkg:npm/undici-types@6.20.0"]},{"ref":"pkg:npm/asynckit@0.4.0","dependsOn":[]},{"ref":"pkg:npm/delayed-stream@1.0.0","dependsOn":[]},{"ref":"pkg:npm/combined-stream@1.0.8","dependsOn":["pkg:npm/delayed-stream@1.0.0"]},{"ref":"pkg:npm/mime-db@1.44.0","dependsOn":[]},{"ref":"pkg:npm/mime-types@2.1.27","dependsOn":["pkg:npm/mime-db@1.44.0"]},{"ref":"pkg:npm/form-data@4.0.0","dependsOn":["pkg:npm/asynckit@0.4.0","pkg:npm/combined-stream@1.0.8","pkg:npm/mime-types@2.1.27"]},{"ref":"pkg:npm/@types/node-fetch@2.6.11","dependsOn":["pkg:npm/@types/node@22.13.4","pkg:npm/form-data@4.0.0"]},{"ref":"pkg:npm/follow-redirects@1.15.6","dependsOn":[]},{"ref":"pkg:npm/proxy-from-env@1.1.0","dependsOn":[]},{"ref":"pkg:npm/axios@1.6.8","dependsOn":["pkg:npm/follow-redirects@1.15.6","pkg:npm/form-data@4.0.0","pkg:npm/proxy-from-env@1.1.0"]},{"ref":"pkg:npm/crypto@1.0.1","dependsOn":[]},{"ref":"pkg:npm/moment@2.30.1","dependsOn":[]},{"ref":"pkg:npm/memory-pager@1.5.0","dependsOn":[]},{"ref":"pkg:npm/sparse-bitfield@3.0.3","dependsOn":["pkg:npm/memory-pager@1.5.0"]},{"ref":"pkg:npm/@mongodb-js/saslprep@1.1.5","dependsOn":["pkg:npm/sparse-bitfield@3.0.3"]},{"ref":"pkg:npm/bson@6.4.0","dependsOn":[]},{"ref":"pkg:npm/@types/webidl-conversions@7.0.3","dependsOn":[]},{"ref":"pkg:npm/@types/whatwg-url@11.0.3","dependsOn":["pkg:npm/@types/webidl-conversions@7.0.3"]},{"ref":"pkg:npm/punycode@2.3.1","dependsOn":[]},{"ref":"pkg:npm/tr46@4.1.1","dependsOn":["pkg:npm/punycode@2.3.1"]},{"ref":"pkg:npm/webidl-conversions@7.0.0","dependsOn":[]},{"ref":"pkg:npm/whatwg-url@13.0.0","dependsOn":["pkg:npm/tr46@4.1.1","pkg:npm/webidl-conversions@7.0.0"]},{"ref":"pkg:npm/mongodb-connection-string-url@3.0.0","dependsOn":["pkg:npm/@types/whatwg-url@11.0.3","pkg:npm/whatwg-url@13.0.0"]},{"ref":"pkg:npm/mongodb@6.5.0","dependsOn":["pkg:npm/@mongodb-js/saslprep@1.1.5","pkg:npm/bson@6.4.0","pkg:npm/mongodb-connection-string-url@3.0.0"]},{"ref":"pkg:npm/data-uri-to-buffer@4.0.1","dependsOn":[]},{"ref":"pkg:npm/node-domexception@1.0.0","dependsOn":[]},{"ref":"pkg:npm/web-streams-polyfill@3.2.1","dependsOn":[]},{"ref":"pkg:npm/fetch-blob@3.2.0","dependsOn":["pkg:npm/node-domexception@1.0.0","pkg:npm/web-streams-polyfill@3.2.1"]},{"ref":"pkg:npm/formdata-polyfill@4.0.10","dependsOn":["pkg:npm/fetch-blob@3.2.0"]},{"ref":"pkg:npm/node-fetch@3.3.2","dependsOn":["pkg:npm/data-uri-to-buffer@4.0.1","pkg:npm/fetch-blob@3.2.0","pkg:npm/formdata-polyfill@4.0.10"]},{"ref":"pkg:npm/tstl@2.4.11","dependsOn":[]},{"ref":"pkg:npm/sxml@1.0.4","dependsOn":["pkg:npm/tstl@2.4.11"]},{"ref":"pkg:npm/typescript@5.4.3","dependsOn":[]},{"ref":"pkg:npm/uuid@13.0.0","dependsOn":[]},{"ref":"pkg:npm/triple-beam@1.4.1","dependsOn":[]},{"ref":"pkg:npm/@colors/colors@1.6.0","dependsOn":[]},{"ref":"pkg:npm/color-name@1.1.3","dependsOn":[]},{"ref":"pkg:npm/color-convert@1.9.3","dependsOn":["pkg:npm/color-name@1.1.3"]},{"ref":"pkg:npm/is-arrayish@0.3.2","dependsOn":[]},{"ref":"pkg:npm/simple-swizzle@0.2.2","dependsOn":["pkg:npm/is-arrayish@0.3.2"]},{"ref":"pkg:npm/color-string@1.9.0","dependsOn":["pkg:npm/color-name@1.1.3","pkg:npm/simple-swizzle@0.2.2"]},{"ref":"pkg:npm/color@3.2.1","dependsOn":["pkg:npm/color-convert@1.9.3","pkg:npm/color-string@1.9.0"]},{"ref":"pkg:npm/text-hex@1.0.0","dependsOn":[]},{"ref":"pkg:npm/colorspace@1.1.4","dependsOn":["pkg:npm/color@3.2.1","pkg:npm/text-hex@1.0.0"]},{"ref":"pkg:npm/enabled@2.0.0","dependsOn":[]},{"ref":"pkg:npm/kuler@2.0.0","dependsOn":[]},{"ref":"pkg:npm/@dabh/diagnostics@2.0.3","dependsOn":["pkg:npm/colorspace@1.1.4","pkg:npm/enabled@2.0.0","pkg:npm/kuler@2.0.0"]},{"ref":"pkg:npm/async@3.2.3","dependsOn":[]},{"ref":"pkg:npm/is-stream@2.0.1","dependsOn":[]},{"ref":"pkg:npm/@colors/colors@1.5.0","dependsOn":[]},{"ref":"pkg:npm/fecha@4.2.1","dependsOn":[]},{"ref":"pkg:npm/ms@2.1.3","dependsOn":[]},{"ref":"pkg:npm/safe-stable-stringify@2.3.1","dependsOn":[]},{"ref":"pkg:npm/logform@2.4.0","dependsOn":["pkg:npm/@colors/colors@1.5.0","pkg:npm/fecha@4.2.1","pkg:npm/ms@2.1.3","pkg:npm/safe-stable-stringify@2.3.1","pkg:npm/triple-beam@1.4.1"]},{"ref":"pkg:npm/fn.name@1.1.0","dependsOn":[]},{"ref":"pkg:npm/one-time@1.0.0","dependsOn":["pkg:npm/fn.name@1.1.0"]},{"ref":"pkg:npm/inherits@2.0.4","dependsOn":[]},{"ref":"pkg:npm/safe-buffer@5.1.2","dependsOn":[]},{"ref":"pkg:npm/string_decoder@1.1.1","dependsOn":["pkg:npm/safe-buffer@5.1.2"]},{"ref":"pkg:npm/util-deprecate@1.0.2","dependsOn":[]},{"ref":"pkg:npm/readable-stream@3.6.0","dependsOn":["pkg:npm/inherits@2.0.4","pkg:npm/string_decoder@1.1.1","pkg:npm/util-deprecate@1.0.2"]},{"ref":"pkg:npm/stack-trace@0.0.10","dependsOn":[]},{"ref":"pkg:npm/winston-transport@4.5.0","dependsOn":["pkg:npm/logform@2.4.0","pkg:npm/readable-stream@3.6.0","pkg:npm/triple-beam@1.4.1"]},{"ref":"pkg:npm/winston@3.11.0","dependsOn":["pkg:npm/@colors/colors@1.6.0","pkg:npm/@dabh/diagnostics@2.0.3","pkg:npm/async@3.2.3","pkg:npm/is-stream@2.0.1","pkg:npm/logform@2.4.0","pkg:npm/one-time@1.0.0","pkg:npm/readable-stream@3.6.0","pkg:npm/safe-stable-stringify@2.3.1","pkg:npm/stack-trace@0.0.10","pkg:npm/triple-beam@1.4.1","pkg:npm/winston-transport@4.5.0"]},{"ref":"pkg:npm/@loop/logger@3.0.16","dependsOn":["pkg:npm/triple-beam@1.4.1","pkg:npm/winston@3.11.0"]},{"ref":"pkg:npm/@types/uuid@11.0.0","dependsOn":["pkg:npm/uuid@13.0.0"]},{"ref":"pkg:npm/loopfixsharepoint@1.5.60","dependsOn":["pkg:npm/@loop/logger@3.0.16","pkg:npm/@types/dotenv@8.2.0","pkg:npm/@types/es6-promise@3.3.0","pkg:npm/@types/node-fetch@2.6.11","pkg:npm/@types/node@22.13.4","pkg:npm/@types/uuid@11.0.0","pkg:npm/axios@1.6.8","pkg:npm/crypto@1.0.1","pkg:npm/dotenv@17.0.0","pkg:npm/form-data@4.0.0","pkg:npm/moment@2.30.1","pkg:npm/mongodb@6.5.0","pkg:npm/node-fetch@3.3.2","pkg:npm/sxml@1.0.4","pkg:npm/typescript@5.4.3","pkg:npm/uuid@13.0.0"]}],"annotations":[{"bom-ref":"metadata-annotations","subjects":["pkg:npm/loopfixsharepoint@1.5.60"],"annotator":{"component":{"group":"@cyclonedx","name":"cdxgen","version":"11.7.0","purl":"pkg:npm/%40cyclonedx/cdxgen@11.7.0","type":"application","bom-ref":"pkg:npm/@cyclonedx/cdxgen@11.7.0","publisher":"OWASP Foundation","authors":[{"name":"OWASP Foundation"}]}},"timestamp":"2025-09-22T19:29:28Z","text":"This Software Bill-of-Materials (SBOM) document was created on Monday, September 22, 2025 with cdxgen. The data was captured during the build lifecycle phase. The document describes an application named 'loopfixsharepoint' with version '1.5.60'. There are 72 components. The package type in this SBOM is npm with 5 purl namespaces described under components. The components were identified from the source files: azdo-workspace/loopfixsharepointrights/package-lock.json."}]}