{"bomFormat":"CycloneDX","specVersion":"1.6","serialNumber":"urn:uuid:f62cc87b-9188-49e3-98d6-7d44e7d3934f","version":1,"metadata":{"timestamp":"2025-09-22T19:42:49Z","tools":{"components":[{"group":"@cyclonedx","name":"cdxgen","version":"11.7.0","purl":"pkg:npm/%40cyclonedx/cdxgen@11.7.0","type":"application","bom-ref":"pkg:npm/@cyclonedx/cdxgen@11.7.0","publisher":"OWASP Foundation","authors":[{"name":"OWASP Foundation"}]}]},"authors":[{"name":"OWASP Foundation"}],"lifecycles":[{"phase":"build"}],"properties":[]},"components":[],"services":[],"dependencies":[],"annotations":[]}