{"bomFormat":"CycloneDX","specVersion":"1.6","serialNumber":"urn:uuid:9b14797f-44c5-4696-8f5a-a0db6dc0ea45","version":1,"metadata":{"timestamp":"2025-09-22T17:27:22Z","tools":{"components":[{"group":"@cyclonedx","name":"cdxgen","version":"11.7.0","purl":"pkg:npm/%40cyclonedx/cdxgen@11.7.0","type":"application","bom-ref":"pkg:npm/@cyclonedx/cdxgen@11.7.0","publisher":"OWASP Foundation","authors":[{"name":"OWASP Foundation"}]}]},"authors":[{"name":"OWASP Foundation"}],"lifecycles":[{"phase":"build"}],"properties":[]},"components":[],"services":[],"dependencies":[],"annotations":[]}