{"bomFormat":"CycloneDX","specVersion":"1.6","serialNumber":"urn:uuid:ef299e64-cae0-447d-b1db-c20496510a1b","version":1,"metadata":{"timestamp":"2025-09-22T19:26:59Z","tools":{"components":[{"group":"@cyclonedx","name":"cdxgen","version":"11.7.0","purl":"pkg:npm/%40cyclonedx/cdxgen@11.7.0","type":"application","bom-ref":"pkg:npm/@cyclonedx/cdxgen@11.7.0","publisher":"OWASP Foundation","authors":[{"name":"OWASP Foundation"}]}]},"authors":[{"name":"OWASP Foundation"}],"lifecycles":[{"phase":"build"}],"properties":[]},"components":[],"services":[],"dependencies":[],"annotations":[]}