{"bomFormat":"CycloneDX","specVersion":"1.6","serialNumber":"urn:uuid:2a578c3f-92f2-4482-bef7-df5f9605b6e1","version":1,"metadata":{"timestamp":"2025-09-22T19:13:43Z","tools":{"components":[{"group":"@cyclonedx","name":"cdxgen","version":"11.7.0","purl":"pkg:npm/%40cyclonedx/cdxgen@11.7.0","type":"application","bom-ref":"pkg:npm/@cyclonedx/cdxgen@11.7.0","publisher":"OWASP Foundation","authors":[{"name":"OWASP Foundation"}]}]},"authors":[{"name":"OWASP Foundation"}],"lifecycles":[{"phase":"build"}],"component":{"name":"babylone-gitops","group":"","version":"1.35.1","description":"GitOps Babylone operations","purl":"pkg:npm/babylone-gitops@1.35.1","bom-ref":"pkg:npm/babylone-gitops@1.35.1","author":"Cegid ©","type":"application","licenses":[{"expression":"SEE LICENSE IN LICENSE"}]},"properties":[{"name":"cdx:bom:componentTypes","value":"npm"},{"name":"cdx:bom:componentNamespaces","value":"@cspell\\n@reteps"},{"name":"cdx:bom:componentSrcFiles","value":"azdo-workspace/Babylone-GitOps/package-lock.json"}]},"components":[{"group":"@cspell","name":"dict-fr-fr","version":"2.3.0","scope":"optional","hashes":[{"alg":"SHA-512","content":"3ac520a2723969657c8be0e63a5f0a3b47ea14b64564802f15a0b2b1744e798a127ee99d8aace606b82fe9434e22160c2017ecd8eb3752c33913af6c2e9a18f2"}],"licenses":[{"license":{"id":"MIT","url":"https://opensource.org/licenses/MIT"}}],"purl":"pkg:npm/%40cspell/dict-fr-fr@2.3.0","type":"library","bom-ref":"pkg:npm/@cspell/dict-fr-fr@2.3.0","properties":[{"name":"SrcFile","value":"azdo-workspace/Babylone-GitOps/package-lock.json"},{"name":"ResolvedUrl","value":"https://cegid.jfrog.io/cegid/api/npm/all-npm/@cspell/dict-fr-fr/-/dict-fr-fr-2.3.0.tgz"},{"name":"LocalNodeModulesPath","value":"node_modules/@cspell/dict-fr-fr"}],"evidence":{"identity":[{"field":"purl","confidence":1,"methods":[{"technique":"manifest-analysis","confidence":1,"value":"azdo-workspace/Babylone-GitOps/package-lock.json"}],"concludedValue":"azdo-workspace/Babylone-GitOps/package-lock.json"}]}},{"group":"","name":"husky","version":"9.1.7","scope":"optional","hashes":[{"alg":"SHA-512","content":"e60b39cad68d8c1ae1e4ec37cebbdd51463ed15c48b9654be22f62aede9fae257e06a7427e6575d4241358c8816161db5e1728f89d641df4ce52478f8420ef30"}],"licenses":[{"license":{"id":"MIT","url":"https://opensource.org/licenses/MIT"}}],"purl":"pkg:npm/husky@9.1.7","type":"library","bom-ref":"pkg:npm/husky@9.1.7","properties":[{"name":"SrcFile","value":"azdo-workspace/Babylone-GitOps/package-lock.json"},{"name":"ResolvedUrl","value":"https://cegid.jfrog.io/cegid/api/npm/all-npm/husky/-/husky-9.1.7.tgz"},{"name":"LocalNodeModulesPath","value":"node_modules/husky"},{"name":"cdx:npm:binPaths","value":"/Users/etienne/Developer/clients/shai_hulud/azdo-workspace/Babylone-GitOps/node_modules/.bin/husky"}],"evidence":{"identity":[{"field":"purl","confidence":1,"methods":[{"technique":"manifest-analysis","confidence":1,"value":"azdo-workspace/Babylone-GitOps/package-lock.json"}],"concludedValue":"azdo-workspace/Babylone-GitOps/package-lock.json"}]}},{"group":"","name":"prettier","version":"3.6.2","scope":"optional","hashes":[{"alg":"SHA-512","content":"23b0088396e802be51d0516d27aac27c3f8b16c587a7cd5da25ac50fc4bbf54f6d6fc033da71ab2677273129f2b3e6e94097d1533aacf619c0f35380037842b9"}],"licenses":[{"license":{"id":"MIT","url":"https://opensource.org/licenses/MIT"}}],"purl":"pkg:npm/prettier@3.6.2","type":"library","bom-ref":"pkg:npm/prettier@3.6.2","properties":[{"name":"SrcFile","value":"azdo-workspace/Babylone-GitOps/package-lock.json"},{"name":"ResolvedUrl","value":"https://cegid.jfrog.io/cegid/api/npm/all-npm/prettier/-/prettier-3.6.2.tgz"},{"name":"LocalNodeModulesPath","value":"node_modules/prettier"},{"name":"cdx:npm:binPaths","value":"/Users/etienne/Developer/clients/shai_hulud/azdo-workspace/Babylone-GitOps/node_modules/.bin/prettier"}],"evidence":{"identity":[{"field":"purl","confidence":1,"methods":[{"technique":"manifest-analysis","confidence":1,"value":"azdo-workspace/Babylone-GitOps/package-lock.json"}],"concludedValue":"azdo-workspace/Babylone-GitOps/package-lock.json"}]}},{"group":"","name":"prettier-plugin-sh","version":"0.18.0","scope":"optional","hashes":[{"alg":"SHA-512","content":"716d572f6ec538943fa861ce5ba207c1d0a235642c0202be7de03c57afb1513687d1c0f7321fad140b41bc4116bee63a8530f3455f78dc5cde8a2faa30e87b9d"}],"licenses":[{"license":{"id":"MIT","url":"https://opensource.org/licenses/MIT"}}],"purl":"pkg:npm/prettier-plugin-sh@0.18.0","type":"library","bom-ref":"pkg:npm/prettier-plugin-sh@0.18.0","properties":[{"name":"SrcFile","value":"azdo-workspace/Babylone-GitOps/package-lock.json"},{"name":"ResolvedUrl","value":"https://cegid.jfrog.io/cegid/api/npm/all-npm/prettier-plugin-sh/-/prettier-plugin-sh-0.18.0.tgz"},{"name":"LocalNodeModulesPath","value":"node_modules/prettier-plugin-sh"}],"evidence":{"identity":[{"field":"purl","confidence":1,"methods":[{"technique":"manifest-analysis","confidence":1,"value":"azdo-workspace/Babylone-GitOps/package-lock.json"}],"concludedValue":"azdo-workspace/Babylone-GitOps/package-lock.json"}]}},{"group":"@reteps","name":"dockerfmt","version":"0.3.6","scope":"optional","hashes":[{"alg":"SHA-512","content":"4dbe7020cbc17ff9cb7a34d0eb592b2bae38fc210c07f72989a2055ea180a5f1aa3b71b0711dea9c8d036e69055429763b2129f0b9cb5f7124b9ca0bd3eb5b16"}],"licenses":[{"license":{"id":"MIT","url":"https://opensource.org/licenses/MIT"}}],"purl":"pkg:npm/%40reteps/dockerfmt@0.3.6","type":"library","bom-ref":"pkg:npm/@reteps/dockerfmt@0.3.6","properties":[{"name":"SrcFile","value":"azdo-workspace/Babylone-GitOps/package-lock.json"},{"name":"ResolvedUrl","value":"https://cegid.jfrog.io/cegid/api/npm/all-npm/@reteps/dockerfmt/-/dockerfmt-0.3.6.tgz"},{"name":"LocalNodeModulesPath","value":"node_modules/@reteps/dockerfmt"}],"evidence":{"identity":[{"field":"purl","confidence":1,"methods":[{"technique":"manifest-analysis","confidence":1,"value":"azdo-workspace/Babylone-GitOps/package-lock.json"}],"concludedValue":"azdo-workspace/Babylone-GitOps/package-lock.json"}]}},{"group":"","name":"sh-syntax","version":"0.5.8","scope":"optional","hashes":[{"alg":"SHA-512","content":"25f568c5fe05c50239aa9b0f6e41e1668fa7e8df58309a1bca5e281845016ffdf5a106258138e45d00fc3c189a7d2d946d6a31ad33b46793c95015c43c01b567"}],"licenses":[{"license":{"id":"MIT","url":"https://opensource.org/licenses/MIT"}}],"purl":"pkg:npm/sh-syntax@0.5.8","type":"library","bom-ref":"pkg:npm/sh-syntax@0.5.8","properties":[{"name":"SrcFile","value":"azdo-workspace/Babylone-GitOps/package-lock.json"},{"name":"ResolvedUrl","value":"https://cegid.jfrog.io/cegid/api/npm/all-npm/sh-syntax/-/sh-syntax-0.5.8.tgz"},{"name":"LocalNodeModulesPath","value":"node_modules/sh-syntax"}],"evidence":{"identity":[{"field":"purl","confidence":1,"methods":[{"technique":"manifest-analysis","confidence":1,"value":"azdo-workspace/Babylone-GitOps/package-lock.json"}],"concludedValue":"azdo-workspace/Babylone-GitOps/package-lock.json"}]}},{"group":"","name":"tslib","version":"2.8.1","scope":"optional","hashes":[{"alg":"SHA-512","content":"a0916ef781d06fe29576e49440bef09e99aa9df98bb0e03f9c087a6fa107d30084a0ad3f98f79753a737c0a0d5f373243ae1cf447b525ca294f7d2016b34bfdb"}],"licenses":[{"license":{"id":"0BSD","url":"https://opensource.org/licenses/0BSD"}}],"purl":"pkg:npm/tslib@2.8.1","type":"library","bom-ref":"pkg:npm/tslib@2.8.1","properties":[{"name":"SrcFile","value":"azdo-workspace/Babylone-GitOps/package-lock.json"},{"name":"ResolvedUrl","value":"https://cegid.jfrog.io/cegid/api/npm/all-npm/tslib/-/tslib-2.8.1.tgz"},{"name":"LocalNodeModulesPath","value":"node_modules/tslib"}],"evidence":{"identity":[{"field":"purl","confidence":1,"methods":[{"technique":"manifest-analysis","confidence":1,"value":"azdo-workspace/Babylone-GitOps/package-lock.json"}],"concludedValue":"azdo-workspace/Babylone-GitOps/package-lock.json"}]}}],"services":[],"dependencies":[{"ref":"pkg:npm/@cspell/dict-fr-fr@2.3.0","dependsOn":[]},{"ref":"pkg:npm/husky@9.1.7","dependsOn":[]},{"ref":"pkg:npm/prettier@3.6.2","dependsOn":[]},{"ref":"pkg:npm/@reteps/dockerfmt@0.3.6","dependsOn":[]},{"ref":"pkg:npm/tslib@2.8.1","dependsOn":[]},{"ref":"pkg:npm/sh-syntax@0.5.8","dependsOn":["pkg:npm/tslib@2.8.1"]},{"ref":"pkg:npm/prettier-plugin-sh@0.18.0","dependsOn":["pkg:npm/@reteps/dockerfmt@0.3.6","pkg:npm/prettier@3.6.2","pkg:npm/sh-syntax@0.5.8"]},{"ref":"pkg:npm/babylone-gitops@1.35.1","dependsOn":["pkg:npm/@cspell/dict-fr-fr@2.3.0","pkg:npm/husky@9.1.7","pkg:npm/prettier-plugin-sh@0.18.0","pkg:npm/prettier@3.6.2"]}],"annotations":[{"bom-ref":"metadata-annotations","subjects":["pkg:npm/babylone-gitops@1.35.1"],"annotator":{"component":{"group":"@cyclonedx","name":"cdxgen","version":"11.7.0","purl":"pkg:npm/%40cyclonedx/cdxgen@11.7.0","type":"application","bom-ref":"pkg:npm/@cyclonedx/cdxgen@11.7.0","publisher":"OWASP Foundation","authors":[{"name":"OWASP Foundation"}]}},"timestamp":"2025-09-22T19:13:43Z","text":"This Software Bill-of-Materials (SBOM) document was created on Monday, September 22, 2025 with cdxgen. The data was captured during the build lifecycle phase. The document describes an application named 'babylone-gitops' with version '1.35.1'. There are 7 components. The package type in this SBOM is npm with 2 purl namespaces described under components. The components were identified from the source files: azdo-workspace/Babylone-GitOps/package-lock.json."}]}