{"bomFormat":"CycloneDX","specVersion":"1.6","serialNumber":"urn:uuid:55687b3e-7d10-4f24-b4bc-5018e3e8e482","version":1,"metadata":{"timestamp":"2025-09-22T19:27:33Z","tools":{"components":[{"group":"@cyclonedx","name":"cdxgen","version":"11.7.0","purl":"pkg:npm/%40cyclonedx/cdxgen@11.7.0","type":"application","bom-ref":"pkg:npm/@cyclonedx/cdxgen@11.7.0","publisher":"OWASP Foundation","authors":[{"name":"OWASP Foundation"}]}]},"authors":[{"name":"OWASP Foundation"}],"lifecycles":[{"phase":"build"}],"properties":[]},"components":[],"services":[],"dependencies":[],"annotations":[]}