{"bomFormat":"CycloneDX","specVersion":"1.6","serialNumber":"urn:uuid:26f4a975-71ed-4715-914d-817c48699e71","version":1,"metadata":{"timestamp":"2025-09-22T19:41:38Z","tools":{"components":[{"group":"@cyclonedx","name":"cdxgen","version":"11.7.0","purl":"pkg:npm/%40cyclonedx/cdxgen@11.7.0","type":"application","bom-ref":"pkg:npm/@cyclonedx/cdxgen@11.7.0","publisher":"OWASP Foundation","authors":[{"name":"OWASP Foundation"}]}]},"authors":[{"name":"OWASP Foundation"}],"lifecycles":[{"phase":"build"}],"component":{"group":"","name":"PIA-AI","version":"latest","type":"application","bom-ref":"pkg:pypi/pia-ai@latest","purl":"pkg:pypi/pia-ai@latest"},"properties":[{"name":"cdx:bom:componentTypes","value":"pypi"},{"name":"cdx:bom:componentSrcFiles","value":"PyPI package: Flask\\nPyPI package: Werkzeug\\nPyPI package: bson\\nPyPI package: joblib\\nPyPI package: nltk\\nPyPI package: numpy\\nPyPI package: pandas\\nPyPI package: psutil\\nPyPI package: pymongo\\nazdo-workspace/PIA-AI/ai_tests/requirements.txt\\nazdo-workspace/PIA-AI/prototypes/invoice_number_extraction/invoicenumber_predict/requirements.txt\\nazdo-workspace/PIA-AI/prototypes/kubeflow-investigation/requirements.txt\\nazdo-workspace/PIA-AI/services/account_class_predictor_train/requirements.txt\\nazdo-workspace/PIA-AI/services/account_class_preprocess/requirements.txt\\nazdo-workspace/PIA-AI/services/accountclassifier_predict/requirements.txt\\nazdo-workspace/PIA-AI/services/documentclassifier_predict/requirements.txt\\nazdo-workspace/PIA-AI/services/documentclassifier_train/requirements.txt\\nazdo-workspace/PIA-AI/services/multi_acc_class_predict/requirements.txt\\nazdo-workspace/PIA-AI/services/pdf_splitter_predict/requirements.txt\\nazdo-workspace/PIA-AI/services/qualityextraction_predict/requirements.txt\\nazdo-workspace/PIA-AI/services/sale_purchase_classifier_predict/requirements.txt\\nazdo-workspace/PIA-AI/services/supplierclass_predict/requirements.txt\\nazdo-workspace/PIA-AI/services/supplierclass_train/requirements.txt\\nazdo-workspace/PIA-AI/services/vat_reimbursable_classifier_predict/requirements.txt"}]},"components":[{"group":"","name":"scikit-learn","version":"0.23.1","description":"A set of python modules for machine learning and data mining","licenses":[{"expression":"OSI Approved"}],"purl":"pkg:pypi/scikit-learn@0.23.1","externalReferences":[{"type":"website","url":"http://scikit-learn.org"}],"type":"framework","bom-ref":"pkg:pypi/scikit-learn@0.23.1","properties":[{"name":"SrcFile","value":"azdo-workspace/PIA-AI/services/vat_reimbursable_classifier_predict/requirements.txt"},{"name":"SrcFile","value":"azdo-workspace/PIA-AI/services/sale_purchase_classifier_predict/requirements.txt"},{"name":"SrcFile","value":"azdo-workspace/PIA-AI/services/qualityextraction_predict/requirements.txt"},{"name":"SrcFile","value":"azdo-workspace/PIA-AI/prototypes/invoice_number_extraction/invoicenumber_predict/requirements.txt"}],"evidence":{"identity":[{"field":"purl","confidence":0.5,"methods":[{"technique":"manifest-analysis","confidence":0.5,"value":"azdo-workspace/PIA-AI/prototypes/invoice_number_extraction/invoicenumber_predict/requirements.txt"}],"concludedValue":"azdo-workspace/PIA-AI/prototypes/invoice_number_extraction/invoicenumber_predict/requirements.txt"}]},"tags":["framework"]},{"authors":[{"name":"Ayun Park <iamparkayun@gmail.com>"}],"group":"","name":"bson","version":"0.5.10","description":"BSON codec for Python","hashes":[{"alg":"SHA-256","content":"d6511b2ab051139a9123c184de1a04227262173ad593429d21e443d6462d6590"}],"licenses":[{"license":{"id":"0BSD","url":"https://opensource.org/licenses/0BSD"}}],"purl":"pkg:pypi/bson@0.5.10","externalReferences":[{"type":"vcs","url":"http://github.com/py-bson/bson"}],"type":"library","bom-ref":"pkg:pypi/bson@0.5.10","properties":[{"name":"SrcFile","value":"azdo-workspace/PIA-AI/services/supplierclass_train/requirements.txt"},{"name":"SrcFile","value":"azdo-workspace/PIA-AI/services/supplierclass_predict/requirements.txt"},{"name":"SrcFile","value":"azdo-workspace/PIA-AI/services/qualityextraction_predict/requirements.txt"},{"name":"SrcFile","value":"azdo-workspace/PIA-AI/services/multi_acc_class_predict/requirements.txt"},{"name":"SrcFile","value":"azdo-workspace/PIA-AI/services/accountclassifier_predict/requirements.txt"},{"name":"SrcFile","value":"azdo-workspace/PIA-AI/prototypes/kubeflow-investigation/requirements.txt"},{"name":"SrcFile","value":"azdo-workspace/PIA-AI/prototypes/invoice_number_extraction/invoicenumber_predict/requirements.txt"}],"evidence":{"identity":[{"field":"version","confidence":0.5,"methods":[{"technique":"source-code-analysis","confidence":0.5,"value":"PyPI package: bson"}],"concludedValue":"PyPI package: bson"}]},"tags":["codec"]},{"authors":[{"name":"NLTK Team <nltk.team@gmail.com>"}],"group":"","name":"nltk","version":"3.9.1","description":"Natural Language Toolkit","hashes":[{"alg":"SHA-256","content":"4fa26829c5b00715afe3061398a8989dc643b92ce7dd93fb4585a70930d168a1"}],"licenses":[{"license":{"id":"Apache-2.0","url":"https://opensource.org/licenses/Apache-2.0"}}],"purl":"pkg:pypi/nltk@3.9.1","externalReferences":[{"type":"website","url":"https://www.nltk.org/"}],"type":"library","bom-ref":"pkg:pypi/nltk@3.9.1","properties":[{"name":"SrcFile","value":"azdo-workspace/PIA-AI/services/supplierclass_train/requirements.txt"},{"name":"SrcFile","value":"azdo-workspace/PIA-AI/services/supplierclass_predict/requirements.txt"},{"name":"SrcFile","value":"azdo-workspace/PIA-AI/services/accountclassifier_predict/requirements.txt"}],"evidence":{"identity":[{"field":"version","confidence":0.5,"methods":[{"technique":"source-code-analysis","confidence":0.5,"value":"PyPI package: nltk"}],"concludedValue":"PyPI package: nltk"}]}},{"authors":[{"name":"The Pandas Development Team <pandas-dev@python.org>"}],"group":"","name":"pandas","version":"2.3.2","description":"Powerful data structures for data analysis, time series, and statistics","hashes":[{"alg":"SHA-256","content":"52bc29a946304c360561974c6542d1dd628ddafa69134a7131fdfd6a5d7a1a35"}],"licenses":[{"license":{"id":"0BSD","url":"https://opensource.org/licenses/0BSD"}},{"license":{"id":"Apache-2.0","url":"https://opensource.org/licenses/Apache-2.0"}}],"purl":"pkg:pypi/pandas@2.3.2","type":"framework","bom-ref":"pkg:pypi/pandas@2.3.2","properties":[{"name":"SrcFile","value":"azdo-workspace/PIA-AI/services/qualityextraction_predict/requirements.txt"},{"name":"SrcFile","value":"azdo-workspace/PIA-AI/prototypes/invoice_number_extraction/invoicenumber_predict/requirements.txt"}],"evidence":{"identity":[{"field":"version","confidence":0.5,"methods":[{"technique":"source-code-analysis","confidence":0.5,"value":"PyPI package: pandas"}],"concludedValue":"PyPI package: pandas"}]},"tags":["framework"]},{"authors":[{"name":"Travis E. Oliphant et al."}],"group":"","name":"numpy","version":"2.3.3","description":"Fundamental package for array computing in Python","hashes":[{"alg":"SHA-256","content":"0ffc4f5caba7dfcbe944ed674b7eef683c7e94874046454bb79ed7ee0236f59d"}],"licenses":[{"license":{"id":"0BSD","url":"https://opensource.org/licenses/0BSD"}},{"license":{"id":"Apache-2.0","url":"https://opensource.org/licenses/Apache-2.0"}}],"purl":"pkg:pypi/numpy@2.3.3","type":"framework","bom-ref":"pkg:pypi/numpy@2.3.3","properties":[{"name":"SrcFile","value":"azdo-workspace/PIA-AI/services/qualityextraction_predict/requirements.txt"},{"name":"SrcFile","value":"azdo-workspace/PIA-AI/prototypes/invoice_number_extraction/invoicenumber_predict/requirements.txt"}],"evidence":{"identity":[{"field":"version","confidence":0.5,"methods":[{"technique":"source-code-analysis","confidence":0.5,"value":"PyPI package: numpy"}],"concludedValue":"PyPI package: numpy"}]},"tags":["framework"]},{"authors":[{"name":"Gael Varoquaux <gael.varoquaux@normalesup.org>"}],"group":"","name":"joblib","version":"1.5.2","description":"Lightweight pipelining with Python functions","hashes":[{"alg":"SHA-256","content":"4e1f0bdbb987e6d843c70cf43714cb276623def372df3c22fe5266b2670bc241"}],"licenses":[{"license":{"id":"0BSD","url":"https://opensource.org/licenses/0BSD"}},{"license":{"id":"BSD-3-Clause","url":"https://opensource.org/licenses/BSD-3-Clause"}}],"purl":"pkg:pypi/joblib@1.5.2","type":"library","bom-ref":"pkg:pypi/joblib@1.5.2","properties":[{"name":"SrcFile","value":"azdo-workspace/PIA-AI/services/qualityextraction_predict/requirements.txt"},{"name":"SrcFile","value":"azdo-workspace/PIA-AI/prototypes/invoice_number_extraction/invoicenumber_predict/requirements.txt"}],"evidence":{"identity":[{"field":"version","confidence":0.5,"methods":[{"technique":"source-code-analysis","confidence":0.5,"value":"PyPI package: joblib"}],"concludedValue":"PyPI package: joblib"}]}},{"group":"","name":"xgboost","version":"1.0.0","description":"XGBoost Python Package","licenses":[{"license":{"id":"Apache-2.0","url":"https://opensource.org/licenses/Apache-2.0"}}],"purl":"pkg:pypi/xgboost@1.0.0","externalReferences":[{"type":"vcs","url":"https://github.com/dmlc/xgboost"}],"type":"library","bom-ref":"pkg:pypi/xgboost@1.0.0","properties":[{"name":"SrcFile","value":"azdo-workspace/PIA-AI/services/pdf_splitter_predict/requirements.txt"}],"evidence":{"identity":[{"field":"purl","confidence":0.5,"methods":[{"technique":"manifest-analysis","confidence":0.5,"value":"azdo-workspace/PIA-AI/services/pdf_splitter_predict/requirements.txt"}],"concludedValue":"azdo-workspace/PIA-AI/services/pdf_splitter_predict/requirements.txt"}]}},{"authors":[{"name":"Steven Bird <stevenbird1@gmail.com>"}],"group":"","name":"nltk","version":"3.5","description":"Natural Language Toolkit","licenses":[{"license":{"id":"Apache-2.0","url":"https://opensource.org/licenses/Apache-2.0"}}],"purl":"pkg:pypi/nltk@3.5","externalReferences":[{"type":"website","url":"http://nltk.org/"}],"type":"library","bom-ref":"pkg:pypi/nltk@3.5","properties":[{"name":"SrcFile","value":"azdo-workspace/PIA-AI/services/multi_acc_class_predict/requirements.txt"}],"evidence":{"identity":[{"field":"purl","confidence":0.5,"methods":[{"technique":"manifest-analysis","confidence":0.5,"value":"azdo-workspace/PIA-AI/services/multi_acc_class_predict/requirements.txt"}],"concludedValue":"azdo-workspace/PIA-AI/services/multi_acc_class_predict/requirements.txt"}]}},{"authors":[{"name":"Sebastian Raschka <mail@sebastianraschka.com>"}],"group":"","name":"mlxtend","version":"0.18.0","description":"Machine Learning Library Extensions","licenses":[{"license":{"id":"0BSD","url":"https://opensource.org/licenses/0BSD"}},{"license":{"id":"BSD-3-Clause","url":"https://opensource.org/licenses/BSD-3-Clause"}}],"purl":"pkg:pypi/mlxtend@0.18.0","externalReferences":[{"type":"vcs","url":"https://github.com/rasbt/mlxtend"}],"type":"library","bom-ref":"pkg:pypi/mlxtend@0.18.0","properties":[{"name":"SrcFile","value":"azdo-workspace/PIA-AI/services/multi_acc_class_predict/requirements.txt"}],"evidence":{"identity":[{"field":"purl","confidence":0.5,"methods":[{"technique":"manifest-analysis","confidence":0.5,"value":"azdo-workspace/PIA-AI/services/multi_acc_class_predict/requirements.txt"}],"concludedValue":"azdo-workspace/PIA-AI/services/multi_acc_class_predict/requirements.txt"}]}},{"authors":[{"name":"wbond <will@wbond.net>"}],"group":"","name":"asn1crypto","version":"0.24.0","description":"Fast ASN.1 parser and serializer with definitions for private keys, public keys, certificates, CRL, OCSP, CMS, PKCS#3, PKCS#7, PKCS#8, PKCS#12, PKCS#5, X.509 and TSP","licenses":[{"license":{"id":"MIT","url":"https://opensource.org/licenses/MIT"}}],"purl":"pkg:pypi/asn1crypto@0.24.0","externalReferences":[{"type":"vcs","url":"https://github.com/wbond/asn1crypto"}],"type":"library","bom-ref":"pkg:pypi/asn1crypto@0.24.0","properties":[{"name":"SrcFile","value":"azdo-workspace/PIA-AI/services/multi_acc_class_predict/requirements.txt"}],"evidence":{"identity":[{"field":"purl","confidence":0.5,"methods":[{"technique":"manifest-analysis","confidence":0.5,"value":"azdo-workspace/PIA-AI/services/multi_acc_class_predict/requirements.txt"}],"concludedValue":"azdo-workspace/PIA-AI/services/multi_acc_class_predict/requirements.txt"}]}},{"authors":[{"name":"Microsoft Corporation <azpysdkhelp@microsoft.com>"}],"group":"","name":"azure-common","version":"1.1.13","description":"Microsoft Azure Client Library for Python (Common)","licenses":[{"license":{"id":"MIT","url":"https://opensource.org/licenses/MIT"}}],"purl":"pkg:pypi/azure-common@1.1.13","externalReferences":[{"type":"vcs","url":"https://github.com/Azure/azure-sdk-for-python"}],"type":"framework","bom-ref":"pkg:pypi/azure-common@1.1.13","properties":[{"name":"SrcFile","value":"azdo-workspace/PIA-AI/services/multi_acc_class_predict/requirements.txt"}],"evidence":{"identity":[{"field":"purl","confidence":0.5,"methods":[{"technique":"manifest-analysis","confidence":0.5,"value":"azdo-workspace/PIA-AI/services/multi_acc_class_predict/requirements.txt"}],"concludedValue":"azdo-workspace/PIA-AI/services/multi_acc_class_predict/requirements.txt"}]},"tags":["azure","framework"]},{"authors":[{"name":"Microsoft Corporation <ptvshelp@microsoft.com>"}],"group":"","name":"azure-nspkg","version":"2.0.0","description":"Microsoft Azure Namespace Package [Internal]","licenses":[{"license":{"id":"MIT","url":"https://opensource.org/licenses/MIT"}}],"purl":"pkg:pypi/azure-nspkg@2.0.0","externalReferences":[{"type":"vcs","url":"https://github.com/Azure/azure-sdk-for-python"}],"type":"framework","bom-ref":"pkg:pypi/azure-nspkg@2.0.0","properties":[{"name":"SrcFile","value":"azdo-workspace/PIA-AI/services/multi_acc_class_predict/requirements.txt"}],"evidence":{"identity":[{"field":"purl","confidence":0.5,"methods":[{"technique":"manifest-analysis","confidence":0.5,"value":"azdo-workspace/PIA-AI/services/multi_acc_class_predict/requirements.txt"}],"concludedValue":"azdo-workspace/PIA-AI/services/multi_acc_class_predict/requirements.txt"}]},"tags":["azure","framework"]},{"authors":[{"name":"Microsoft Corporation <ascl@microsoft.com>"}],"group":"","name":"azure-storage-blob","version":"1.3.0","description":"Microsoft Azure Storage Blob Client Library for Python","licenses":[{"license":{"id":"MIT","url":"https://opensource.org/licenses/MIT"}}],"purl":"pkg:pypi/azure-storage-blob@1.3.0","externalReferences":[{"type":"vcs","url":"https://github.com/Azure/azure-storage-python"}],"type":"framework","bom-ref":"pkg:pypi/azure-storage-blob@1.3.0","properties":[{"name":"SrcFile","value":"azdo-workspace/PIA-AI/services/multi_acc_class_predict/requirements.txt"}],"evidence":{"identity":[{"field":"purl","confidence":0.5,"methods":[{"technique":"manifest-analysis","confidence":0.5,"value":"azdo-workspace/PIA-AI/services/multi_acc_class_predict/requirements.txt"}],"concludedValue":"azdo-workspace/PIA-AI/services/multi_acc_class_predict/requirements.txt"}]},"tags":["azure","framework"]},{"authors":[{"name":"Microsoft Corporation <ascl@microsoft.com>"}],"group":"","name":"azure-storage-common","version":"1.3.0","description":"Microsoft Azure Storage Common Client Library for Python","licenses":[{"license":{"id":"MIT","url":"https://opensource.org/licenses/MIT"}}],"purl":"pkg:pypi/azure-storage-common@1.3.0","externalReferences":[{"type":"vcs","url":"https://github.com/Azure/azure-storage-python"}],"type":"framework","bom-ref":"pkg:pypi/azure-storage-common@1.3.0","properties":[{"name":"SrcFile","value":"azdo-workspace/PIA-AI/services/multi_acc_class_predict/requirements.txt"}],"evidence":{"identity":[{"field":"purl","confidence":0.5,"methods":[{"technique":"manifest-analysis","confidence":0.5,"value":"azdo-workspace/PIA-AI/services/multi_acc_class_predict/requirements.txt"}],"concludedValue":"azdo-workspace/PIA-AI/services/multi_acc_class_predict/requirements.txt"}]},"tags":["azure","framework"]},{"authors":[{"name":"Microsoft Corporation <ascl@microsoft.com>"}],"group":"","name":"azure-storage-file","version":"1.3.0","description":"Microsoft Azure Storage File Client Library for Python","licenses":[{"license":{"id":"MIT","url":"https://opensource.org/licenses/MIT"}}],"purl":"pkg:pypi/azure-storage-file@1.3.0","externalReferences":[{"type":"vcs","url":"https://github.com/Azure/azure-storage-python"}],"type":"framework","bom-ref":"pkg:pypi/azure-storage-file@1.3.0","properties":[{"name":"SrcFile","value":"azdo-workspace/PIA-AI/services/multi_acc_class_predict/requirements.txt"}],"evidence":{"identity":[{"field":"purl","confidence":0.5,"methods":[{"technique":"manifest-analysis","confidence":0.5,"value":"azdo-workspace/PIA-AI/services/multi_acc_class_predict/requirements.txt"}],"concludedValue":"azdo-workspace/PIA-AI/services/multi_acc_class_predict/requirements.txt"}]},"tags":["azure","framework"]},{"authors":[{"name":"Microsoft Corporation <ascl@microsoft.com>"}],"group":"","name":"azure-storage-nspkg","version":"3.0.0","description":"Microsoft Azure Storage Namespace Package [Internal]","licenses":[{"license":{"id":"MIT","url":"https://opensource.org/licenses/MIT"}}],"purl":"pkg:pypi/azure-storage-nspkg@3.0.0","externalReferences":[{"type":"vcs","url":"https://github.com/Azure/azure-storage-python"}],"type":"framework","bom-ref":"pkg:pypi/azure-storage-nspkg@3.0.0","properties":[{"name":"SrcFile","value":"azdo-workspace/PIA-AI/services/multi_acc_class_predict/requirements.txt"}],"evidence":{"identity":[{"field":"purl","confidence":0.5,"methods":[{"technique":"manifest-analysis","confidence":0.5,"value":"azdo-workspace/PIA-AI/services/multi_acc_class_predict/requirements.txt"}],"concludedValue":"azdo-workspace/PIA-AI/services/multi_acc_class_predict/requirements.txt"}]},"tags":["azure","framework"]},{"authors":[{"name":"Microsoft Corporation <ascl@microsoft.com>"}],"group":"","name":"azure-storage-queue","version":"1.3.0","description":"Microsoft Azure Storage Queue Client Library for Python","licenses":[{"license":{"id":"MIT","url":"https://opensource.org/licenses/MIT"}}],"purl":"pkg:pypi/azure-storage-queue@1.3.0","externalReferences":[{"type":"vcs","url":"https://github.com/Azure/azure-storage-python"}],"type":"framework","bom-ref":"pkg:pypi/azure-storage-queue@1.3.0","properties":[{"name":"SrcFile","value":"azdo-workspace/PIA-AI/services/multi_acc_class_predict/requirements.txt"}],"evidence":{"identity":[{"field":"purl","confidence":0.5,"methods":[{"technique":"manifest-analysis","confidence":0.5,"value":"azdo-workspace/PIA-AI/services/multi_acc_class_predict/requirements.txt"}],"concludedValue":"azdo-workspace/PIA-AI/services/multi_acc_class_predict/requirements.txt"}]},"tags":["azure","framework"]},{"authors":[{"name":"Nadeem Vawda <nadeem.vawda@gmail.com>"}],"group":"","name":"bz2file","version":"0.98","description":"Read and write bzip2-compressed files.","licenses":[{"license":{"id":"Apache-2.0","url":"https://opensource.org/licenses/Apache-2.0"}}],"purl":"pkg:pypi/bz2file@0.98","externalReferences":[{"type":"vcs","url":"https://github.com/nvawda/bz2file"}],"type":"library","bom-ref":"pkg:pypi/bz2file@0.98","properties":[{"name":"SrcFile","value":"azdo-workspace/PIA-AI/services/multi_acc_class_predict/requirements.txt"},{"name":"SrcFile","value":"azdo-workspace/PIA-AI/prototypes/kubeflow-investigation/requirements.txt"}],"evidence":{"identity":[{"field":"purl","confidence":0.5,"methods":[{"technique":"manifest-analysis","confidence":0.5,"value":"azdo-workspace/PIA-AI/prototypes/kubeflow-investigation/requirements.txt"}],"concludedValue":"azdo-workspace/PIA-AI/prototypes/kubeflow-investigation/requirements.txt"}]}},{"authors":[{"name":"Kenneth Reitz <me@kennethreitz.com>"}],"group":"","name":"certifi","version":"2019.3.9","description":"Python package for providing Mozilla's CA Bundle.","licenses":[{"license":{"id":"MPL-2.0","url":"https://opensource.org/licenses/MPL-2.0"}}],"purl":"pkg:pypi/certifi@2019.3.9","externalReferences":[{"type":"website","url":"https://certifi.io/"}],"type":"library","bom-ref":"pkg:pypi/certifi@2019.3.9","properties":[{"name":"SrcFile","value":"azdo-workspace/PIA-AI/services/multi_acc_class_predict/requirements.txt"}],"evidence":{"identity":[{"field":"purl","confidence":0.5,"methods":[{"technique":"manifest-analysis","confidence":0.5,"value":"azdo-workspace/PIA-AI/services/multi_acc_class_predict/requirements.txt"}],"concludedValue":"azdo-workspace/PIA-AI/services/multi_acc_class_predict/requirements.txt"}]},"tags":["bundle"]},{"authors":[{"name":"Daniel Blanchard <dan.blanchard@gmail.com>"}],"group":"","name":"chardet","version":"3.0.4","description":"Universal encoding detector for Python 2 and 3","licenses":[{"license":{"id":"LGPL-2.1-only","url":"https://opensource.org/licenses/LGPL-2.1-only"}},{"license":{"name":"LGPL"}}],"purl":"pkg:pypi/chardet@3.0.4","externalReferences":[{"type":"vcs","url":"https://github.com/chardet/chardet"}],"type":"library","bom-ref":"pkg:pypi/chardet@3.0.4","properties":[{"name":"SrcFile","value":"azdo-workspace/PIA-AI/services/multi_acc_class_predict/requirements.txt"}],"evidence":{"identity":[{"field":"purl","confidence":0.5,"methods":[{"technique":"manifest-analysis","confidence":0.5,"value":"azdo-workspace/PIA-AI/services/multi_acc_class_predict/requirements.txt"}],"concludedValue":"azdo-workspace/PIA-AI/services/multi_acc_class_predict/requirements.txt"}]}},{"authors":[{"name":"Armin Ronacher <armin.ronacher@active-4.com>"}],"group":"","name":"click","version":"7.0","description":"Composable command line interface toolkit","licenses":[{"license":{"id":"0BSD","url":"https://opensource.org/licenses/0BSD"}}],"purl":"pkg:pypi/click@7.0","externalReferences":[{"type":"website","url":"https://palletsprojects.com/p/click/"}],"type":"library","bom-ref":"pkg:pypi/click@7.0","properties":[{"name":"SrcFile","value":"azdo-workspace/PIA-AI/services/multi_acc_class_predict/requirements.txt"}],"evidence":{"identity":[{"field":"purl","confidence":0.5,"methods":[{"technique":"manifest-analysis","confidence":0.5,"value":"azdo-workspace/PIA-AI/services/multi_acc_class_predict/requirements.txt"}],"concludedValue":"azdo-workspace/PIA-AI/services/multi_acc_class_predict/requirements.txt"}]}},{"authors":[{"name":"The cryptography developers <cryptography-dev@python.org>"}],"group":"","name":"cryptography","version":"2.6.1","description":"cryptography is a package which provides cryptographic recipes and primitives to Python developers.","licenses":[{"expression":"BSD or Apache License, Version 2.0"}],"purl":"pkg:pypi/cryptography@2.6.1","externalReferences":[{"type":"vcs","url":"https://github.com/pyca/cryptography"}],"type":"library","bom-ref":"pkg:pypi/cryptography@2.6.1","properties":[{"name":"SrcFile","value":"azdo-workspace/PIA-AI/services/multi_acc_class_predict/requirements.txt"}],"evidence":{"identity":[{"field":"purl","confidence":0.5,"methods":[{"technique":"manifest-analysis","confidence":0.5,"value":"azdo-workspace/PIA-AI/services/multi_acc_class_predict/requirements.txt"}],"concludedValue":"azdo-workspace/PIA-AI/services/multi_acc_class_predict/requirements.txt"}]}},{"authors":[{"name":"Thomas A Caswell <matplotlib-users@python.org>"}],"group":"","name":"cycler","version":"0.10.0","description":"Composable style cycles","licenses":[{"license":{"id":"0BSD","url":"https://opensource.org/licenses/0BSD"}}],"purl":"pkg:pypi/cycler@0.10.0","externalReferences":[{"type":"vcs","url":"http://github.com/matplotlib/cycler"}],"type":"library","bom-ref":"pkg:pypi/cycler@0.10.0","properties":[{"name":"SrcFile","value":"azdo-workspace/PIA-AI/services/multi_acc_class_predict/requirements.txt"}],"evidence":{"identity":[{"field":"purl","confidence":0.5,"methods":[{"technique":"manifest-analysis","confidence":0.5,"value":"azdo-workspace/PIA-AI/services/multi_acc_class_predict/requirements.txt"}],"concludedValue":"azdo-workspace/PIA-AI/services/multi_acc_class_predict/requirements.txt"}]}},{"group":"","name":"Flask","version":"3.1.2","description":"A simple framework for building complex web applications.","hashes":[{"alg":"SHA-256","content":"ca1d8112ec8a6158cc29ea4858963350011b5c846a414cdb7a954aa9e967d03c"}],"licenses":[{"license":{"id":"BSD-3-Clause","url":"https://opensource.org/licenses/BSD-3-Clause"}}],"purl":"pkg:pypi/flask@3.1.2","type":"framework","bom-ref":"pkg:pypi/flask@3.1.2","properties":[{"name":"SrcFile","value":"azdo-workspace/PIA-AI/services/multi_acc_class_predict/requirements.txt"}],"evidence":{"identity":[{"field":"version","confidence":0.5,"methods":[{"technique":"source-code-analysis","confidence":0.5,"value":"PyPI package: Flask"}],"concludedValue":"PyPI package: Flask"}]},"tags":["framework","web"]},{"authors":[{"name":"Benoit Chesneau <benoitc@e-engura.com>"}],"group":"","name":"gunicorn","version":"19.9.0","description":"WSGI HTTP Server for UNIX","licenses":[{"license":{"id":"MIT","url":"https://opensource.org/licenses/MIT"}}],"purl":"pkg:pypi/gunicorn@19.9.0","externalReferences":[{"type":"website","url":"http://gunicorn.org"}],"type":"library","bom-ref":"pkg:pypi/gunicorn@19.9.0","properties":[{"name":"SrcFile","value":"azdo-workspace/PIA-AI/services/multi_acc_class_predict/requirements.txt"}],"evidence":{"identity":[{"field":"purl","confidence":0.5,"methods":[{"technique":"manifest-analysis","confidence":0.5,"value":"azdo-workspace/PIA-AI/services/multi_acc_class_predict/requirements.txt"}],"concludedValue":"azdo-workspace/PIA-AI/services/multi_acc_class_predict/requirements.txt"}]}},{"authors":[{"name":"Kim Davies <kim@cynosure.com.au>"}],"group":"","name":"idna","version":"2.8","description":"Internationalized Domain Names in Applications (IDNA)","licenses":[{"license":{"id":"0BSD","url":"https://opensource.org/licenses/0BSD"}}],"purl":"pkg:pypi/idna@2.8","externalReferences":[{"type":"vcs","url":"https://github.com/kjd/idna"}],"type":"library","bom-ref":"pkg:pypi/idna@2.8","properties":[{"name":"SrcFile","value":"azdo-workspace/PIA-AI/services/multi_acc_class_predict/requirements.txt"}],"evidence":{"identity":[{"field":"purl","confidence":0.5,"methods":[{"technique":"manifest-analysis","confidence":0.5,"value":"azdo-workspace/PIA-AI/services/multi_acc_class_predict/requirements.txt"}],"concludedValue":"azdo-workspace/PIA-AI/services/multi_acc_class_predict/requirements.txt"}]}},{"authors":[{"name":"Armin Ronacher <armin.ronacher@active-4.com>"}],"group":"","name":"itsdangerous","version":"1.1.0","description":"Various helpers to pass data to untrusted environments and back.","licenses":[{"license":{"id":"0BSD","url":"https://opensource.org/licenses/0BSD"}}],"purl":"pkg:pypi/itsdangerous@1.1.0","externalReferences":[{"type":"website","url":"https://palletsprojects.com/p/itsdangerous/"}],"type":"library","bom-ref":"pkg:pypi/itsdangerous@1.1.0","properties":[{"name":"SrcFile","value":"azdo-workspace/PIA-AI/services/multi_acc_class_predict/requirements.txt"}],"evidence":{"identity":[{"field":"purl","confidence":0.5,"methods":[{"technique":"manifest-analysis","confidence":0.5,"value":"azdo-workspace/PIA-AI/services/multi_acc_class_predict/requirements.txt"}],"concludedValue":"azdo-workspace/PIA-AI/services/multi_acc_class_predict/requirements.txt"}]}},{"authors":[{"name":"Armin Ronacher <armin.ronacher@active-4.com>"}],"group":"","name":"Jinja2","version":"2.10.1","description":"A small but fast and easy to use stand-alone template engine written in pure python.","licenses":[{"license":{"id":"0BSD","url":"https://opensource.org/licenses/0BSD"}}],"purl":"pkg:pypi/jinja2@2.10.1","externalReferences":[{"type":"website","url":"http://jinja.pocoo.org/"}],"type":"library","bom-ref":"pkg:pypi/jinja2@2.10.1","properties":[{"name":"SrcFile","value":"azdo-workspace/PIA-AI/services/multi_acc_class_predict/requirements.txt"}],"evidence":{"identity":[{"field":"purl","confidence":0.5,"methods":[{"technique":"manifest-analysis","confidence":0.5,"value":"azdo-workspace/PIA-AI/services/multi_acc_class_predict/requirements.txt"}],"concludedValue":"azdo-workspace/PIA-AI/services/multi_acc_class_predict/requirements.txt"}]},"tags":["template"]},{"authors":[{"name":"Gael Varoquaux <gael.varoquaux@normalesup.org>"}],"group":"","name":"joblib","version":"1.0.0","description":"Lightweight pipelining with Python functions","licenses":[{"license":{"id":"0BSD","url":"https://opensource.org/licenses/0BSD"}}],"purl":"pkg:pypi/joblib@1.0.0","externalReferences":[{"type":"website","url":"https://joblib.readthedocs.io"}],"type":"library","bom-ref":"pkg:pypi/joblib@1.0.0","properties":[{"name":"SrcFile","value":"azdo-workspace/PIA-AI/services/multi_acc_class_predict/requirements.txt"}],"evidence":{"identity":[{"field":"purl","confidence":0.5,"methods":[{"technique":"manifest-analysis","confidence":0.5,"value":"azdo-workspace/PIA-AI/services/multi_acc_class_predict/requirements.txt"}],"concludedValue":"azdo-workspace/PIA-AI/services/multi_acc_class_predict/requirements.txt"}]}},{"authors":[{"name":"The Nucleic Development Team <sccolbert@gmail.com>"}],"group":"","name":"kiwisolver","version":"1.3.1","description":"A fast implementation of the Cassowary constraint solver","licenses":[{"license":{"id":"0BSD","url":"https://opensource.org/licenses/0BSD"}}],"purl":"pkg:pypi/kiwisolver@1.3.1","externalReferences":[{"type":"vcs","url":"https://github.com/nucleic/kiwi"}],"type":"library","bom-ref":"pkg:pypi/kiwisolver@1.3.1","properties":[{"name":"SrcFile","value":"azdo-workspace/PIA-AI/services/multi_acc_class_predict/requirements.txt"}],"evidence":{"identity":[{"field":"purl","confidence":0.5,"methods":[{"technique":"manifest-analysis","confidence":0.5,"value":"azdo-workspace/PIA-AI/services/multi_acc_class_predict/requirements.txt"}],"concludedValue":"azdo-workspace/PIA-AI/services/multi_acc_class_predict/requirements.txt"}]}},{"authors":[{"name":"Armin Ronacher <armin.ronacher@active-4.com>"}],"group":"","name":"MarkupSafe","version":"1.1.1","description":"Safely add untrusted strings to HTML/XML markup.","licenses":[{"license":{"id":"0BSD","url":"https://opensource.org/licenses/0BSD"}},{"license":{"id":"BSD-3-Clause","url":"https://opensource.org/licenses/BSD-3-Clause"}}],"purl":"pkg:pypi/markupsafe@1.1.1","externalReferences":[{"type":"website","url":"https://palletsprojects.com/p/markupsafe/"}],"type":"library","bom-ref":"pkg:pypi/markupsafe@1.1.1","properties":[{"name":"SrcFile","value":"azdo-workspace/PIA-AI/services/multi_acc_class_predict/requirements.txt"}],"evidence":{"identity":[{"field":"purl","confidence":0.5,"methods":[{"technique":"manifest-analysis","confidence":0.5,"value":"azdo-workspace/PIA-AI/services/multi_acc_class_predict/requirements.txt"}],"concludedValue":"azdo-workspace/PIA-AI/services/multi_acc_class_predict/requirements.txt"}]}},{"authors":[{"name":"John D. Hunter"},{"name":" Michael Droettboom <matplotlib-users@python.org>"}],"group":"","name":"matplotlib","version":"3.3.3","description":"Python plotting package","licenses":[{"license":{"id":"PSF-2.0","url":"https://opensource.org/licenses/PSF-2.0"}},{"license":{"name":"PSF"}}],"purl":"pkg:pypi/matplotlib@3.3.3","externalReferences":[{"type":"website","url":"https://matplotlib.org"}],"type":"framework","bom-ref":"pkg:pypi/matplotlib@3.3.3","properties":[{"name":"SrcFile","value":"azdo-workspace/PIA-AI/services/multi_acc_class_predict/requirements.txt"}],"evidence":{"identity":[{"field":"purl","confidence":0.5,"methods":[{"technique":"manifest-analysis","confidence":0.5,"value":"azdo-workspace/PIA-AI/services/multi_acc_class_predict/requirements.txt"}],"concludedValue":"azdo-workspace/PIA-AI/services/multi_acc_class_predict/requirements.txt"}]},"tags":["framework"]},{"authors":[{"name":"Travis E. Oliphant et al."}],"group":"","name":"numpy","version":"1.19.5","description":"NumPy is the fundamental package for array computing with Python.","licenses":[{"expression":"OSI Approved"}],"purl":"pkg:pypi/numpy@1.19.5","externalReferences":[{"type":"website","url":"https://www.numpy.org"}],"type":"framework","bom-ref":"pkg:pypi/numpy@1.19.5","properties":[{"name":"SrcFile","value":"azdo-workspace/PIA-AI/services/multi_acc_class_predict/requirements.txt"}],"evidence":{"identity":[{"field":"purl","confidence":0.5,"methods":[{"technique":"manifest-analysis","confidence":0.5,"value":"azdo-workspace/PIA-AI/services/multi_acc_class_predict/requirements.txt"}],"concludedValue":"azdo-workspace/PIA-AI/services/multi_acc_class_predict/requirements.txt"}]},"tags":["framework"]},{"group":"","name":"pandas","version":"1.2.1","description":"Powerful data structures for data analysis, time series, and statistics","licenses":[{"license":{"id":"0BSD","url":"https://opensource.org/licenses/0BSD"}}],"purl":"pkg:pypi/pandas@1.2.1","externalReferences":[{"type":"website","url":"https://pandas.pydata.org"}],"type":"framework","bom-ref":"pkg:pypi/pandas@1.2.1","properties":[{"name":"SrcFile","value":"azdo-workspace/PIA-AI/services/multi_acc_class_predict/requirements.txt"}],"evidence":{"identity":[{"field":"purl","confidence":0.5,"methods":[{"technique":"manifest-analysis","confidence":0.5,"value":"azdo-workspace/PIA-AI/services/multi_acc_class_predict/requirements.txt"}],"concludedValue":"azdo-workspace/PIA-AI/services/multi_acc_class_predict/requirements.txt"}]},"tags":["framework"]},{"authors":[{"name":"Alex Clark (PIL Fork Author) <aclark@python-pillow.org>"}],"group":"","name":"pillow","version":"8.1.0","description":"Python Imaging Library (Fork)","licenses":[{"expression":"Historical Permission Notice and Disclaimer (HPND)"}],"purl":"pkg:pypi/pillow@8.1.0","externalReferences":[{"type":"website","url":"https://python-pillow.org"}],"type":"library","bom-ref":"pkg:pypi/pillow@8.1.0","properties":[{"name":"SrcFile","value":"azdo-workspace/PIA-AI/services/multi_acc_class_predict/requirements.txt"}],"evidence":{"identity":[{"field":"purl","confidence":0.5,"methods":[{"technique":"manifest-analysis","confidence":0.5,"value":"azdo-workspace/PIA-AI/services/multi_acc_class_predict/requirements.txt"}],"concludedValue":"azdo-workspace/PIA-AI/services/multi_acc_class_predict/requirements.txt"}]}},{"authors":[{"name":"Brian Brazil <brian.brazil@robustperception.io>"}],"group":"","name":"prometheus-client","version":"0.3.1","description":"Python client for the Prometheus monitoring system.","licenses":[{"expression":"Apache Software License 2.0"}],"purl":"pkg:pypi/prometheus-client@0.3.1","externalReferences":[{"type":"vcs","url":"https://github.com/prometheus/client_python"}],"type":"library","bom-ref":"pkg:pypi/prometheus-client@0.3.1","properties":[{"name":"SrcFile","value":"azdo-workspace/PIA-AI/services/multi_acc_class_predict/requirements.txt"}],"evidence":{"identity":[{"field":"purl","confidence":0.5,"methods":[{"technique":"manifest-analysis","confidence":0.5,"value":"azdo-workspace/PIA-AI/services/multi_acc_class_predict/requirements.txt"}],"concludedValue":"azdo-workspace/PIA-AI/services/multi_acc_class_predict/requirements.txt"}]}},{"authors":[{"name":"Eli Bendersky <eliben@gmail.com>"}],"group":"","name":"pycparser","version":"2.19","description":"C parser in Python","licenses":[{"license":{"id":"0BSD","url":"https://opensource.org/licenses/0BSD"}}],"purl":"pkg:pypi/pycparser@2.19","externalReferences":[{"type":"vcs","url":"https://github.com/eliben/pycparser"}],"type":"library","bom-ref":"pkg:pypi/pycparser@2.19","properties":[{"name":"SrcFile","value":"azdo-workspace/PIA-AI/services/multi_acc_class_predict/requirements.txt"}],"evidence":{"identity":[{"field":"purl","confidence":0.5,"methods":[{"technique":"manifest-analysis","confidence":0.5,"value":"azdo-workspace/PIA-AI/services/multi_acc_class_predict/requirements.txt"}],"concludedValue":"azdo-workspace/PIA-AI/services/multi_acc_class_predict/requirements.txt"}]},"tags":["parse"]},{"authors":[{"name":"Paul McGuire <ptmcg@users.sourceforge.net>"}],"group":"","name":"pyparsing","version":"2.4.7","description":"Python parsing module","licenses":[{"license":{"id":"MIT","url":"https://opensource.org/licenses/MIT"}}],"purl":"pkg:pypi/pyparsing@2.4.7","externalReferences":[{"type":"vcs","url":"https://github.com/pyparsing/pyparsing/"}],"type":"library","bom-ref":"pkg:pypi/pyparsing@2.4.7","properties":[{"name":"SrcFile","value":"azdo-workspace/PIA-AI/services/multi_acc_class_predict/requirements.txt"}],"evidence":{"identity":[{"field":"purl","confidence":0.5,"methods":[{"technique":"manifest-analysis","confidence":0.5,"value":"azdo-workspace/PIA-AI/services/multi_acc_class_predict/requirements.txt"}],"concludedValue":"azdo-workspace/PIA-AI/services/multi_acc_class_predict/requirements.txt"}]}},{"authors":[{"name":"Gustavo Niemeyer <gustavo@niemeyer.net>"}],"group":"","name":"python-dateutil","version":"2.8.0","description":"Extensions to the standard Python datetime module","licenses":[{"expression":"Dual License"}],"purl":"pkg:pypi/python-dateutil@2.8.0","externalReferences":[{"type":"website","url":"https://dateutil.readthedocs.io"}],"type":"library","bom-ref":"pkg:pypi/python-dateutil@2.8.0","properties":[{"name":"SrcFile","value":"azdo-workspace/PIA-AI/services/multi_acc_class_predict/requirements.txt"}],"evidence":{"identity":[{"field":"purl","confidence":0.5,"methods":[{"technique":"manifest-analysis","confidence":0.5,"value":"azdo-workspace/PIA-AI/services/multi_acc_class_predict/requirements.txt"}],"concludedValue":"azdo-workspace/PIA-AI/services/multi_acc_class_predict/requirements.txt"}]}},{"authors":[{"name":"Stuart Bishop <stuart@stuartbishop.net>"}],"group":"","name":"pytz","version":"2018.9","description":"World timezone definitions, modern and historical","licenses":[{"license":{"id":"MIT","url":"https://opensource.org/licenses/MIT"}}],"purl":"pkg:pypi/pytz@2018.9","externalReferences":[{"type":"website","url":"http://pythonhosted.org/pytz"}],"type":"library","bom-ref":"pkg:pypi/pytz@2018.9","properties":[{"name":"SrcFile","value":"azdo-workspace/PIA-AI/services/multi_acc_class_predict/requirements.txt"}],"evidence":{"identity":[{"field":"purl","confidence":0.5,"methods":[{"technique":"manifest-analysis","confidence":0.5,"value":"azdo-workspace/PIA-AI/services/multi_acc_class_predict/requirements.txt"}],"concludedValue":"azdo-workspace/PIA-AI/services/multi_acc_class_predict/requirements.txt"}]}},{"authors":[{"name":"Matthew Barnett <regex@mrabarnett.plus.com>"}],"group":"","name":"regex","version":"2020.11.13","description":"Alternative regular expression module, to replace re.","licenses":[{"license":{"id":"Apache-2.0","url":"https://opensource.org/licenses/Apache-2.0"}}],"purl":"pkg:pypi/regex@2020.11.13","externalReferences":[{"type":"website","url":"https://bitbucket.org/mrabarnett/mrab-regex"}],"type":"library","bom-ref":"pkg:pypi/regex@2020.11.13","properties":[{"name":"SrcFile","value":"azdo-workspace/PIA-AI/services/multi_acc_class_predict/requirements.txt"}],"evidence":{"identity":[{"field":"purl","confidence":0.5,"methods":[{"technique":"manifest-analysis","confidence":0.5,"value":"azdo-workspace/PIA-AI/services/multi_acc_class_predict/requirements.txt"}],"concludedValue":"azdo-workspace/PIA-AI/services/multi_acc_class_predict/requirements.txt"}]}},{"authors":[{"name":"Kenneth Reitz <me@kennethreitz.org>"}],"group":"","name":"requests","version":"2.21.0","description":"Python HTTP for Humans.","licenses":[{"license":{"id":"Apache-2.0","url":"https://opensource.org/licenses/Apache-2.0"}}],"purl":"pkg:pypi/requests@2.21.0","externalReferences":[{"type":"website","url":"http://python-requests.org"}],"type":"library","bom-ref":"pkg:pypi/requests@2.21.0","properties":[{"name":"SrcFile","value":"azdo-workspace/PIA-AI/services/multi_acc_class_predict/requirements.txt"}],"evidence":{"identity":[{"field":"purl","confidence":0.5,"methods":[{"technique":"manifest-analysis","confidence":0.5,"value":"azdo-workspace/PIA-AI/services/multi_acc_class_predict/requirements.txt"}],"concludedValue":"azdo-workspace/PIA-AI/services/multi_acc_class_predict/requirements.txt"}]}},{"group":"","name":"scikit-learn","version":"0.24.0","description":"A set of python modules for machine learning and data mining","licenses":[{"expression":"OSI Approved"}],"purl":"pkg:pypi/scikit-learn@0.24.0","externalReferences":[{"type":"website","url":"http://scikit-learn.org"}],"type":"framework","bom-ref":"pkg:pypi/scikit-learn@0.24.0","properties":[{"name":"SrcFile","value":"azdo-workspace/PIA-AI/services/multi_acc_class_predict/requirements.txt"}],"evidence":{"identity":[{"field":"purl","confidence":0.5,"methods":[{"technique":"manifest-analysis","confidence":0.5,"value":"azdo-workspace/PIA-AI/services/multi_acc_class_predict/requirements.txt"}],"concludedValue":"azdo-workspace/PIA-AI/services/multi_acc_class_predict/requirements.txt"}]},"tags":["framework"]},{"group":"","name":"scipy","version":"1.6.0","description":"SciPy: Scientific Library for Python","licenses":[{"license":{"id":"0BSD","url":"https://opensource.org/licenses/0BSD"}}],"purl":"pkg:pypi/scipy@1.6.0","externalReferences":[{"type":"website","url":"https://www.scipy.org"}],"type":"framework","bom-ref":"pkg:pypi/scipy@1.6.0","properties":[{"name":"SrcFile","value":"azdo-workspace/PIA-AI/services/multi_acc_class_predict/requirements.txt"}],"evidence":{"identity":[{"field":"purl","confidence":0.5,"methods":[{"technique":"manifest-analysis","confidence":0.5,"value":"azdo-workspace/PIA-AI/services/multi_acc_class_predict/requirements.txt"}],"concludedValue":"azdo-workspace/PIA-AI/services/multi_acc_class_predict/requirements.txt"}]},"tags":["framework"]},{"authors":[{"name":"Benjamin Peterson <benjamin@python.org>"}],"group":"","name":"six","version":"1.12.0","description":"Python 2 and 3 compatibility utilities","licenses":[{"license":{"id":"MIT","url":"https://opensource.org/licenses/MIT"}}],"purl":"pkg:pypi/six@1.12.0","externalReferences":[{"type":"vcs","url":"https://github.com/benjaminp/six"}],"type":"library","bom-ref":"pkg:pypi/six@1.12.0","properties":[{"name":"SrcFile","value":"azdo-workspace/PIA-AI/services/multi_acc_class_predict/requirements.txt"}],"evidence":{"identity":[{"field":"purl","confidence":0.5,"methods":[{"technique":"manifest-analysis","confidence":0.5,"value":"azdo-workspace/PIA-AI/services/multi_acc_class_predict/requirements.txt"}],"concludedValue":"azdo-workspace/PIA-AI/services/multi_acc_class_predict/requirements.txt"}]}},{"authors":[{"name":"Thomas Moreau <thomas.moreau.2010@gmail.com>"}],"group":"","name":"threadpoolctl","version":"2.1.0","description":"threadpoolctl","licenses":[{"license":{"id":"0BSD","url":"https://opensource.org/licenses/0BSD"}}],"purl":"pkg:pypi/threadpoolctl@2.1.0","externalReferences":[{"type":"vcs","url":"https://github.com/joblib/threadpoolctl"}],"type":"library","bom-ref":"pkg:pypi/threadpoolctl@2.1.0","properties":[{"name":"SrcFile","value":"azdo-workspace/PIA-AI/services/multi_acc_class_predict/requirements.txt"}],"evidence":{"identity":[{"field":"purl","confidence":0.5,"methods":[{"technique":"manifest-analysis","confidence":0.5,"value":"azdo-workspace/PIA-AI/services/multi_acc_class_predict/requirements.txt"}],"concludedValue":"azdo-workspace/PIA-AI/services/multi_acc_class_predict/requirements.txt"}]}},{"group":"","name":"tqdm","version":"4.56.0","description":"Fast, Extensible Progress Meter","licenses":[{"expression":"MPLv2.0, MIT Licences"}],"purl":"pkg:pypi/tqdm@4.56.0","externalReferences":[{"type":"vcs","url":"https://github.com/tqdm/tqdm"}],"type":"library","bom-ref":"pkg:pypi/tqdm@4.56.0","properties":[{"name":"SrcFile","value":"azdo-workspace/PIA-AI/services/multi_acc_class_predict/requirements.txt"}],"evidence":{"identity":[{"field":"purl","confidence":0.5,"methods":[{"technique":"manifest-analysis","confidence":0.5,"value":"azdo-workspace/PIA-AI/services/multi_acc_class_predict/requirements.txt"}],"concludedValue":"azdo-workspace/PIA-AI/services/multi_acc_class_predict/requirements.txt"}]}},{"authors":[{"name":"Andrey Petrov <andrey.petrov@shazow.net>"}],"group":"","name":"urllib3","version":"1.24.1","description":"HTTP library with thread-safe connection pooling, file post, and more.","licenses":[{"license":{"id":"MIT","url":"https://opensource.org/licenses/MIT"}}],"purl":"pkg:pypi/urllib3@1.24.1","externalReferences":[{"type":"website","url":"https://urllib3.readthedocs.io/"}],"type":"library","bom-ref":"pkg:pypi/urllib3@1.24.1","properties":[{"name":"SrcFile","value":"azdo-workspace/PIA-AI/services/multi_acc_class_predict/requirements.txt"}],"evidence":{"identity":[{"field":"purl","confidence":0.5,"methods":[{"technique":"manifest-analysis","confidence":0.5,"value":"azdo-workspace/PIA-AI/services/multi_acc_class_predict/requirements.txt"}],"concludedValue":"azdo-workspace/PIA-AI/services/multi_acc_class_predict/requirements.txt"}]}},{"group":"","name":"Werkzeug","version":"3.1.3","description":"The comprehensive WSGI web application library.","hashes":[{"alg":"SHA-256","content":"54b78bf3716d19a65be4fceccc0d1d7b89e608834989dfae50ea87564639213e"}],"licenses":[{"license":{"id":"0BSD","url":"https://opensource.org/licenses/0BSD"}}],"purl":"pkg:pypi/werkzeug@3.1.3","type":"library","bom-ref":"pkg:pypi/werkzeug@3.1.3","properties":[{"name":"SrcFile","value":"azdo-workspace/PIA-AI/services/multi_acc_class_predict/requirements.txt"}],"evidence":{"identity":[{"field":"version","confidence":0.5,"methods":[{"technique":"source-code-analysis","confidence":0.5,"value":"PyPI package: Werkzeug"}],"concludedValue":"PyPI package: Werkzeug"}]},"tags":["web"]},{"group":"","name":"yupana-datasci-tools","version":"0.0.1","purl":"pkg:pypi/yupana-datasci-tools@0.0.1","type":"library","bom-ref":"pkg:pypi/yupana-datasci-tools@0.0.1","properties":[{"name":"SrcFile","value":"azdo-workspace/PIA-AI/services/multi_acc_class_predict/requirements.txt"}],"evidence":{"identity":[{"field":"purl","confidence":0.5,"methods":[{"technique":"manifest-analysis","confidence":0.5,"value":"azdo-workspace/PIA-AI/services/multi_acc_class_predict/requirements.txt"}],"concludedValue":"azdo-workspace/PIA-AI/services/multi_acc_class_predict/requirements.txt"}]}},{"group":"","name":"yupana-ml","version":"0.1.0","purl":"pkg:pypi/yupana-ml@0.1.0","type":"library","bom-ref":"pkg:pypi/yupana-ml@0.1.0","properties":[{"name":"SrcFile","value":"azdo-workspace/PIA-AI/services/multi_acc_class_predict/requirements.txt"}],"evidence":{"identity":[{"field":"purl","confidence":0.5,"methods":[{"technique":"manifest-analysis","confidence":0.5,"value":"azdo-workspace/PIA-AI/services/multi_acc_class_predict/requirements.txt"}],"concludedValue":"azdo-workspace/PIA-AI/services/multi_acc_class_predict/requirements.txt"}]}},{"authors":[{"name":"Tomaz Solc <tomaz.solc@tablix.org>"}],"group":"","name":"Unidecode","version":"1.1.1","description":"ASCII transliterations of Unicode text","licenses":[{"license":{"id":"GPL-2.0-or-later","url":"https://opensource.org/licenses/GPL-2.0-or-later"}},{"license":{"name":"GPL"}}],"purl":"pkg:pypi/unidecode@1.1.1","type":"library","bom-ref":"pkg:pypi/unidecode@1.1.1","properties":[{"name":"SrcFile","value":"azdo-workspace/PIA-AI/services/documentclassifier_train/requirements.txt"},{"name":"SrcFile","value":"azdo-workspace/PIA-AI/services/documentclassifier_predict/requirements.txt"}],"evidence":{"identity":[{"field":"purl","confidence":0.5,"methods":[{"technique":"manifest-analysis","confidence":0.5,"value":"azdo-workspace/PIA-AI/services/documentclassifier_predict/requirements.txt"}],"concludedValue":"azdo-workspace/PIA-AI/services/documentclassifier_predict/requirements.txt"}]}},{"group":"","name":"scikit-learn","version":"0.22.0","description":"A set of python modules for machine learning and data mining","licenses":[{"expression":"OSI Approved"}],"purl":"pkg:pypi/scikit-learn@0.22.0","externalReferences":[{"type":"website","url":"http://scikit-learn.org"}],"type":"framework","bom-ref":"pkg:pypi/scikit-learn@0.22.0","properties":[{"name":"SrcFile","value":"azdo-workspace/PIA-AI/services/accountclassifier_predict/requirements.txt"},{"name":"cdx:pypi:latest_version","value":"0.22"},{"name":"cdx:pypi:resolved_from","value":"scikit-learn"}],"evidence":{"identity":[{"field":"purl","confidence":0.5,"methods":[{"technique":"manifest-analysis","confidence":0.5,"value":"azdo-workspace/PIA-AI/services/accountclassifier_predict/requirements.txt"}],"concludedValue":"azdo-workspace/PIA-AI/services/accountclassifier_predict/requirements.txt"}]},"tags":["framework"]},{"authors":[{"name":"Bernie Hackett <bernie@mongodb.com>"}],"group":"","name":"pymongo","version":"3.12.0","description":"Python driver for MongoDB <http://www.mongodb.org>","licenses":[{"license":{"id":"Apache-2.0","url":"https://opensource.org/licenses/Apache-2.0"}}],"purl":"pkg:pypi/pymongo@3.12.0","externalReferences":[{"type":"vcs","url":"http://github.com/mongodb/mongo-python-driver"}],"type":"library","bom-ref":"pkg:pypi/pymongo@3.12.0","properties":[{"name":"SrcFile","value":"azdo-workspace/PIA-AI/services/account_class_preprocess/requirements.txt"}],"evidence":{"identity":[{"field":"purl","confidence":0.5,"methods":[{"technique":"manifest-analysis","confidence":0.5,"value":"azdo-workspace/PIA-AI/services/account_class_preprocess/requirements.txt"}],"concludedValue":"azdo-workspace/PIA-AI/services/account_class_preprocess/requirements.txt"}]}},{"authors":[{"name":"The MongoDB Python Team"}],"group":"","name":"pymongo","version":"4.15.1","description":"PyMongo - the Official MongoDB Python driver","hashes":[{"alg":"SHA-256","content":"97ccf8222abd5b79daa29811f64ef8b6bb678b9c9a1c1a2cfa0a277f89facd1d"}],"licenses":[{"license":{"id":"Apache-2.0","url":"https://opensource.org/licenses/Apache-2.0"}}],"purl":"pkg:pypi/pymongo@4.15.1","type":"library","bom-ref":"pkg:pypi/pymongo@4.15.1","properties":[{"name":"SrcFile","value":"azdo-workspace/PIA-AI/services/account_class_predictor_train/requirements.txt"}],"evidence":{"identity":[{"field":"version","confidence":0.5,"methods":[{"technique":"source-code-analysis","confidence":0.5,"value":"PyPI package: pymongo"}],"concludedValue":"PyPI package: pymongo"}]}},{"authors":[{"name":"Giampaolo Rodola <g.rodola@gmail.com>"}],"group":"","name":"psutil","version":"7.1.0","description":"Cross-platform lib for process and system monitoring.","hashes":[{"alg":"SHA-256","content":"76168cef4397494250e9f4e73eb3752b146de1dd950040b29186d0cce1d5ca13"}],"licenses":[{"license":{"id":"BSD-3-Clause","url":"https://opensource.org/licenses/BSD-3-Clause"}}],"purl":"pkg:pypi/psutil@7.1.0","externalReferences":[{"type":"vcs","url":"https://github.com/giampaolo/psutil"}],"type":"library","bom-ref":"pkg:pypi/psutil@7.1.0","properties":[{"name":"SrcFile","value":"azdo-workspace/PIA-AI/services/account_class_predictor_train/requirements.txt"}],"evidence":{"identity":[{"field":"version","confidence":0.5,"methods":[{"technique":"source-code-analysis","confidence":0.5,"value":"PyPI package: psutil"}],"concludedValue":"PyPI package: psutil"}]}},{"authors":[{"name":"Travis E. Oliphant et al."}],"group":"","name":"numpy","version":"1.17.4","description":"NumPy is the fundamental package for array computing with Python.","licenses":[{"expression":"OSI Approved"}],"purl":"pkg:pypi/numpy@1.17.4","externalReferences":[{"type":"website","url":"https://www.numpy.org"}],"type":"framework","bom-ref":"pkg:pypi/numpy@1.17.4","properties":[{"name":"SrcFile","value":"azdo-workspace/PIA-AI/prototypes/kubeflow-investigation/requirements.txt"}],"evidence":{"identity":[{"field":"purl","confidence":0.5,"methods":[{"technique":"manifest-analysis","confidence":0.5,"value":"azdo-workspace/PIA-AI/prototypes/kubeflow-investigation/requirements.txt"}],"concludedValue":"azdo-workspace/PIA-AI/prototypes/kubeflow-investigation/requirements.txt"}]},"tags":["framework"]},{"group":"","name":"scipy","version":"1.4.0","description":"SciPy: Scientific Library for Python","licenses":[{"license":{"id":"0BSD","url":"https://opensource.org/licenses/0BSD"}}],"purl":"pkg:pypi/scipy@1.4.0","externalReferences":[{"type":"website","url":"https://www.scipy.org"}],"type":"framework","bom-ref":"pkg:pypi/scipy@1.4.0","properties":[{"name":"SrcFile","value":"azdo-workspace/PIA-AI/prototypes/kubeflow-investigation/requirements.txt"}],"evidence":{"identity":[{"field":"purl","confidence":0.5,"methods":[{"technique":"manifest-analysis","confidence":0.5,"value":"azdo-workspace/PIA-AI/prototypes/kubeflow-investigation/requirements.txt"}],"concludedValue":"azdo-workspace/PIA-AI/prototypes/kubeflow-investigation/requirements.txt"}]},"tags":["framework"]},{"authors":[{"name":"Microsoft Corporation <azpysdkhelp@microsoft.com>"}],"group":"","name":"azure-common","version":"1.1.23","description":"Microsoft Azure Client Library for Python (Common)","licenses":[{"license":{"id":"MIT","url":"https://opensource.org/licenses/MIT"}}],"purl":"pkg:pypi/azure-common@1.1.23","externalReferences":[{"type":"vcs","url":"https://github.com/Azure/azure-sdk-for-python"}],"type":"framework","bom-ref":"pkg:pypi/azure-common@1.1.23","properties":[{"name":"SrcFile","value":"azdo-workspace/PIA-AI/prototypes/kubeflow-investigation/requirements.txt"}],"evidence":{"identity":[{"field":"purl","confidence":0.5,"methods":[{"technique":"manifest-analysis","confidence":0.5,"value":"azdo-workspace/PIA-AI/prototypes/kubeflow-investigation/requirements.txt"}],"concludedValue":"azdo-workspace/PIA-AI/prototypes/kubeflow-investigation/requirements.txt"}]},"tags":["azure","framework"]},{"authors":[{"name":"Microsoft Corporation <azpysdkhelp@microsoft.com>"}],"group":"","name":"azure-nspkg","version":"3.0.2","description":"Microsoft Azure Namespace Package [Internal]","licenses":[{"license":{"id":"MIT","url":"https://opensource.org/licenses/MIT"}}],"purl":"pkg:pypi/azure-nspkg@3.0.2","externalReferences":[{"type":"vcs","url":"https://github.com/Azure/azure-sdk-for-python"}],"type":"framework","bom-ref":"pkg:pypi/azure-nspkg@3.0.2","properties":[{"name":"SrcFile","value":"azdo-workspace/PIA-AI/prototypes/kubeflow-investigation/requirements.txt"}],"evidence":{"identity":[{"field":"purl","confidence":0.5,"methods":[{"technique":"manifest-analysis","confidence":0.5,"value":"azdo-workspace/PIA-AI/prototypes/kubeflow-investigation/requirements.txt"}],"concludedValue":"azdo-workspace/PIA-AI/prototypes/kubeflow-investigation/requirements.txt"}]},"tags":["azure","framework"]},{"authors":[{"name":"Microsoft Corporation <ascl@microsoft.com>"}],"group":"","name":"azure-storage-blob","version":"12.1.0","description":"Microsoft Azure Blob Storage Client Library for Python","licenses":[{"license":{"id":"MIT","url":"https://opensource.org/licenses/MIT"}}],"purl":"pkg:pypi/azure-storage-blob@12.1.0","externalReferences":[{"type":"vcs","url":"https://github.com/Azure/azure-sdk-for-python/tree/master/sdk/storage/azure-storage-blob"}],"type":"framework","bom-ref":"pkg:pypi/azure-storage-blob@12.1.0","properties":[{"name":"SrcFile","value":"azdo-workspace/PIA-AI/prototypes/kubeflow-investigation/requirements.txt"}],"evidence":{"identity":[{"field":"purl","confidence":0.5,"methods":[{"technique":"manifest-analysis","confidence":0.5,"value":"azdo-workspace/PIA-AI/prototypes/kubeflow-investigation/requirements.txt"}],"concludedValue":"azdo-workspace/PIA-AI/prototypes/kubeflow-investigation/requirements.txt"}]},"tags":["azure","framework"]},{"authors":[{"name":"Microsoft Corporation <ascl@microsoft.com>"}],"group":"","name":"azure-storage-common","version":"2.1.0","description":"Microsoft Azure Storage Common Client Library for Python","licenses":[{"license":{"id":"MIT","url":"https://opensource.org/licenses/MIT"}}],"purl":"pkg:pypi/azure-storage-common@2.1.0","externalReferences":[{"type":"vcs","url":"https://github.com/Azure/azure-storage-python"}],"type":"framework","bom-ref":"pkg:pypi/azure-storage-common@2.1.0","properties":[{"name":"SrcFile","value":"azdo-workspace/PIA-AI/prototypes/kubeflow-investigation/requirements.txt"}],"evidence":{"identity":[{"field":"purl","confidence":0.5,"methods":[{"technique":"manifest-analysis","confidence":0.5,"value":"azdo-workspace/PIA-AI/prototypes/kubeflow-investigation/requirements.txt"}],"concludedValue":"azdo-workspace/PIA-AI/prototypes/kubeflow-investigation/requirements.txt"}]},"tags":["azure","framework"]},{"authors":[{"name":"Microsoft Corporation <ascl@microsoft.com>"}],"group":"","name":"azure-storage-file","version":"2.1.0","description":"Microsoft Azure Storage File Client Library for Python","licenses":[{"license":{"id":"MIT","url":"https://opensource.org/licenses/MIT"}}],"purl":"pkg:pypi/azure-storage-file@2.1.0","externalReferences":[{"type":"vcs","url":"https://github.com/Azure/azure-storage-python"}],"type":"framework","bom-ref":"pkg:pypi/azure-storage-file@2.1.0","properties":[{"name":"SrcFile","value":"azdo-workspace/PIA-AI/prototypes/kubeflow-investigation/requirements.txt"}],"evidence":{"identity":[{"field":"purl","confidence":0.5,"methods":[{"technique":"manifest-analysis","confidence":0.5,"value":"azdo-workspace/PIA-AI/prototypes/kubeflow-investigation/requirements.txt"}],"concludedValue":"azdo-workspace/PIA-AI/prototypes/kubeflow-investigation/requirements.txt"}]},"tags":["azure","framework"]},{"authors":[{"name":"Microsoft Corporation <ascl@microsoft.com>"}],"group":"","name":"azure-storage-nspkg","version":"3.1.0","description":"Microsoft Azure Storage Namespace Package [Internal]","licenses":[{"license":{"id":"MIT","url":"https://opensource.org/licenses/MIT"}}],"purl":"pkg:pypi/azure-storage-nspkg@3.1.0","externalReferences":[{"type":"vcs","url":"https://github.com/Azure/azure-storage-python"}],"type":"framework","bom-ref":"pkg:pypi/azure-storage-nspkg@3.1.0","properties":[{"name":"SrcFile","value":"azdo-workspace/PIA-AI/prototypes/kubeflow-investigation/requirements.txt"}],"evidence":{"identity":[{"field":"purl","confidence":0.5,"methods":[{"technique":"manifest-analysis","confidence":0.5,"value":"azdo-workspace/PIA-AI/prototypes/kubeflow-investigation/requirements.txt"}],"concludedValue":"azdo-workspace/PIA-AI/prototypes/kubeflow-investigation/requirements.txt"}]},"tags":["azure","framework"]},{"authors":[{"name":"Microsoft Corporation <ascl@microsoft.com>"}],"group":"","name":"azure-storage-queue","version":"12.1.0","description":"Microsoft Azure Azure Queue Storage Client Library for Python","licenses":[{"license":{"id":"MIT","url":"https://opensource.org/licenses/MIT"}}],"purl":"pkg:pypi/azure-storage-queue@12.1.0","externalReferences":[{"type":"vcs","url":"https://github.com/Azure/azure-sdk-for-python/tree/master/sdk/storage/azure-storage-queue"}],"type":"framework","bom-ref":"pkg:pypi/azure-storage-queue@12.1.0","properties":[{"name":"SrcFile","value":"azdo-workspace/PIA-AI/prototypes/kubeflow-investigation/requirements.txt"}],"evidence":{"identity":[{"field":"purl","confidence":0.5,"methods":[{"technique":"manifest-analysis","confidence":0.5,"value":"azdo-workspace/PIA-AI/prototypes/kubeflow-investigation/requirements.txt"}],"concludedValue":"azdo-workspace/PIA-AI/prototypes/kubeflow-investigation/requirements.txt"}]},"tags":["azure","framework"]},{"authors":[{"name":"Armin Ronacher <armin.ronacher@active-4.com>"}],"group":"","name":"Flask","version":"1.1.1","description":"A simple framework for building complex web applications.","licenses":[{"license":{"id":"0BSD","url":"https://opensource.org/licenses/0BSD"}},{"license":{"id":"BSD-3-Clause","url":"https://opensource.org/licenses/BSD-3-Clause"}}],"purl":"pkg:pypi/flask@1.1.1","externalReferences":[{"type":"website","url":"https://palletsprojects.com/p/flask/"}],"type":"framework","bom-ref":"pkg:pypi/flask@1.1.1","properties":[{"name":"SrcFile","value":"azdo-workspace/PIA-AI/prototypes/kubeflow-investigation/requirements.txt"}],"evidence":{"identity":[{"field":"purl","confidence":0.5,"methods":[{"technique":"manifest-analysis","confidence":0.5,"value":"azdo-workspace/PIA-AI/prototypes/kubeflow-investigation/requirements.txt"}],"concludedValue":"azdo-workspace/PIA-AI/prototypes/kubeflow-investigation/requirements.txt"}]},"tags":["framework","web"]},{"authors":[{"name":"Benoit Chesneau <benoitc@e-engura.com>"}],"group":"","name":"gunicorn","version":"20.0.4","description":"WSGI HTTP Server for UNIX","licenses":[{"license":{"id":"MIT","url":"https://opensource.org/licenses/MIT"}}],"purl":"pkg:pypi/gunicorn@20.0.4","externalReferences":[{"type":"website","url":"http://gunicorn.org"}],"type":"library","bom-ref":"pkg:pypi/gunicorn@20.0.4","properties":[{"name":"SrcFile","value":"azdo-workspace/PIA-AI/prototypes/kubeflow-investigation/requirements.txt"}],"evidence":{"identity":[{"field":"purl","confidence":0.5,"methods":[{"technique":"manifest-analysis","confidence":0.5,"value":"azdo-workspace/PIA-AI/prototypes/kubeflow-investigation/requirements.txt"}],"concludedValue":"azdo-workspace/PIA-AI/prototypes/kubeflow-investigation/requirements.txt"}]}},{"authors":[{"name":"Brian Brazil <brian.brazil@robustperception.io>"}],"group":"","name":"prometheus-client","version":"0.7.1","description":"Python client for the Prometheus monitoring system.","licenses":[{"expression":"Apache Software License 2.0"}],"purl":"pkg:pypi/prometheus-client@0.7.1","externalReferences":[{"type":"vcs","url":"https://github.com/prometheus/client_python"}],"type":"library","bom-ref":"pkg:pypi/prometheus-client@0.7.1","properties":[{"name":"SrcFile","value":"azdo-workspace/PIA-AI/prototypes/kubeflow-investigation/requirements.txt"}],"evidence":{"identity":[{"field":"purl","confidence":0.5,"methods":[{"technique":"manifest-analysis","confidence":0.5,"value":"azdo-workspace/PIA-AI/prototypes/kubeflow-investigation/requirements.txt"}],"concludedValue":"azdo-workspace/PIA-AI/prototypes/kubeflow-investigation/requirements.txt"}]}},{"group":"","name":"pandas","version":"0.25.3","description":"Powerful data structures for data analysis, time series, and statistics","licenses":[{"license":{"id":"0BSD","url":"https://opensource.org/licenses/0BSD"}}],"purl":"pkg:pypi/pandas@0.25.3","externalReferences":[{"type":"website","url":"http://pandas.pydata.org"}],"type":"framework","bom-ref":"pkg:pypi/pandas@0.25.3","properties":[{"name":"SrcFile","value":"azdo-workspace/PIA-AI/prototypes/kubeflow-investigation/requirements.txt"}],"evidence":{"identity":[{"field":"purl","confidence":0.5,"methods":[{"technique":"manifest-analysis","confidence":0.5,"value":"azdo-workspace/PIA-AI/prototypes/kubeflow-investigation/requirements.txt"}],"concludedValue":"azdo-workspace/PIA-AI/prototypes/kubeflow-investigation/requirements.txt"}]},"tags":["framework"]},{"group":"","name":"scikit-learn","version":"0.22","description":"A set of python modules for machine learning and data mining","licenses":[{"expression":"OSI Approved"}],"purl":"pkg:pypi/scikit-learn@0.22","externalReferences":[{"type":"website","url":"http://scikit-learn.org"}],"type":"framework","bom-ref":"pkg:pypi/scikit-learn@0.22","properties":[{"name":"SrcFile","value":"azdo-workspace/PIA-AI/prototypes/kubeflow-investigation/requirements.txt"}],"evidence":{"identity":[{"field":"purl","confidence":0.5,"methods":[{"technique":"manifest-analysis","confidence":0.5,"value":"azdo-workspace/PIA-AI/prototypes/kubeflow-investigation/requirements.txt"}],"concludedValue":"azdo-workspace/PIA-AI/prototypes/kubeflow-investigation/requirements.txt"}]},"tags":["framework"]},{"authors":[{"name":"Kenneth Reitz <me@kennethreitz.org>"}],"group":"","name":"requests","version":"2.22.0","description":"Python HTTP for Humans.","licenses":[{"license":{"id":"Apache-2.0","url":"https://opensource.org/licenses/Apache-2.0"}}],"purl":"pkg:pypi/requests@2.22.0","externalReferences":[{"type":"website","url":"http://python-requests.org"}],"type":"library","bom-ref":"pkg:pypi/requests@2.22.0","properties":[{"name":"SrcFile","value":"azdo-workspace/PIA-AI/ai_tests/requirements.txt"},{"name":"cdx:pypi:versionSpecifiers","value":">=2.22.0"}],"evidence":{"identity":[{"field":"purl","confidence":0.5,"methods":[{"technique":"manifest-analysis","confidence":0.5,"value":"azdo-workspace/PIA-AI/ai_tests/requirements.txt"}],"concludedValue":"azdo-workspace/PIA-AI/ai_tests/requirements.txt"}]}},{"authors":[{"name":"Daniel Fernandes Martins <daniel.tritone@gmail.com>"}],"group":"","name":"xmlrunner","version":"1.7.7","description":"PyUnit-based test runner with JUnit like XML reporting.","licenses":[{"license":{"id":"LGPL-2.1-only","url":"https://opensource.org/licenses/LGPL-2.1-only"}},{"license":{"name":"LGPL"}}],"purl":"pkg:pypi/xmlrunner@1.7.7","externalReferences":[{"type":"vcs","url":"https://github.com/pycontribs/xmlrunner"}],"type":"library","bom-ref":"pkg:pypi/xmlrunner@1.7.7","properties":[{"name":"SrcFile","value":"azdo-workspace/PIA-AI/ai_tests/requirements.txt"}],"evidence":{"identity":[{"field":"purl","confidence":0.5,"methods":[{"technique":"manifest-analysis","confidence":0.5,"value":"azdo-workspace/PIA-AI/ai_tests/requirements.txt"}],"concludedValue":"azdo-workspace/PIA-AI/ai_tests/requirements.txt"}]},"tags":["test","xml"]}],"services":[],"dependencies":[{"ref":"pkg:pypi/pia-ai@latest","dependsOn":[]}],"annotations":[{"bom-ref":"metadata-annotations","subjects":["pkg:pypi/pia-ai@latest"],"annotator":{"component":{"group":"@cyclonedx","name":"cdxgen","version":"11.7.0","purl":"pkg:npm/%40cyclonedx/cdxgen@11.7.0","type":"application","bom-ref":"pkg:npm/@cyclonedx/cdxgen@11.7.0","publisher":"OWASP Foundation","authors":[{"name":"OWASP Foundation"}]}},"timestamp":"2025-09-22T19:41:38Z","text":"This Software Bill-of-Materials (SBOM) document was created on Monday, September 22, 2025 with cdxgen. The data was captured during the build lifecycle phase. The document describes an application named 'PIA-AI'. There are 72 components."}]}