{"bomFormat":"CycloneDX","specVersion":"1.6","serialNumber":"urn:uuid:1c1785de-5c64-477d-930a-f2eb23396b1b","version":1,"metadata":{"timestamp":"2025-09-22T19:31:10Z","tools":{"components":[{"group":"@cyclonedx","name":"cdxgen","version":"11.7.0","purl":"pkg:npm/%40cyclonedx/cdxgen@11.7.0","type":"application","bom-ref":"pkg:npm/@cyclonedx/cdxgen@11.7.0","publisher":"OWASP Foundation","authors":[{"name":"OWASP Foundation"}]}]},"authors":[{"name":"OWASP Foundation"}],"lifecycles":[{"phase":"build"}],"properties":[]},"components":[],"services":[],"dependencies":[],"annotations":[]}